Date,Close,High,Low,Open,Volume,MA50,MA200,EMA12,EMA26,EMA50,Returns,Log_Return,RSI,MACD,MACD_Signal,MACD_Hist,Volatility,Vol_Ratio,BB_Upper,BB_Lower,BB_Width,BB_Pos,ATR,ATR_Pct,OBV,OBV_MA,Vol_MA20,Vol_Ratio_Vol,High_52w,Low_52w,Pct_From_High,Pct_From_Low,Label,Fwd_Return
2017-03-28,204.05462646484375,204.47951500442747,202.16426146852515,202.27699348014863,93483900,201.4832147216797,189.76668388366699,203.85438113723347,203.4972041668783,201.48781516611876,0.00727694503737597,0.007250595823474781,49.046414133618946,0.3571769703551695,0.8442704484710768,-0.4870934781159073,0.08884214508037096,,207.27861806642656,202.07110422361248,0.02544286002531776,-0.47641519421420025,1.5572461263968722,0.007631515900303136,698913300.0,950786180.0,86452635.0,1.08133083508675,,,,,0,0.0006799560066295118
2017-03-29,204.24534606933594,204.47947665285002,203.542967550248,203.7684315312076,61950400,201.66132507324218,189.90242584228517,203.91452958832616,203.5526220855789,201.5959536329116,0.000934649744513516,0.000934213231411122,48.68826772840312,0.3619075027472718,0.7477978593263158,-0.385890356579044,0.07203204434690773,,206.89786420080418,202.17425799157866,0.023094246481084105,-0.24618057791651934,1.5316345735147914,0.007498993749384339,760863700.0,934793135.0,82092245.0,0.754643754717635,,,,,0,-0.0032262708470252033
2017-03-30,204.89573669433594,205.09518767334725,204.01126673659485,204.18469144018388,56737900,201.84380859375,190.0431615447998,204.06548452771227,203.65211205659793,201.72535689022237,0.0031843595828089377,0.0031793002474826072,48.33616027745679,0.41337247111434294,0.6809127816839213,-0.2675403105695784,0.07003439630645263,,206.79806189561066,202.1918612000925,0.02252476374309263,0.34803098920660497,1.5208688415682263,0.00742264756751412,817601600.0,925149285.0,81416840.0,0.696881627928571,,,,,0,-0.0035972468669493995
2017-03-31,204.41880798339844,205.0864937077872,204.36676866759603,204.55753979783736,73733100,202.03125854492188,190.18274459838867,204.11984198243323,203.70890434747204,201.8309824232881,-0.00232766537084661,-0.002330378595022267,45.50306664434535,0.4109376349611864,0.6269177523393744,-0.215980117378188,0.07036085812818288,,206.6369237132141,202.21016033219607,0.02165486096765873,-0.004277652898876453,1.534042647002926,0.00750441049009302,743868500.0,907720065.0,81004780.0,0.9102314702910125,,,,,0,-0.002290623179834639
2017-04-03,204.0633544921875,204.67034775391,202.8320215237045,204.4709099460856,85546500,202.19726654052735,190.31791648864746,204.1111515993185,203.73515991374728,201.91852642599005,-0.001738849251287089,-0.001740362804461455,47.54330365590509,0.375991685571222,0.576732538985744,-0.20074085341452197,0.0698803511872933,,206.54984940224813,202.18014632529093,0.021381856593026043,-0.27612253372231965,1.5654446387468417,0.007671365800304798,658322000.0,888783095.0,82512530.0,1.036769809385314,,,,,0,4.2023417063052904e-05
2017-04-04,204.19337463378906,204.2800936083573,203.39561034730073,203.7771526650686,56466200,202.37606353759764,190.45703468322753,204.12380129692934,203.7691017448615,202.00773615962922,0.0006371557594215815,0.0006369528618710202,36.730360934182585,0.3546995520678422,0.5323259416021636,-0.17762638953432142,0.06919694779043836,,206.52627156483015,202.1609400440566,0.02136270182562592,-0.13765842965349706,1.4719766553831732,0.007208738569618589,714788200.0,875924620.0,82080655.0,0.6879355433993551,,,,,0,-0.0017839612668254512
2017-04-05,203.58639526367188,205.84962304568137,203.37827764951905,204.86975413896752,108800600,202.51768249511719,190.58743911743164,204.04112344565897,203.75556793144003,202.06964435978776,-0.002972571324636686,-0.0029769981897348062,35.82457256163718,0.28555551421894165,0.48297185612551924,-0.19741634190657759,0.06968524359898579,,206.51948526882768,202.10223714328168,0.021620231540657283,-0.6560337306270029,1.5806648489371895,0.007764098612237891,605987600.0,861534555.0,83612245.0,1.3012519876723798,,,,,0,-0.0031945165421273236
2017-04-06,204.15867614746094,204.67895025249734,203.2828595720796,203.72510777753564,69135800,202.6367300415039,190.71818572998046,204.05920847670544,203.78542779929344,202.15156717499065,0.0028109976752026533,0.0028070542095576362,41.76167239253959,0.27378067741199175,0.4411336203828138,-0.16735294297082204,0.07031442336626866,,206.5015178036003,202.08604017979812,0.02161337288680532,-0.12239024234895649,1.6221634283363155,0.007945601230116959,675123400.0,846067085.0,82534840.0,0.8376559523226798,,,,,-1,-0.012444932611934356
2017-04-07,203.9505615234375,204.6442735716667,203.4649670591141,203.90720203952503,74412300,202.75575958251954,190.84934349060057,204.04249356081806,203.79765992700783,202.22211597296896,-0.0010193768295848615,-0.0010198967475034259,41.84836236322571,0.24483363381023082,0.4018736230682972,-0.1570399892580664,0.06908361726032604,,206.39900959456074,202.0619095948924,0.02123630338136069,-0.25814306430779127,1.6419841574816243,0.008050893045925404,600711100.0,822779415.0,82155870.0,0.9057453837443387,,,,,0,-0.0026784918028469606
2017-04-10,204.07192993164062,204.8696940380048,203.54297606170348,204.08927636892926,67615300,202.88343292236328,190.96953659057618,204.04702223325228,203.8179762236473,202.29465769683847,0.0005950873942024426,0.000594910399913639,61.96136468225746,0.22904600960498556,0.36730810037563494,-0.13826209077064938,0.0690983183968562,,206.27547422321607,202.0605838212175,0.020644223398659105,-0.09119961025738103,1.4871382906641688,0.007287324087944509,668326400.0,800009670.0,82673795.0,0.8178564924955967,,,,,0,-0.0062462717000330015
2017-04-11,203.8291015625,203.93315370740874,202.33762573869492,203.6903565483198,88045300,203.03077026367188,191.1208394622803,204.01349597621345,203.81880032282155,202.3548319660801,-0.0011899155813440698,-0.0011906240929912325,56.03667605541724,0.19469565339190353,0.3327856109788887,-0.13808995758698517,0.06793542044990995,,206.23795971876487,202.02752490037577,0.020625965098748915,-0.2884649779692098,1.5143935012452883,0.007429721711160713,580281100.0,775831700.0,84082020.0,1.0471358799419899,,,,,0,-0.006891376526559356
2017-04-12,202.93603515625,203.74247930396604,202.71058433945345,203.5517081391927,81864400,203.1605908203125,191.28321998596192,203.84773277314216,203.7534103104829,202.37762424804754,-0.004381447003416028,-0.004391073671787034,50.0,0.0943224626592496,0.28509298131496086,-0.19077051865571126,0.060886752860243455,,205.86712788243224,202.06147929530212,0.018658405025622545,-1.080781273408982,1.4865154711066364,0.007325044415902273,498416700.0,742756420.0,83371150.0,0.9819272014359883,,,,,0,0.005597304463527353
2017-04-13,201.61793518066406,203.33487525261768,201.61793518066406,202.59780381684874,92880400,203.26249572753906,191.42363777160645,203.504686989684,203.59522696753336,202.34783251991485,-0.006495149935155986,-0.00651633520566004,42.14155484994367,-0.09053997784937451,0.20996638948209378,-0.3005063673314683,0.06406104592841931,,205.69931781474702,201.80118419941311,0.019131920555025227,-2.1880376966455786,1.4803231215109693,0.007342219431939396,405536300.0,708954320.0,84097970.0,1.1044309392961567,,,,,0,0.008946031603317639
2017-04-17,203.40428161621094,203.40428161621094,201.93881833535443,202.1382560907117,68405400,203.39753692626954,191.55821296691894,203.48924000914968,203.5810828674354,202.38926189624019,0.00886005718660976,0.008821037190162407,54.56321905141841,-0.09184285828573024,0.14960453992852898,-0.24144739821425923,0.07295782952552748,,205.40534533109272,201.88184491548932,0.017302289391768873,-0.27167700136901957,1.4648418996883399,0.007201627655273481,473941700.0,683022595.0,83068135.0,0.8234854436060229,,,,,1,0.011083769063613857
2017-04-18,202.7972412109375,203.3348749236641,202.11220908904167,202.66717600787345,83225800,203.49332763671876,191.6777114868164,203.38277865557856,203.52302052250963,202.40526108505185,-0.00298440328025551,-0.0029888654919627694,42.295091164095375,-0.14024186693106344,0.0916352585566105,-0.23187712548767395,0.07346460468322837,,205.1309374209776,201.90478187833878,0.015851952984334755,-0.8934701731557413,1.3917575419216937,0.00686280313090685,390715900.0,655556430.0,84602575.0,0.9837265591502387,,,,,1,0.02001140662667833
2017-04-19,202.4244384765625,203.73381042203994,202.19897441618463,203.3609479090441,68699900,203.58874145507812,191.79346710205078,203.23534170496072,203.4416440746617,202.4060131396209,-0.0018383027902595384,-0.0018399945424536538,39.085539517416855,-0.20630236970097826,0.03204773290509275,-0.238350102606071,0.05789621348929176,,205.1496122423724,201.86096362432684,0.016160015552630885,-1.3146426766807722,1.4344951778683566,0.007086571110999762,322016000.0,631245735.0,81447105.0,0.8434909994652358,,,,,1,0.02124710766278648
2017-04-20,204.07192993164062,204.5141780780443,202.71919891513377,203.04003523197187,92572200,203.71693267822266,191.92390800476073,203.36404758598837,203.4883319159194,202.47134320989622,0.008138797209848114,0.008105855814692331,45.589342988649236,-0.12428432993101524,0.0007813203378711567,-0.12506565026888639,0.06436955528888458,,205.2054357250672,201.8970529834289,0.016253316220855876,0.6295348723832398,1.50633936820617,0.007381413841240973,414588200.0,606685190.0,81197255.0,1.1400902653667295,,,,,1,0.01385234010500036
2017-04-21,203.42161560058594,204.04595514547796,203.02274008835104,203.99392905531317,110389800,203.8269384765625,192.04575973510742,203.3729042036188,203.48338996663543,202.50860879384484,-0.00318669172812025,-0.0031917800430081417,44.75835429392742,-0.1104857630166407,-0.021472096333031217,-0.0890136666836095,0.06536954603050193,,205.20577618357748,201.9452705693522,0.0160161966436198,-0.18881461208790068,1.5298725684274845,0.00752069815152465,304198400.0,581625670.0,81696230.0,1.3512226941194228,,,,,1,0.014877013651714677
2017-04-24,205.6587677001953,205.86688522916808,203.3955408444979,205.66743430210752,119209900,203.9582028198242,192.17935234069824,203.7245755107844,203.64452905801025,202.63214443723115,0.010997612485794006,0.01093757849825019,57.00116912701166,0.08004645277415534,-0.0011683865115939066,0.08121483928574924,0.0757595382671495,,205.5505094631223,201.88755206031522,0.017980438003808694,2.1182194855685106,1.5750881508892474,0.007658745447630879,423408300.0,568151890.0,82031480.0,1.4532213730631216,,,,,0,0.006367091745373088
2017-04-25,206.85549926757812,207.20234871676178,206.2138132319842,206.3005322100093,76698300,204.09768798828125,192.30560623168947,204.20625608875267,203.88237870316343,202.79776619528397,0.005819015550688311,0.005802150473501802,60.68215410123938,0.32387738558924184,0.06384076790857324,0.2600366176806686,0.07754968802695592,,206.15990195072487,201.70566353999777,0.02184169877331023,2.6246610532147527,1.6221665619970966,0.00784202773308309,500106600.0,562885750.0,81493670.0,0.9411565339982848,,,,,0,0.0009220681294748179
2017-04-26,206.72537231445312,207.70524096418976,206.68202606706552,206.82075787532534,84702500,204.21281311035156,192.42800689697265,204.59381243116812,204.0929708225182,202.95178996466316,-0.0006290717606529661,-0.0006292697093132865,63.096790294486155,0.500841608649921,0.1512409360568428,0.3496006725930782,0.07414095060654213,,206.62046429562878,201.5121757800548,0.025032491959607543,2.0821472917376176,1.518728669208662,0.0073466002368519166,415404100.0,548710290.0,81054600.0,1.0450054654516832,,,,,0,0.0003355488216154612
2017-04-27,206.8988037109375,207.20229359036477,206.36117000684501,207.04621534919443,57410300,204.31534729003906,192.54465606689453,204.94842647420955,204.30081029573446,203.10657481745824,0.0008389458659219251,0.0008385941475403262,61.82627375930056,0.64761617847509,0.25051598454049223,0.3971001939345978,0.07413703886275128,,207.0506304103971,201.34735542944662,0.027929985840758106,1.8935161275861843,1.4790881622873766,0.007148848305347577,472814400.0,534307825.0,80827595.0,0.7102809380880378,,,,,0,0.0006706088505912255
2017-04-28,206.4479217529297,207.18498006128496,206.3178432998386,207.15896701695812,63532800,204.3877978515625,192.65917892456054,205.1791180555511,204.45985558886005,203.23760803061398,-0.002179239076885886,-0.002181617073807012,60.55726779326031,0.719262466691049,0.3442652809706036,0.3749971857204454,0.07415553570980793,,207.28808853001604,201.2651158156871,0.029484398361161887,1.4420251803368869,1.456790322922645,0.007056454289068047,409281600.0,513891825.0,81167340.0,0.7827384758450875,,,,,0,0.006804328025951101
2017-05-01,206.9682159423828,207.39311776002236,206.55199396133193,206.9682159423828,66882500,204.4741082763672,192.77117919921875,205.45436388429442,204.64566005949138,203.3839063800951,0.0025202200392009377,0.002517049610346276,61.84419237647622,0.8087038248030467,0.43715298973709227,0.37155083506595443,0.07379685402040975,,207.6477733819051,201.1603717596965,0.031738123123557255,1.5809986921254184,1.4295387536934558,0.006907044867659392,476164100.0,500506605.0,80824810.0,0.827499625424421,,,,,0,0.004106055580454182
2017-05-02,207.04623413085938,207.22832542874272,206.6386788222267,207.10692681966847,57375700,204.5555889892578,192.88480804443358,205.69926699915055,204.8234803610742,203.5275270762035,0.0003769573415963734,0.0003768863110274507,63.33604054235264,0.875786638076363,0.5248797194049465,0.35090691867141655,0.07327634429608344,,207.99896531026832,201.10746779520042,0.03369048715638871,1.4470106511550769,1.347777497519908,0.006509548474415007,533539800.0,494267495.0,79416270.0,0.722467826806774,,,,,0,0.0028059584720503405
2017-05-03,206.79473876953125,207.14160135864626,206.11837326007554,207.04621580057147,73137700,204.6078659057617,192.99470260620117,205.86780111767067,204.96949950244138,203.65565302496148,-0.001214682133118039,-0.0012154204574070715,66.89416329519158,0.8983016152292862,0.5995640985698144,0.2987375166594718,0.07360356023658492,,208.2655277278203,201.10104179122266,0.03500278952927239,1.1788446666048609,1.3409711314859192,0.00648455149035685,460402100.0,481548190.0,80249845.0,0.9113749690108436,,,,,0,0.005828666297731155
2017-05-04,207.0375518798828,207.1762969261933,206.1877616262789,207.0982577994396,61462700,204.66862518310546,193.1067505645752,206.04776277339562,205.12268856743702,203.7882765094682,0.0011741745065485532,0.0011734857027937864,76.19452892917934,0.9250742059585946,0.6646661200475705,0.26040808591102405,0.07236300547759365,,208.5464591486374,201.16522603202665,0.03603135269796356,1.1823007098685152,1.2889422191974031,0.006225644611298389,521864800.0,477342050.0,77882950.0,0.7891675905958878,,,,,0,0.002596840175781878
2017-05-05,207.8526611328125,207.87000757135223,206.96817800766829,207.41042618596828,62001300,204.74292419433593,193.2190313720703,206.32543944407513,205.32490875746484,203.94766414175623,0.003937011646093058,0.0039292818971744066,73.72797343382466,1.0005306866102899,0.7318390333601144,0.2686916532501755,0.07287614802445067,,208.9476391423086,201.1334445368906,0.0381104855425661,1.4394928377256524,1.2257624426357654,0.005897266053536523,583866100.0,472779185.0,77526225.0,0.799746150415553,,,,,0,-0.0030037809892237144
2017-05-08,207.8180389404297,208.04348977795078,207.3931370832013,207.89607808824937,48385700,204.81135101318358,193.33464012145996,206.55507013582198,205.50958506731408,204.09944354562577,-0.00016657084010429646,-0.00016658471456742504,78.52309548700505,1.045485068507901,0.7945682403896717,0.25091682811822924,0.07263965166883295,,209.2937123947005,201.17411902619796,0.039562629502026,1.2730308582849696,1.179925311748637,0.005677684756167189,535480400.0,469517650.0,76224895.0,0.634775554626871,,,,,0,0.002670349995811172
2017-05-09,207.627197265625,208.27754973957022,207.28033467398123,208.07811201903442,51363200,204.86957122802735,193.44515296936035,206.7200127711763,205.66644523015194,204.237786828763,-0.0009183114025024253,-0.0009187333087323853,80.18078303910947,1.0535675410243641,0.8463681005166102,0.20719944050775396,0.07293565942243749,,209.567457493543,201.2559006607539,0.04046292241088909,1.0662349939881755,1.1415238160153283,0.005497949358507862,484117200.0,460307190.0,75412290.0,0.6810985318175592,,,,,0,0.0026731719190395964
2017-05-10,208.0000762939453,208.0000762939453,207.37573681053132,207.58385438215467,54293800,204.94630126953126,193.56004959106446,206.91694562083308,205.83930679043291,204.3853275921035,0.001795906476757425,0.0017942957648910427,76.74132583209894,1.0776388304001614,0.8926222464933204,0.18501658390684095,0.07258427527070786,,209.8593996474599,201.3810559799815,0.04123302341226488,1.122789343031969,1.036852379010485,0.0049848653783434544,538411000.0,458213685.0,73724715.0,0.736439605090369,,,,,-1,-0.016883917264235104
2017-05-11,207.5751953125,207.73995340874978,206.49127439660043,207.54918226903493,62358300,204.95737823486328,193.6723945617676,207.01821480416646,205.96789112540083,204.51042044388376,-0.002042696276922884,-0.002044785426446214,79.17135514789881,1.0503236787656363,0.9241625329477836,0.12616114581785265,0.07072550805036255,,209.97914882040945,201.72522282265695,0.04009637286488847,0.8350011815472871,1.0696818114430064,0.005153225604979552,476052700.0,457095485.0,72749410.0,0.8571657144710865,,,,,-1,-0.010903251833625838
2017-05-12,207.2283172607422,207.61852611513942,206.9595070106342,207.323702823502,53912700,204.98759002685546,193.78398735046386,207.05053825902425,206.06125602431499,204.61700463278018,-0.0016710958707546464,-0.0016724937089574294,65.0081123354188,0.9892822347092647,0.9371864733000799,0.052095761409184815,0.06571353148386712,,209.78300273504604,202.48240711602816,0.035416968994100836,0.6002865474432013,0.9402300057169372,0.004537169524635505,422140000.0,457925670.0,70801025.0,0.7614677894846862,,,,,0,-0.0028037138882026635
2017-05-15,208.37298583984375,208.49438446850093,207.63591423134488,207.65326067299824,61918900,205.0381057739258,193.9002359008789,207.2539917329965,206.23249526990972,204.76429801344935,0.00552370734961527,0.005508507625037713,64.65620910409224,1.0214964630867769,0.9540484712574193,0.06744799182935757,0.061616969572617045,,209.92432828488018,202.83795198855734,0.034336355984991726,1.1243239809515926,0.9204075908020997,0.004417115717243349,484058900.0,458431530.0,70476700.0,0.8785726346437901,,,,,0,-0.0032459154014533587
2017-05-16,208.18222045898438,208.69382803457566,207.7920115154225,208.6678149871021,51241800,205.0970654296875,194.0140364074707,207.39679615237924,206.37691935798932,204.89833418778406,-0.0009154995792304277,-0.000915918904918075,63.90764748725418,1.0198767943899156,0.9672141358839186,0.05266265850599705,0.06016762022769882,,209.84848143987622,203.45229675836597,0.030951718549352844,0.9579656843451992,0.91173627808988,0.004379510777047881,432817100.0,460536590.0,68877500.0,0.7439555733004247,,,,,0,-0.00012518846067299805
2017-05-17,204.48822021484375,208.1822184667827,204.4275142836807,208.1822184667827,172174100,205.09440551757814,194.11013526916503,206.94932293121994,206.23701571775632,204.88225128688444,-0.01774407168871761,-0.017903385121432528,36.238052594716834,0.7123072134636175,0.9162327513998585,-0.20392553793624102,0.0902195999570086,,209.47524100252517,204.03191536954515,0.026327600618752826,-1.6646867171064543,1.11984932036016,0.005476351249884224,260643000.0,457467940.0,74051210.0,2.3250680171195044,,,,,1,0.020311849412073757
2017-05-18,205.31195068359375,206.16174090554728,204.14997750334095,204.4101211476201,107047700,205.1158187866211,194.2162882232666,206.6974195085082,206.1684923818924,204.89910224361813,0.004028253891028788,0.004020162199303659,43.7795888765042,0.5289271266157982,0.8387716264430465,-0.30984449982724827,0.08672966331382527,,209.32851628627864,204.302642160987,0.02430123564268378,-1.1967100658376413,1.201608366128728,0.005852598263900023,367690700.0,455123065.0,74774985.0,1.4315977462248906,,,,,1,0.021075152110792805
2017-05-19,206.64730834960938,207.31500719544832,205.7454921627825,205.79751823855761,115011400,205.15875854492188,194.32642799377442,206.68971009944684,206.2039602313529,204.96765934581387,0.00650404256337489,0.006482982546051419,48.38676025006712,0.48574986809393295,0.7681672747732239,-0.28241740667929094,0.08834363418474453,,208.9226891662094,205.03103855595856,0.018802346009372313,-0.3387308308385243,1.2771698307545774,0.006180432936459255,482702100.0,464048250.0,75006065.0,1.5333613355133349,,,,,1,0.014267245905178916
2017-05-22,207.69662475585938,207.86138287656547,207.08963159914614,207.15899090437756,61010600,205.20835205078126,194.44083198547364,206.84462004658724,206.31452797390892,205.0746775971882,0.005077813084672478,0.005064964468702524,52.97869961424498,0.5300920726783147,0.7205522343542421,-0.1904601616759274,0.08151741093140018,,208.9457924589172,205.2117209688172,0.018032132070696132,0.6618706074250973,1.3217718250717252,0.006363954284887513,543712700.0,470063470.0,72096100.0,0.8462399491789431,,,,,0,0.00826625454777341
2017-05-23,208.15615844726562,208.32091653014805,207.68789723997293,208.06943948844685,48341700,205.26506439208984,194.54997581481933,207.04639518515316,206.45094504600942,205.19551998346577,0.0022125236360794887,0.002210079609972511,56.11852193209841,0.5954501391437361,0.6955318153121409,-0.1000816761684048,0.07937675338117045,,209.06782171333708,205.21975763236605,0.018576777450332406,1.052340867573346,1.2938997673291834,0.0062160052192593695,592054400.0,474660860.0,70678270.0,0.6839683540641275,,,,,0,0.005790544624791449
2017-05-24,208.64175415039062,208.7458063164518,208.05209433598128,208.39029033859103,46927700,205.34720275878905,194.66210289001464,207.29183502595893,206.61322720188952,205.33066642138442,0.0023328433169946816,0.002330126462533974,57.0556692728432,0.6786078240694167,0.692147017063596,-0.013539192994179383,0.07960034663440273,,209.26415394626721,205.21506358302966,0.019538206944966302,1.385146053629597,1.2728409587974778,0.0061006051448359855,638982100.0,485839760.0,68789530.0,0.6821924790008014,,,,,1,0.011429149395482341
2017-05-25,209.63893127441406,209.91642132642227,208.94523260730145,209.15333691485367,64071700,205.4138851928711,194.7786605834961,207.6529267564905,206.83735342948393,205.49961798424835,0.0047793747137721,0.004767989763329896,57.73260568301767,0.8155733270065753,0.7168322790521919,0.09874104795438332,0.0810558582719202,,209.65855363694257,205.09467664870195,0.022007674226418618,1.982802021560296,1.2994722168223132,0.006198620689977305,703053800.0,497351730.0,69122600.0,0.9269283852169913,,,,,0,0.009968849755551679
2017-05-26,209.59559631347656,209.76034115533866,209.37013232622007,209.44817144575288,46629900,205.4878173828125,194.89730712890625,207.9517989960268,207.04166771718707,205.66024458539457,-0.00020671237290736943,-0.00020673374085465607,57.68908872015292,0.9101312788397422,0.755492079009702,0.15463919983004026,0.08043609835694443,,209.9748968461787,205.09310089552054,0.023522873250739734,1.6892122995511818,1.2808905121343932,0.006111247252631493,656423900.0,509708845.0,68277455.0,0.6829472481070069,,,,,0,0.009432983570175857
2017-05-30,209.4134979248047,209.6649617278017,209.11867464364815,209.2747528872763,35201900,205.56533935546875,195.0107307434082,208.17667575430033,207.21735884367726,205.80743099086163,-0.0008688082759120697,-0.0008691859085649757,57.73275822208717,0.9593169106230732,0.7962570453323762,0.16305986529069705,0.08035711400929178,,210.2197250644348,205.09280087550658,0.024689475364726352,1.3709857128434308,1.2486813706032913,0.005962754946444104,621222000.0,516961740.0,66693425.0,0.5278166475930723,,,,,0,0.007081035341930386
2017-05-31,209.3614959716797,209.74303825312643,208.6677839355453,209.70834537401862,91796000,205.64633026123047,195.12470550537108,208.3589557877433,207.37618381612188,205.9468060881486,-0.0002483218781994534,-0.0002483527151821536,56.06188665708237,0.9827719716214176,0.8335600305901846,0.14921194103123303,0.08041073726158214,,210.42697249252794,205.1170796314955,0.025556341542569572,1.197364956370556,1.2808895730438021,0.006118076139545105,529426000.0,516756050.0,68414440.0,1.3417635224376607,,,,,0,0.009194783216472269
2017-06-01,211.02635192871094,211.0436983645666,209.53487600001444,209.8210326500909,68962000,205.81333984375,195.24431434631347,208.76932442481524,207.64656663927664,206.1460039642491,0.00795206372262669,0.007920612687635014,63.838597925326944,1.122757785538596,0.891399581579867,0.23135820395872897,0.08420849129967446,,210.96501354104325,205.00219989889817,0.028669632843579908,2.041147276643372,1.2932753227253764,0.006128501539761591,598388000.0,523655345.0,68205655.0,1.0110891831476436,,,,,0,0.0017261247667450519
2017-06-02,211.72879028320312,211.88488178712976,210.7836143493645,211.0784376850001,88666100,205.98485961914062,195.3722607421875,209.2246268645672,207.9489535758638,206.36493676107082,0.0033286760069164423,0.003323148228329581,67.54587497070165,1.2756732887033877,0.9682543230045711,0.30741896569881655,0.08460485399059245,,211.59775848692738,204.83857879334607,0.03246200721927963,2.077543015654778,1.3248644893868078,0.006257365791467009,687054100.0,531914810.0,69565825.0,1.2745640549795823,,,,,0,-0.003112456181088019
2017-06-05,211.5727081298828,211.8415184151761,211.373257143443,211.55536168944082,44698800,206.15759307861327,195.49767616271973,209.5858701361542,208.21737983912448,206.56916308925955,-0.0007371796396301589,-0.0007374514901506913,63.516577865497496,1.368490297029723,1.0483015178096016,0.32018877922012146,0.08417711623786339,,212.09427533160033,204.71406664838014,0.0354129605379859,1.7173157422387342,1.267878351099262,0.0059926365848704906,642355300.0,534839270.0,68700700.0,0.6506309251579678,,,,,0,-0.002582356703760058
2017-06-06,210.8963623046875,211.56404816265064,210.81830993109696,211.00908109950316,50375400,206.3197479248047,195.6176173400879,209.78748431592857,208.41582298472176,206.7388571761391,-0.003196753641684813,-0.0032018741742404285,61.01351535430439,1.371661331206809,1.1129734804890432,0.2586878507177659,0.08536553619122729,,212.39896961655458,204.7172046998517,0.03683273576860069,1.2175718317974322,1.2573484710730258,0.005961925835669473,591979900.0,537664245.0,68800185.0,0.7321986125473354,,,,,0,0.005509465677044689
2017-06-07,211.28652954101562,211.5119803176038,210.56680449890564,211.23450345653035,54144300,206.49386932373048,195.74087577819824,210.01810665824965,208.62846791481758,206.91719726887936,0.0018500425140781651,0.0018483332931890732,87.6928491419715,1.389638743432073,1.1683065330776492,0.22133221035442374,0.08521372884262422,,212.74058274394395,204.74152480000134,0.0383204827196126,1.2728877753399361,1.0566677313154875,0.005001112629427536,646124200.0,545764595.0,68939240.0,0.7853915999073967,,,,,0,0.0023803928597891932
2017-06-08,211.39060974121094,211.86753763132825,210.8616557597095,211.38194313646613,65950700,206.64058898925782,195.86469718933105,210.2292609787052,208.83307101306892,207.09262520897082,0.0004926021569922057,0.0004924808683793892,86.62555185963596,1.396189965636296,1.2138832195893787,0.1823067460469172,0.08515505720853717,,213.0623946412513,204.7587662474206,0.0397472850641148,1.194672583143479,0.9848190505592324,0.0046587644160962,712074900.0,554447790.0,69522085.0,0.9486294894636719,,,,,0,-4.1072074995152086e-05
2017-06-09,211.06979370117188,212.4572047871558,209.80376801914588,211.6594404356368,132256400,206.77707794189453,195.98503562927246,210.35857370523854,208.99875417515062,207.24859260082187,-0.0015176456533798621,-0.0015187984440439293,80.35818281610713,1.3598195300879183,1.2430704816890867,0.1167490483988316,0.08494086930075595,,213.29424204195797,204.8763786855811,0.04026042452112659,0.9429867188119786,1.031274783141758,0.0048859420623768406,579818500.0,559636080.0,73016990.0,1.8113099430694144,,,,,0,0.0016975030850876482
2017-06-12,211.02635192871094,211.07837800482417,210.17656181213624,210.826914226459,86108100,206.89969024658203,196.10993949890135,210.461308816542,209.1489466013403,207.39674002544498,-0.00020581709821743122,-0.00020583828146302315,76.51914163423936,1.3123622152016878,1.2569288283916071,0.0554333868100807,0.08452254047361343,,213.4740770690023,205.07634712533365,0.04012768573742754,0.8341015214613351,1.0089706164083176,0.004781254128627351,493710400.0,563214600.0,74626760.0,1.153850173851846,212.4572047871558,169.64861273576992,-0.006734781528723982,0.2439026086077546,1,0.01024488888975661
2017-06-13,212.05828857421875,212.11031466064384,211.21716489312982,211.56401429026786,60067000,207.05247985839844,196.24064361572266,210.7069980100307,209.3644534141461,207.57954585088711,0.004890084276566675,0.004878166650788979,78.48115363540381,1.3425445958845899,1.2740519818902039,0.068492613994386,0.08409384861415027,,213.8122657688031,205.10668869897037,0.04156210635488166,1.194090325450587,1.0411808622481584,0.0049098805297759125,553777400.0,566700525.0,74534165.0,0.8058988787222612,212.4572047871558,169.64861273576992,-0.0018776309014170431,0.24998539719568763,0,-0.0014513451818362055
2017-06-14,211.7894744873047,212.33576161637254,210.96568402890944,212.32709501261013,78602300,207.20700225830078,196.3717543029785,210.87353285268824,209.54408460475045,207.74464109153095,-0.001267642442657868,-0.0012684465809841665,73.72561467915232,1.3294482479377905,1.2851312350997213,0.044317012838069214,0.0842033645832548,,214.0680755680703,205.2116043025352,0.04224612682526525,0.9708763170254309,1.0894926913190577,0.00514422491465394,475175100.0,568818425.0,75902190.0,1.035573545374646,212.4572047871558,169.64861273576992,-0.003142893179452595,0.24840086265349987,0,-0.0004310569974355083
2017-06-15,211.38192749023438,211.50332610496415,210.15926150737687,210.43673838470633,66464900,207.35077331542968,196.49625816345215,210.95174741231074,209.6802211147863,207.88727977383306,-0.0019243024142577836,-0.0019261562627737561,64.4193215298273,1.2715262975244457,1.2824102475846662,-0.01088395006022047,0.0493069211019037,,213.74760241890587,206.22144817923865,0.03584147083671062,0.7426912316275945,1.1148888201687848,0.005274286375405918,408710200.0,576221785.0,70616730.0,0.9412061419439841,212.4572047871558,169.64861273576992,-0.005061147716777427,0.2459985618595342,0,0.001042869313395478
2017-06-16,211.42808532714844,211.59364686891837,210.54801112129442,211.54136707593415,84553100,207.5076071166992,196.6225301361084,211.0250301684396,209.80969253792424,208.0261348935709,0.0002183622671156904,0.00021833842954592782,65.15259335523692,1.2153376305153643,1.2689957241708059,-0.05365809365544161,0.04873503054689878,,213.3902171416903,207.19044692080968,0.02948195554686419,0.7340615891424316,1.161705028633453,0.005494563443810765,493263300.0,582500415.0,69492000.0,1.2167314223219938,212.4572047871558,169.64861273576992,-0.00484389061335133,0.2462706409303248,0,0.0020196084756871624
2017-06-19,213.18829345703125,213.24928213013328,212.16007521918544,212.25592595918818,65123800,207.68819946289062,196.76025070190428,211.35783990514602,210.0599592726729,208.22857248429486,0.00832532786341611,0.008290863474169796,74.75310433155562,1.2978806324731238,1.2747727058312694,0.02310792664185435,0.051574658659305515,,213.46921176570174,207.76555080754042,0.027080675504171373,1.8029908772389323,1.2527700085499731,0.0058763545982531765,558387100.0,586284665.0,66997620.0,0.9720315438070786,213.24928213013328,169.64861273576992,-0.0002859970851616434,0.2566462526226194,0,-0.005599753441074551
2017-06-20,211.75051879882812,212.83972564003517,211.7331010624758,212.83101677185903,56906400,207.84419860839844,196.89073944091797,211.41825204263557,210.18518590423997,208.36668802604126,-0.006744153888041282,-0.0067669984633621375,63.25663860679432,1.2330661383955999,1.2664313923441355,-0.03336525394853562,0.05761164807076598,,213.3566684067366,208.28348357080247,0.024064049935189118,0.7336163293200091,1.279908442619566,0.006044417033214132,501480700.0,584173065.0,66792410.0,0.8519890209082139,213.24928213013328,169.64861273576992,-0.0070282221648490725,0.24817123691210205,0,-0.006913385488599322
2017-06-21,211.69818115234375,212.25585437082108,211.2276497757447,212.1425859315533,55977600,207.9967236328125,197.0167822265625,211.46131805951376,210.29725962632173,208.49733481530802,-0.0002471665561022407,-0.00024719710678964424,54.540523260010936,1.1640584331920252,1.2459568005137136,-0.08189836732168843,0.0575714619701234,,213.22665645757186,208.767697790475,0.021132788257521996,0.6288499894508963,1.2331943142045267,0.0058252475646783505,445503100.0,576845500.0,67174205.0,0.8333198733055345,213.24928213013328,169.64861273576992,-0.007273651579483334,0.24786273072604859,0,0.002222958699573896
2017-06-22,211.6023712158203,212.20361547108342,211.428100794464,211.7069441054188,44148100,208.1521890258789,197.13952766418458,211.48301854509938,210.39393455887716,208.61910094866147,-0.0004525779862722956,-0.0004526804305996557,49.06928726614228,1.0890839862222208,1.2145822376554152,-0.12549825143319437,0.05746900424218432,,213.09133643102808,209.19907952356175,0.018434029096624723,0.46981815324535403,1.209926259836968,0.0057179239196848315,401355000.0,564964145.0,67035225.0,0.6585806193683992,213.24928213013328,169.64861273576992,-0.0077229376711709504,0.24729797552423233,0,-0.00613575280981038
2017-06-23,211.85508728027344,212.18619711182996,211.27998288906974,211.66338581653886,66986800,208.33057006835938,197.26362190246581,211.54025988897232,210.5021680937954,208.74600237343057,0.0011942969400629,0.0011935843347908102,52.049745027933945,1.0380917951769106,1.1792841491597144,-0.14119235398280372,0.05547730095811103,,213.0901780013484,209.4218535538274,0.017364354970052284,0.6532372047266976,1.241208613481762,0.005858762371090511,468341800.0,553228545.0,67180980.0,0.9971095985798362,213.24928213013328,169.64861273576992,-0.006537864211936947,0.24878761967974766,0,-0.005470560463435414
2017-06-26,211.99449157714844,212.9442900095876,211.7853723814404,212.5260250262087,56700500,208.53810119628906,197.39054801940918,211.61014168715326,210.61271057404377,208.8733941069097,0.0006580172261361206,0.0006578008277252258,58.645037755295704,0.9974311131094851,1.1429135419496685,-0.14548242884018348,0.055409516012281466,,213.0605867735644,209.69133430797854,0.015939619893228073,0.7343243546874794,1.2701028584361447,0.00599120688932586,525042300.0,546659465.0,67684510.0,0.8377175220741053,213.24928213013328,169.64861273576992,-0.005884149013074379,0.24960934344528252,0,-0.004439127402035115
2017-06-27,210.28660583496094,212.07290749838714,210.2691748047281,211.77663316835026,82247700,208.67574768066407,197.5312671661377,211.40652078681597,210.58855466744504,208.9288141746764,-0.0080562741488307,-0.008088901278968144,43.48068310017489,0.8179661193709364,1.0779240574339222,-0.2599579380629857,0.06321700598151903,,212.92592929012548,209.9133025824331,0.014249513671429523,-1.5043484769234665,1.33142834950478,0.006331493840124672,442794600.0,537738095.0,70036800.0,1.174349770406415,213.24928213013328,171.75804030805926,-0.013893018844323235,0.22431884677886504,0,0.005967052703063747
2017-06-28,212.1687774658203,212.36918779574532,211.07084849322783,211.30612088678072,70042600,208.86317840576172,197.66833084106446,211.5237910451243,210.70560820806543,209.05587155864282,0.008950506492727106,0.00891068812945871,54.118587672825946,0.8181828370588846,1.0259758133589147,-0.20779297630003013,0.07035186280142092,,212.74843308418494,210.3715269377877,0.011235140721197833,1.024520812035004,1.4083354987308963,0.006637807483043891,512837200.0,536908655.0,68949130.0,1.0158590833560917,213.24928213013328,174.83246545427784,-0.00506686190696577,0.21355479895870177,-1,-0.012074412574229476
2017-06-29,210.3040313720703,212.36916298537918,209.09283407414108,212.31688319202655,106949700,209.02077026367186,197.80935073852538,211.33613571080832,210.6758617757695,209.10481900230664,-0.008788975060434634,-0.008827825908677717,46.51639657199817,0.6602739350388163,0.9528354376948951,-0.29256150265607883,0.07245231860744898,,212.81965141400389,210.22807655230469,0.01225192662850369,-1.8827665404987257,1.4528277946757657,0.006908226082007053,405887500.0,527283630.0,70848515.0,1.5095545757028217,213.24928213013328,176.40383620128068,-0.013811304444465412,0.1921737979218817,0,0.003148851604046765
2017-06-30,210.6961212158203,211.4890667885199,210.50441979613515,211.11437281514307,86820700,209.15325408935547,197.95267250061036,211.2376719423486,210.67736247503254,209.16722301067972,0.0018643952814023645,0.00186265945369749,48.54390488083192,0.560309467316074,0.8743302436191309,-0.3140207763030569,0.07169928817326564,,212.8150791981048,210.1293818614655,0.012700000042138025,-1.1559147819390507,1.4730577392301691,0.006991385179422863,492708200.0,517566335.0,70756245.0,1.2270393941905764,213.24928213013328,176.83084414971785,-0.01197265889389924,0.19151227394147177,0,0.002357298184315626
2017-07-03,211.0534210205078,212.07291695089415,211.0534210205078,211.63723424751635,39153800,209.3058901977539,198.0886856842041,211.20932564668078,210.70521866358627,209.24119156008476,0.0016958062760039638,0.0016943700200530783,45.28893079367442,0.5041069830945162,0.800285591514208,-0.2961786084196918,0.07199268205106572,,212.80096363872673,210.09156870990608,0.01281363335395583,-0.5799747376062613,1.493974382311665,0.0070786551342681015,531862000.0,512041670.0,70478995.0,0.5555385686189197,213.24928213013328,176.83084414971785,-0.010297155927987911,0.19353284793355757,0,-8.256458021438373e-05
2017-07-05,211.54139709472656,211.75051629633847,210.6090296676008,211.41940646179233,54427600,209.42354278564454,198.2306923675537,211.26041356176475,210.7671578066337,209.33139569869817,0.0023120974389292392,0.0023094286545138065,48.860370502255705,0.49325575513105946,0.7388796242375784,-0.2456238691065189,0.0715172022060244,,212.80858138104531,210.14845444659142,0.012578709935625485,0.09455064718790158,1.4776464566884207,0.006985140861231725,586289600.0,511757155.0,70681605.0,0.7700391070632875,213.24928213013328,176.83084414971785,-0.008008866516908126,0.19629241217454257,0,0.005107484165161713
2017-07-06,209.60696411132812,210.89658126955553,209.42397151445326,210.7745906369662,65400800,209.47857208251952,198.36285530090333,211.00603672323604,210.68121753290734,209.34220230311504,-0.009144465385809153,-0.009186532660953801,42.84923921275487,0.32481919032869655,0.656067537455802,-0.3312483471271055,0.07839376825888596,,212.96585381080905,209.82322547385894,0.014866175551493601,-2.2752617708086085,1.5124473567130983,0.007215635048794443,520888800.0,505495385.0,71244430.0,0.9179777282238064,213.24928213013328,178.17164480330044,-0.017080095100073852,0.17643278391874273,1,0.01608802398112741
2017-07-07,210.96624755859375,211.11437806003448,209.61562872124975,210.18202412838315,57972300,209.56338958740236,198.50177146911622,210.99991531329107,210.70233086814338,209.4058903523495,0.0064849154846957635,0.0064639788862417315,48.31742502154154,0.29758444514769167,0.58437091899418,-0.28678647384648837,0.08208469711622926,,212.95627669950707,209.79036636689918,0.014977814180350964,-0.514321545878695,1.5454315139332704,0.007325491787514694,578861100.0,498834695.0,70845510.0,0.8182918014140911,213.24928213013328,178.8570471145705,-0.010705942588572616,0.17952437973246343,1,0.014249938738094325
2017-07-10,211.1927947998047,211.56748877726707,210.66126145687815,210.96624461769684,36663300,209.64926940917968,198.63152069091797,211.029589080447,210.73866152974793,209.47596503656342,0.0010738553860281108,0.0010732792157785195,41.81533705087525,0.29092755069908094,0.5256822453351603,-0.23475469463607934,0.08200135976532638,,212.95841212707387,209.80053104919568,0.01493939337700306,-0.23645828768075067,1.4800765508907046,0.007008177302136225,615524400.0,500619990.0,66065855.0,0.554950813850816,213.24928213013328,178.8570471145705,-0.009643583836655742,0.18079101834059064,1,0.013038184182612822
2017-07-11,211.03599548339844,211.34968756983605,209.86836899898452,211.1928348786266,50354600,209.74103088378905,198.75464935302733,211.03057468090108,210.76068626705538,209.5371427011452,-0.0007424463346624721,-0.0007427220844371198,46.7252243116796,0.26988841384570605,0.4745234790372695,-0.20463506519156344,0.08204496585756695,0.9841437482917581,212.95844608530072,209.80146144643757,0.014935118409382955,-0.43580608888710476,1.4819427063404251,0.007022227193734848,565169800.0,504192960.0,64278180.0,0.7833855905689925,213.24928213013328,178.8570471145705,-0.010378870327845733,0.17991434437702122,1,0.01432722206174697
2017-07-12,212.62184143066406,212.78740296452568,212.00317951526242,212.00317951526242,59610400,209.85410339355468,198.89081398010254,211.27538495009537,210.89854961250785,209.6581112787734,0.007514575623144726,0.007486481853799853,53.71156334116119,0.3768353375875222,0.45498585074732006,-0.07815051315979787,0.08460236327694047,1.0203530137094794,213.05619552219562,209.7600672951872,0.015591302969498264,1.4728917528810102,1.5336000553440587,0.007212805820065129,624780200.0,507743100.0,64255350.0,0.927711077754615,213.24928213013328,178.8570471145705,-0.002942287510662423,0.18878089994667557,1,0.012212738488279085
2017-07-13,212.9791259765625,213.09240773141693,212.4040216309671,212.63058514067592,39471600,209.97276123046876,199.0362755584717,211.53749895416723,211.0526663802156,209.78834714927495,0.0016803755601699777,0.0016789653087719964,55.41838167381495,0.48483257395162127,0.4609551953881803,0.023877378563440965,0.08459610467635503,1.0258530037598987,213.25372328822743,209.68150467808118,0.016892509178406945,1.692519027164222,1.5273765856176595,0.007171484898410848,664251800.0,517196935.0,62298815.0,0.6335850850453576,213.24928213013328,178.8570471145705,-0.0012668560985162937,0.19077849831734292,1,0.010964693576351658
2017-07-14,213.97250366210938,214.32976669747507,212.88329681963978,212.97914755361637,60262700,210.1163165283203,199.18099624633788,211.9121150630814,211.26895062331886,209.9524317184057,0.004664202094885939,0.004653358409315775,57.87427891790304,0.6431644397625291,0.4973970442630501,0.14576739549947904,0.08553259694473274,1.042860248781219,213.7040218265431,209.49026375695297,0.019914059396053774,2.2548621243815474,1.565966275265879,0.0073185397584483326,724514500.0,532987150.0,61988705.0,0.9721561371543412,214.32976669747507,178.8570471145705,-0.0016668848236557113,0.1963325298837399,0,0.005375349553180975
2017-07-17,213.9463653564453,214.27748849373867,213.77209491954747,213.89408555497417,33531900,210.25449279785155,199.32099403381346,212.22507664667583,211.4672776405875,210.1090565669563,-0.00012215731094744608,-0.0001221647727594378,57.320325322358016,0.7577990060883337,0.5494774366281069,0.20832156946022684,0.08556250021622407,1.0489585238854748,214.07423302902737,209.3718805573984,0.022209921502416626,1.8912308890116065,1.5192859856975929,0.007101247002567147,690982600.0,542873115.0,59437645.0,0.5641525669464192,214.32976669747507,178.8570471145705,-0.0017888385124354717,0.1961863891188903,0,0.005253834036471616
2017-07-18,214.05955505371094,214.11183483269582,213.1968988125309,213.53673067190914,42742500,210.37863067626952,199.46996925354003,212.507304093912,211.65929818970776,210.2639780762408,0.0005290564159716737,0.0005289165149675411,66.07263575001821,0.8480059042042569,0.6091831301433369,0.23882277406092,0.08056294590038064,0.9933095459005709,214.26008467182953,209.2731550742642,0.023549176922004884,1.8391558444653713,1.455800509019442,0.0068009134591266365,733725100.0,551640015.0,58318580.0,0.7329139358331427,214.32976669747507,178.8570471145705,-0.0012607284929560428,0.19681923920275152,0,0.007164788349976581
2017-07-19,215.21853637695312,215.22724524405382,214.36458874579398,214.37331090887497,51034300,210.526640625,199.6177872467041,212.9244167528414,211.92294546283705,210.4582744801903,0.005414293806933257,0.005399689210221289,63.84492936536195,1.0014712900043605,0.6876407621155417,0.3138305278888188,0.07815482007117658,0.9692592101549368,214.87247447025405,209.00756703365218,0.027672486846955356,2.236022074144488,1.3904510968450492,0.006460647489999132,784759400.0,565803950.0,58024975.0,0.8795229985019382,215.22724524405382,178.8570471145705,-4.04635904288909e-05,0.2032991701975855,0,0.0017814803465716622
2017-07-20,215.3143768310547,215.59320682076344,214.7654124223429,215.4712162072697,47135200,210.6803842163086,199.76831604003905,213.2921029187204,212.17416260122351,210.64870986649873,0.00044531691235794035,0.000445217788208406,77.0973417441565,1.117940317496874,0.7737006731918081,0.34423964430506593,0.07806753219712716,0.9738879792480716,215.41422270313845,208.8274383686389,0.031052039150794946,1.9393659370323248,1.2155557745009378,0.005645492848137667,831894600.0,585123525.0,57582855.0,0.8185630948656506,215.59320682076344,178.8570471145705,-0.0012933152849317901,0.20383501966870066,0,0.00040500769514628665
2017-07-21,215.1226806640625,215.14882056073847,214.51271428567716,214.739277784842,82340800,210.82283630371094,199.92260688781738,213.57373026415763,212.392571346619,210.8241597016973,-0.0008903082544394758,-0.0008907048142245419,74.47047927214203,1.1811589175386246,0.8551923220611715,0.3259665954774531,0.07818043265471354,0.9811118193310376,215.8403568168684,208.75333519973316,0.03338260435983177,1.594934970896319,1.188171997995791,0.005523229788360861,749553800.0,602533465.0,59492490.0,1.3840536847592024,215.59320682076344,178.8570471145705,-0.002182472090097534,0.20276323541370625,0,0.00012143325285074447
2017-07-24,215.07040405273438,215.20981240507535,214.59985931364557,215.04425085969152,46622300,210.97274047851562,200.07255920410157,213.80398777009253,212.59092932484978,210.9906790880125,-0.00024300836697810357,-0.00024303789829564933,72.98132037160221,1.2130584452427513,0.9267655466974875,0.28629289854526385,0.07825970679313125,0.9877946571975625,216.20275009591475,208.71247359793293,0.035255392512736065,1.3952981335838421,1.133397523449787,0.005269890705984272,702931500.0,614262950.0,58474265.0,0.7973131427988022,215.59320682076344,178.8570471145705,-0.002424950098097044,0.20247095388400707,0,-0.00020255619533204872
2017-07-25,215.59324645996094,215.9243695986017,215.3666962206701,215.8197966992518,54915600,211.1400390625,200.22448234558107,214.0792583377646,212.81332318670985,211.17117192612815,0.0024310290833804427,0.002428078912511741,73.08868129269209,1.265935151054748,0.9945994675689396,0.2713356834858085,0.07848031386610098,0.9934368371264153,216.62685000727336,208.64824917485552,0.03752206911602371,1.4818121269611093,1.1128603032447606,0.005161851410087822,757847100.0,625903190.0,58385020.0,0.9405768808506018,215.9243695986017,178.8570471145705,-0.0015335144395989143,0.20539419574481924,0,-0.0004042007148499227
2017-07-26,215.60194396972656,215.91563605928576,215.3405449750784,215.88078729199316,47575400,211.28461822509766,200.37962448120118,214.31351766575875,213.01988768915552,211.34492769254376,4.034221808169036e-05,4.034140435629541e-05,93.76664000552532,1.2936299766032278,1.0544055693757972,0.23922440722743055,0.07121476433931913,0.9032918874389461,216.941085973631,208.86554702197446,0.037930545585182954,1.3366921944118975,1.0026935535257653,0.0046506702818345505,805422500.0,644034585.0,56651405.0,0.8397920581140044,215.9243695986017,178.8570471145705,-0.0014932340868911884,0.20544282402033837,0,4.0411363618764184e-05
2017-07-27,215.40158081054688,216.09867597288206,214.07710133170843,216.06382719795826,70766600,211.42900543212892,200.52895835876464,214.48091199572616,213.19630940185118,211.50401212854388,-0.0009293198173010442,-0.0009297519026802037,88.97562833206398,1.284602593874979,1.1004449742756337,0.1841576195993453,0.06546409296738388,0.831792335115946,217.2355616250245,208.89435170505362,0.039148671140154474,1.1205204841052325,1.0394193172734276,0.004825495306776011,734655900.0,655125520.0,56687605.0,1.2483610835208154,216.09867597288206,178.8570471145705,-0.003225818757087922,0.20432258211535298,0,-0.0009709874035865873
2017-07-28,215.1488037109375,215.27950318408122,214.46913985863216,214.9222402295164,50088400,211.64221710205078,200.68874458312987,214.58366456729712,213.34093860993167,211.64694513177503,-0.0011735155269435582,-0.0011742046354619995,84.6040292463382,1.242725957365451,1.1289011708935972,0.11382478647185379,0.055555316729704915,0.7069630068665713,217.36383016727672,209.25056039668812,0.03803561225331958,0.9079488197092386,1.04129171952527,0.004839867577996363,684567500.0,669059520.0,53844540.0,0.9302410235095332,216.09867597288206,178.8570471145705,-0.004395548735632981,0.2029092908657918,0,0.002025036609949904
2017-07-31,215.02684020996094,215.6455021888008,214.8177077305891,215.5496514644196,65838700,211.83651489257812,200.84671905517578,214.65184543539925,213.46582020993384,211.77949003680192,-0.000566879754258065,-0.000567040491334559,85.12279495498592,1.1860252254654142,1.1403259818079607,0.04569924365745348,0.055807647465220676,0.7108499390796852,217.45388660196267,209.59357586141624,0.03681235193486475,0.7649107151720989,0.9946114257652832,0.0046255222129205084,618728800.0,675360550.0,52795440.0,1.2470527757700287,216.09867597288206,178.8570471145705,-0.004959936742303913,0.2022273859425911,0,0.004457706816470841
2017-08-01,215.506103515625,215.66294291021597,214.9832789416926,215.62809414341172,55050400,212.01369079589844,201.01009399414062,214.783269755434,213.61695230665168,211.9256317418538,0.0022288534082353095,0.0022263731991422394,81.52411384657464,1.1663174487823085,1.1455242752028303,0.020793173579478186,0.05592474647607371,0.7130363643151582,217.59084531241632,209.90188540047433,0.03597235395848634,0.9154622619535883,0.9180583177221503,0.0042600107502550975,673779200.0,682456410.0,53590270.0,1.0272461773377892,216.09867597288206,178.8570471145705,-0.002742138305981218,0.2049069745492232,0,-0.00024293003501707489
2017-08-02,215.61065673828125,215.75007839333924,214.67828937805945,215.63679663660702,47211200,212.17197143554688,201.1735196685791,214.91056006048743,213.76463411640202,212.07014252602744,0.00048515202563015336,0.00048503437743613526,80.44371637175016,1.1459259440854055,1.1456046089793455,0.0003213351060600278,0.055753791235541764,0.7115142912837049,217.73319575390178,210.1664609233443,0.03536686563067234,0.8779630506268935,0.9454442402100044,0.004384960625381475,720990400.0,689191450.0,53229450.0,0.8869375881208617,216.09867597288206,178.8570471145705,-0.002258316634304848,0.20549153760862154,0,-0.0007679264217360648
2017-08-03,215.1924285888672,215.523538435843,214.91358524827461,215.49739853466022,40856000,212.3126968383789,201.33803009033204,214.95392444946893,213.87039666991794,212.19258511672703,-0.001939737839218858,-0.001941621567014197,66.27951016285823,1.083527779550991,1.1331892430936745,-0.049661463542683526,0.0427972662418205,0.5469878122661606,217.4446752694821,211.0135278555179,0.030019952317673095,0.5991633926327443,0.8919157839365296,0.004144735898866435,680134400.0,697153730.0,52002210.0,0.7856589171883271,216.09867597288206,178.8570471145705,-0.004193673931295161,0.20315320005826404,-1,-0.012957663666729569
2017-08-04,215.58448791503906,215.9155976814008,215.20108506306107,215.68033862803355,60191800,212.4515515136719,201.49879280090332,215.0509342134028,213.99736639177874,212.32560091273928,0.0018219011177242894,0.0018202434689589474,69.91526052565186,1.053567821624057,1.1172649587997512,-0.06369713717569425,0.038296469787598125,0.4903020895159627,217.3341831710869,211.58584398955762,0.026803780740116082,0.782469021694147,0.9074711781038454,0.004209352847601336,740326200.0,705226985.0,52113185.0,1.1550205576573376,216.09867597288206,178.8570471145705,-0.0023794132727936066,0.20534522621824383,-1,-0.013297759960420596
2017-08-07,215.98536682128906,215.98536682128906,215.54968406202815,215.65425696551898,31995000,212.57848022460936,201.6591138458252,215.19469307615452,214.1446256828536,212.46912114444712,0.0018594979171600023,0.0018577711911389651,71.88213020049517,1.0500673933009352,1.103825445699988,-0.05375805239905285,0.03839455698267223,0.4920541441886286,217.20196060508061,212.19732375771235,0.023309944984164988,1.0276267214401826,0.873238802324987,0.004043046133988899,772321200.0,713066825.0,51879770.0,0.6167143763359012,216.09867597288206,178.8570471145705,-0.0005243398696585234,0.20758656315585527,0,-0.00536601780157242
2017-08-08,215.45375061035156,216.89151114154518,215.07906996329893,215.67159190635263,61719400,212.69564331054687,201.8184935760498,215.2345480814156,214.24159789970528,212.5861654372277,-0.0024613529090485864,-0.002464387017817523,53.11702544981013,0.992950181710313,1.0816503929020531,-0.0887002111917401,0.03995667028878542,0.512543682360838,216.75086683344924,213.09019304203903,0.01703268548830858,0.5826475697189802,0.9192924443180844,0.0042667739211494455,710601800.0,720338425.0,52448010.0,1.1767729604993593,216.89151114154518,178.8570471145705,-0.006628938696707791,0.20461426645570366,0,-0.0030330077733129457
2017-08-09,215.44508361816406,215.4973634120088,214.4081567203093,214.76541970622196,62632600,212.81627502441407,201.97740074157716,215.26693816399228,214.3307449899615,212.6982798756958,-4.02266944202756e-05,-4.022750353544635e-05,51.77307313357455,0.9361931740307909,1.0525589491278007,-0.11636577509700974,0.03190692737004029,0.4097296732336364,216.54888547307988,213.57449862115843,0.013830388962390267,0.5155907279265324,0.9379647509808677,0.004353614086841889,647969200.0,721497875.0,52599120.0,1.1907537616598909,216.89151114154518,178.8570471145705,-0.006668898730836761,0.20456580880571268,0,-0.0012536643707962147
2017-08-10,212.40403747558594,214.73930379736694,212.3517576759011,214.60859100217328,120479500,212.8771258544922,202.11719734191894,214.82649190423746,214.18802591482256,212.68674095804445,-0.0141151800333853,-0.014215746652638504,29.200103667349225,0.6384659894148967,0.96974035718522,-0.33127436777032326,0.0611139393446943,0.7845180769708563,216.7009206715682,213.3649545725724,0.01551374471225853,-3.1521904783427415,1.101654993615542,0.005186601002074492,527489700.0,714659770.0,56649515.0,2.126752541482482,216.89151114154518,178.8570471145705,-0.020689946058011836,0.18756314555235973,0,-0.0027489723321890702
2017-08-11,212.7176971435547,213.31023247361526,212.3952962306565,212.6305685893555,74869900,212.91095275878905,202.2616522216797,214.5020619410555,214.07911267250643,212.68795492610369,0.0014767123624230827,0.001475623094947055,32.692070234361495,0.42294926854907544,0.8603821394579911,-0.4374328709089157,0.0588024668066875,0.7546342334700189,216.88261581032967,213.05777878195548,0.017792406000842535,-2.3556560800078645,1.12343950443904,0.005281363607847238,602359600.0,708552025.0,57379875.0,1.3048111380514509,216.89151114154518,178.8570471145705,-0.019243786794710595,0.1893168347305548,0,-0.0057754051509874005
2017-08-14,214.82638549804688,215.04422681319684,213.96374239947946,213.9985911596728,73291900,212.97290466308593,202.41849594116212,214.55195787290035,214.13446621513904,212.77181494853284,0.009913083785732857,0.009864271492477287,45.42580089669119,0.41749165776130326,0.7718040431186537,-0.35431238535735043,0.06906977745029935,0.8856781411780321,216.8669978886991,213.1613987177462,0.01723420685794476,-0.20273407490508727,1.2286226561372433,0.005719142242647905,675651500.0,707785470.0,59367875.0,1.2345380393015584,216.89151114154518,178.8570471145705,-0.009521468279828561,0.2011066321610213,-1,-0.014764332514943357
2017-08-15,214.80027770996094,215.22725153802665,214.49530780075457,215.20982050733522,55242700,213.0374560546875,202.57765502929686,214.59016092475582,214.18378558512583,212.8513625078045,-0.00012152970886425418,-0.00012153709419768684,45.22810421185336,0.40637533962998873,0.6987183024209207,-0.29234296279093197,0.06906906003938032,0.884954573954792,216.8525847907724,213.2498840812979,0.016752755309321844,-0.2786317776945519,1.2398264170704363,0.005771996341385278,620408800.0,702119655.0,59992885.0,0.9208208606737283,216.89151114154518,178.8570471145705,-0.009641840847424806,0.20096066202169985,0,-0.0043405799937785705
2017-08-16,215.17498779296875,215.72395228486332,214.7480139330528,215.3231183249441,56715500,213.12302856445314,202.74139167785646,214.68013428909626,214.25720797089198,212.94248506800704,0.0017444580938288379,0.0017429382940362718,48.6786375284738,0.42292631820427573,0.6435599055775918,-0.22063358737331606,0.0665646678421024,0.8524437723714056,216.8496609907311,213.24845302294077,0.016745983534705154,0.1398761605764252,1.1651381106873575,0.005414839906060079,677124300.0,696737900.0,60276945.0,0.9409153035211058,216.89151114154518,178.8570471145705,-0.00791420254090172,0.20305568756893358,0,-0.00963805235507642
2017-08-17,211.8201446533203,214.87864474583674,211.8201446533203,214.56495276957804,128490400,213.13370086669923,202.88831085205078,214.24013588359227,214.076684762183,212.89847171841149,-0.015591231927366556,-0.015714053482724095,35.746069415603685,0.16345112140928109,0.5475381487439297,-0.3840870273346486,0.08649298474922572,1.105901472550573,217.1751611484515,212.57352964744692,0.021415453261683367,-2.654885113079796,1.3381668383826235,0.006317467304975932,548633900.0,682574865.0,64344705.0,1.9969071270122383,216.89151114154518,178.8570471145705,-0.023382042300932895,0.18429856732250893,0,0.0037028939597005817
2017-08-18,211.48916625976562,212.77878372022022,211.044761261485,211.65471456737671,136748000,213.13567199707032,203.0401847076416,213.81690978761893,213.8850167249669,212.84320483768028,-0.0015625444600483318,-0.0015637665058096,35.11743900168824,-0.06810693734797724,0.4244091315255483,-0.49251606887352556,0.08653483232913196,1.1045897618979745,217.4411802162373,211.94415913923146,0.025604139560317492,-2.3310832327261752,1.4028974098485878,0.006633424466411921,411885900.0,665691470.0,67065065.0,2.039034779135754,216.89151114154518,178.8570471145705,-0.024908051280319313,0.18244804815709592,0,0.007621921083993621
2017-08-21,211.6546173095703,211.91602954796898,210.72226339098884,211.42806712748012,65469700,213.14736846923827,203.19833557128905,213.48424940638066,213.71980195345606,212.79659356206813,0.0007823145399394882,0.0007820086914225542,33.35786029914986,-0.2355525470754003,0.2924167958053586,-0.5279693428807589,0.08670457650303602,1.1048143593967819,217.57876807110947,211.46499261004286,0.02849954257048439,-1.8759361035674578,1.4396189947383553,0.006801736777765351,477355600.0,654412675.0,68007435.0,0.9626844476637003,216.89151114154518,178.8570471145705,-0.024145222671058012,0.18337309445789227,0,0.0068754250325337996
2017-08-22,213.867919921875,214.0247593074177,212.22103989377436,212.23847092416148,63140100,213.20419982910155,203.37167320251464,213.54327563953365,213.73077365482044,212.83860636049192,0.010457143059002805,0.010402845343142786,43.63045815728773,-0.187498015286792,0.1964338335869285,-0.3839318488737205,0.09494342112559441,1.2071013242764355,217.46243007994437,211.4087979473994,0.028230535120714658,-0.37510973841293505,1.5323584934931833,0.007164975906872555,540495700.0,643545105.0,68418660.0,0.9228491174776005,216.89151114154518,178.8570471145705,-0.013940569659717848,0.19574779619881338,0,-0.0024038873154543783
2017-08-23,213.1011199951172,213.52809382746688,212.75257915367558,212.9007096760873,50203800,213.22505645751954,203.54216400146484,213.4752516942388,213.6841326429906,212.8489010128302,-0.0035853901185269876,-0.003591833034533068,42.54637847621036,-0.20888094875178354,0.11537087711918612,-0.3242518258709697,0.09559823169093637,1.2127040762342844,217.34113699073208,211.2800086391507,0.02828198474750566,-0.798170075847665,1.5622348705069535,0.0073309557009496205,490291900.0,627788575.0,68550080.0,0.7323667601846708,216.89151114154518,178.8570471145705,-0.01747597739754025,0.19146057386607174,0,0.005929057386278469
2017-08-24,212.6044921875,213.6414060568144,212.3953596622016,213.48456663482827,50741700,213.24135681152345,203.69043029785155,213.34128869320207,213.6041592759172,212.83931635301332,-0.002330479575276545,-0.0023331993692397865,39.45759491279305,-0.26287058271512365,0.039722585152324165,-0.30259316786744783,0.09579805147263364,1.2127276023788212,217.24710531909344,211.09433144848467,0.028728361734227076,-1.0182244484898408,1.599583249226894,0.00752375094603453,439550200.0,613033290.0,67548835.0,0.7511854201482527,216.89151114154518,178.8570471145705,-0.019765729564433884,0.1886838993339295,1,0.014344537612479114
2017-08-25,213.1011199951172,214.01605632387748,212.95298947270547,213.39738103994065,64445900,213.2757406616211,203.8370598602295,213.30433966272747,213.56689710696907,212.8495831625076,0.002335923397042805,0.0023331993692398277,39.86498949084202,-0.2625574442415939,-0.020733420726459444,-0.24182402351513443,0.09634524777319907,1.2171069808862087,217.14395935859955,210.99270903739654,0.0287349847619851,-0.6289545388312154,1.6692890618780771,0.007833319045513818,503996100.0,604004720.0,68266710.0,0.9440311390427341,216.89151114154518,178.8570471145705,-0.01747597739754025,0.19146057386607174,1,0.013411696219226998
2017-08-28,213.10983276367188,213.65878389994307,212.691567817204,213.63264400278635,40565600,213.30937561035157,203.97399078369142,213.2744155244112,213.53304048894705,212.85978902921994,4.088560658388474e-05,4.088477079025308e-05,41.44943896527808,-0.2586249645358407,-0.06831172948833569,-0.19031323504750502,0.0963604977034469,1.2147749528398342,217.04181354704906,210.9031541043181,0.028689013339359658,-0.5621103887566826,1.6089158407704218,0.007549702516798598,544561700.0,600296365.0,67003055.0,0.6054291106577155,216.89151114154518,178.8570471145705,-0.017435806306892992,0.19150928745435494,0,0.006092135921398567
2017-08-29,213.3538055419922,213.61520450319526,211.6807724144142,211.79405416158866,51135700,213.31268585205078,204.10982421875,213.28662937326982,213.51976382620967,212.87916222579926,0.0011448217811276251,0.0011441669723842455,42.499824882452344,-0.2331344529398507,-0.1012762741786387,-0.13185817876121197,0.0960400607721857,1.2084011874461078,216.8577686859804,210.87196916802353,0.027988699350148985,-0.3415172079419713,1.6692890834191039,0.007824041756267408,595697400.0,596392275.0,66807320.0,0.7654206155852382,216.89151114154518,178.8570471145705,-0.016310945416597042,0.1928733532390485,0,0.0083723378500975
2017-08-30,214.36460876464844,214.6347432217607,213.15341132552646,213.33640391957263,62030800,213.36496765136718,204.25285758972169,213.45247235655881,213.5823449327607,212.9374150312443,0.0047376854614262776,0.004726497951015381,58.2298896515325,-0.1298725762018762,-0.1069955345832862,-0.02287704161859,0.09777990106105126,1.2275032915155977,216.69255708158596,210.91257597505466,0.027034198889121747,0.388957836076014,1.554146651559908,0.007250015105180961,657728200.0,593229165.0,67548300.0,0.9183177074774643,216.89151114154518,178.8570471145705,-0.011650536084133167,0.19852481198201188,0,0.0034957222424811807
2017-08-31,215.65420532226562,215.8981865453463,214.39943714871944,214.98325031080395,103803900,213.44408813476562,204.4016093444824,213.7912005051291,213.73581607272402,213.04395582697063,0.006015902368627701,0.005997879076096661,61.39309974105381,0.05538443240507718,-0.07451954118561352,0.1299039735906907,0.10003184769147176,1.2528281378852786,216.76928017763385,210.88203055234663,0.02753294320664167,1.242379768086558,1.5983353328269874,0.007411565800159076,761532100.0,597299050.0,70695695.0,1.468319959228069,216.89151114154518,178.8570471145705,-0.005704722203129838,0.20573502023727347,0,-0.003676896683915465
2017-09-01,215.95916748046875,216.38614125358123,215.81103697860829,216.02887829828177,62007000,213.5312240600586,204.5446329498291,214.12473388595058,213.900508769594,213.15827785259802,0.0014141257192150647,0.0014131267850749363,55.11021961319882,0.22422511635656406,-0.014770609677177998,0.23899572603374206,0.09995060178689699,1.2488815574097607,216.83946481714065,210.8493138693828,0.02801172837012104,1.41217018017646,1.4844357800893764,0.006873687268791811,823539100.0,601459695.0,70786455.0,0.8759726701951666,216.89151114154518,178.8570471145705,-0.004298663678303091,0.2074400811399494,0,0.005528188170789372
2017-09-05,214.4081268310547,215.6803259198419,213.44091089181964,215.45376245012488,91398800,213.5822848510742,204.6816609954834,214.16833280058196,213.93811010748,213.20729153802768,-0.007182101447739342,-0.007208016897821531,48.44488603495558,0.23022269310197885,0.034228050878653375,0.19599464222332547,0.1029541417491122,1.2828316750565232,216.60210783856675,210.92894684893324,0.02653917617180002,0.45308038183709276,1.612029555187736,0.007518509578034572,732140300.0,599450650.0,73756645.0,1.2391941092222944,216.89151114154518,178.8570471145705,-0.01144989168741517,0.19876812398513566,1,0.016215834222387482
2017-09-06,215.14007568359375,215.47119873450276,214.55626255950273,215.0877958957615,57916900,213.64519653320312,204.81754203796388,214.3178317056607,214.02714459459952,213.28308699471654,0.003413811143062828,0.0034079973175800645,49.86536709826083,0.2906871110611746,0.08551986291515762,0.205167248146017,0.10346429628774612,1.2856483750915644,216.5503609569339,210.94932623789032,0.026203690373654123,0.992839469794386,1.618253380304704,0.007521859305677048,790057200.0,603423420.0,73566520.0,0.7872725255999604,216.89151114154518,178.8570471145705,-0.008075168312181795,0.2028604919647445,1,0.01324437459129535
2017-09-07,215.1139678955078,215.46252202637555,214.70442510172603,215.44509099583703,58034700,213.74174377441406,204.95539558410644,214.4403141964064,214.10765002429642,213.35488624572798,-0.00012135250953582144,-0.00012135987334735746,67.08958366979857,0.3326641721099861,0.13494872475412334,0.19771544735586277,0.10346456845070344,1.2821306813725177,216.49525802821066,210.97131759434794,0.025845016891988343,0.9997791248905734,1.4327715078047814,0.006660522893151941,732022500.0,607626085.0,73336625.0,0.7913467520491978,216.89151114154518,178.8570471145705,-0.008195540879778042,0.20271452182542307,1,0.013043112182270278
2017-09-08,214.86126708984375,215.3230896562732,214.61728585837085,214.82640503050195,63832800,213.79559356689452,205.08490440368652,214.50507618001217,214.16347351063325,213.41396000432076,-0.0011747298798691075,-0.00117542041586292,67.63899265048624,0.3416026693789149,0.17627951367908168,0.16532315569983325,0.08938168931327918,1.105346682154586,216.58759615960636,211.124702424378,0.0255447119632249,0.7359599844558173,1.3593273177452911,0.00632653495977426,668189700.0,614661085.0,70504290.0,0.9053746942207347,216.89151114154518,178.8570471145705,-0.00936064321289401,0.20130165713968223,1,0.015600290544492523
2017-09-11,217.1530303955078,217.2314501096884,216.11610318806177,216.13352092722363,71364800,213.9325735473633,205.22402641296387,214.91245375162686,214.3849221687721,213.56059021573986,0.010666246814535318,0.010609763690954956,73.52772184396163,0.5275315828547491,0.24652992751421518,0.2810016553405339,0.09627659588818518,1.1905904475106108,217.1224469311371,211.03338497804262,0.028443204549814853,2.0200907545932165,1.443357093664186,0.006646727844577408,739554500.0,621520830.0,70329035.0,1.014727416635249,217.2314501096884,178.8570471145705,-0.00036099613633753527,0.21411503711344432,0,0.007019015284645436
2017-09-12,217.8849334716797,217.91978223945418,217.33596898336484,217.51896157813033,56896000,214.07634979248047,205.36629333496094,215.36975832394268,214.64418226528377,213.73017230420808,0.003370448364634182,0.0033647811340466807,69.68435818101065,0.725576058658902,0.3423391537431526,0.38323690491574935,0.09094123267178744,1.1257032225301826,217.70992345103434,210.75176325550865,0.03247973114707638,2.1006070648717006,1.3288292255283989,0.006098766006237498,796450500.0,627560780.0,69509240.0,0.8185386575942997,217.91978223945418,178.8570471145705,-0.00015991557726594482,0.218207149154761,0,0.004641051558034404
2017-09-13,217.98947143554688,218.0243334958429,217.4840779290966,217.5973596810883,59228000,214.21507080078126,205.5055638885498,215.77279111034332,214.89198146308104,213.89720364269198,0.00047978518845481766,0.0004796701283425747,75.61678493008944,0.8808096472622822,0.45003325244697856,0.4307763948153036,0.09089222931581348,1.1267251486142449,218.2507222639877,210.52988381511386,0.03601300217132258,1.8646515753254216,1.2877517111388914,0.005907403245939068,855678500.0,639324265.0,69708505.0,0.849652420461463,218.0243334958429,178.8570471145705,-0.0001598998595113235,0.21879162690139528,0,0.004520809583654417
2017-09-14,217.9197235107422,218.12014708337216,217.49276306465663,217.66703344852692,95446300,214.34263732910156,205.64894874572755,216.1030884027124,215.1162586517967,214.05494951987043,-0.0003199600620404919,-0.00032001126018234066,79.15834481511678,0.9868297509156889,0.5573925521407206,0.42943719877496833,0.09088889346688807,1.128271310022363,218.68883703682636,210.36624261405254,0.03879499307895804,1.6303491490057818,1.2435615414319443,0.005706512110963851,760232200.0,643479660.0,71645045.0,1.3322107620980628,218.12014708337216,178.8570471145705,-0.00091886776764993,0.2184016622568375,0,0.0021502512290825226
2017-09-15,218.21316528320312,218.30072625480452,217.6702418285857,217.7753203392943,95432400,214.51476135253907,205.79195533752443,216.42771561509556,215.34565914301197,214.21801680470702,0.0013465590343706424,0.0013456532368028723,78.68313222273021,1.0820564720835932,0.6623253361292951,0.4197311359542981,0.06766568432295318,0.8423836489880316,219.11366196239632,210.58071975147087,0.039716331299893645,1.5778728328345675,1.1877701335634694,0.005443164403128236,855664600.0,658831195.0,69992145.0,1.3634730011489147,218.30072625480452,178.8570471145705,-0.00040110252083718894,0.22004231202264163,0,0.0010030894736230422
2017-09-18,218.67723083496094,219.02750136678264,218.2919252327785,218.58090443441534,46235200,214.6689810180664,205.93955711364745,216.77379487969026,215.5924422313045,214.39288794314837,0.0021266615657928867,0.002124403422056766,79.71944240358786,1.1813526483857686,0.7661307985805899,0.41522184980517873,0.06671414407099634,0.8329554400554767,219.492989896347,210.9201982750397,0.039835171676448296,1.6193729655213276,1.1768501336235013,0.005381676588504489,901899800.0,683331890.0,65466505.0,0.7062420698951318,219.02750136678264,178.8570471145705,-0.0015992079973333807,0.22263692911626135,0,-0.003163440740017398
2017-09-19,218.89614868164062,218.98372299374736,218.57214777838084,218.92241830287983,47108100,214.82304809570311,206.09172927856446,217.10031084922107,215.83716122762567,214.5694864034814,0.0010011003241801042,0.001000599557434535,79.66504793313374,1.263149621595403,0.8655345631835525,0.3976150584118505,0.0666795699264738,0.8349580011633843,219.81495530237203,211.32238600622173,0.0393961203656057,1.5672420958801514,1.068074642665321,0.004879366992512569,949007900.0,706914505.0,64548425.0,0.7298102161284338,219.02750136678264,178.8570471145705,-0.0005997086407978354,0.2238609113423542,0,-0.003560330577129789
2017-09-20,218.97496032714844,219.08880426194065,217.97667462148394,218.98372577564885,59574100,214.9818273925781,206.24382347106933,217.38871846120992,216.0695907905533,214.74225008676245,0.0003600412614952475,0.0003599764621934063,77.41141803718918,1.319127670656627,0.9562531846781674,0.3628744859784596,0.05816414797503614,0.730774608746766,220.25009605447312,211.397949294648,0.041015576719062544,1.4238072353090165,1.0417030529669273,0.004757178863787091,1008582000.0,730318820.0,64370125.0,0.9254929984989154,219.08880426194065,178.8570471145705,-0.0005196246114708063,0.22430155176876876,0,-3.9788880617508404e-05
2017-09-21,218.3883056640625,218.90495950301064,218.21317035482198,218.81739852937417,48211400,215.0971566772461,206.38731971740722,217.54250110780262,216.24134744785027,214.88523265842127,-0.002679094733979981,-0.002682689930961314,67.73868451273117,1.301153659952348,1.0252332797330035,0.2759203802193446,0.05725981064392688,0.7221199284421386,220.46094541340233,211.71581850261327,0.0404701392622232,1.0519795668901084,0.9865753523689692,0.004517528305231583,960370600.0,753822755.0,64270505.0,0.7501325841457135,219.08880426194065,178.8570471145705,-0.0031973272218905444,0.22102153192862153,0,0.0038494871822103427
2017-09-22,218.4320526123047,218.59843580213592,218.06426452202962,218.09053414548032,51214000,215.20621520996093,206.52803047180177,217.67935518541833,216.40362190447652,215.02432363700493,0.0002003172656575014,0.0002002972048330161,66.60682336593973,1.2757332809418074,1.0753332799747644,0.20040000096704302,0.05585882255286553,0.7071928044823911,220.54664722443343,212.21287273406264,0.03851457498229058,0.9850483160747463,0.9724493058540195,0.004451953338459997,1011584600.0,782424475.0,64294120.0,0.7965580678295309,219.08880426194065,178.8570471145705,-0.0029976504360795997,0.22126612362320636,0,0.007176027265634266
2017-09-25,217.98545837402344,218.528395143318,217.24113005139031,218.17811120152052,57064400,215.28647430419923,206.6540626525879,217.72644798366528,216.5207949762948,215.14044656786842,-0.002044545353762306,-0.0020466382898358276,78.20820098180768,1.205653007370472,1.101397225453906,0.10425578191656615,0.05699517527902002,0.7244102861651303,220.54718606688974,212.70076772949696,0.03622137516698049,0.6940651984601777,0.8845213418024888,0.0040577080159393515,954520200.0,804950680.0,63925045.0,0.8926767278771568,219.08880426194065,178.8570471145705,-0.00503606695757061,0.21876918964444522,1,0.013618537725497815
2017-09-26,218.11680603027344,218.65972940317045,217.88036605480062,218.414537340445,54082000,215.36988311767578,206.77839096069337,217.78650306775884,216.63901801733027,215.25716654678627,0.0006025523777124508,0.0006023709159183388,75.92816567827134,1.1474850504285712,1.110614790448839,0.036870259979732145,0.05688630589119912,0.7259835355362454,220.47946222193494,213.26918890111196,0.03324632043075818,0.6892834225701128,0.8642564450111853,0.003962356045554926,1008602200.0,828152705.0,64600865.0,0.8371714527351917,219.08880426194065,178.8570471145705,-0.0044365490739777915,0.21950356191754813,1,0.015175763718402902
2017-09-27,218.96624755859375,219.35155322680205,217.93292659731088,218.81738188896173,81001400,215.46801696777345,206.9011301422119,217.968002220195,216.8114053907572,215.40262070411205,0.003894434105194078,0.003886870427829747,79.34544828981046,1.1565968294378024,1.1198111982466317,0.03678563119117073,0.05770293037759249,0.7394262733634408,220.46817157429294,213.8417237504141,0.030514836964166535,1.0933760852200232,0.9114371382141603,0.004162454937125716,1089603600.0,852848015.0,66094150.0,1.22554567991267,219.35155322680205,178.8570471145705,-0.0017565668559908058,0.22425283818048555,1,0.012437342214434821
2017-09-28,219.22898864746094,219.3077975376416,218.59849080207877,218.68605178162332,44778800,215.54822601318358,207.02629890441895,218.16200013208206,216.9904856319945,215.55267434894927,0.0011999159313211827,0.0011991966075612552,83.22110418625164,1.171514500087568,1.130151858614819,0.04136264147274904,0.056260354801515006,0.7240067180160011,220.5596268634977,214.23670644949058,0.02908451580457813,1.15821289526452,0.9116873480470511,0.004158607644325372,1134382400.0,876680725.0,65231550.0,0.6864592363664516,219.35155322680205,178.8570471145705,-0.0005587586572244988,0.22572183866498358,1,0.017215721351218294
2017-09-29,219.99952697753906,220.07834920827898,219.03627629237042,219.22016365284554,85578000,215.6419290161133,207.14883979797364,218.4446965698447,217.21337758351632,215.72706072654103,0.003514764789237068,0.0035086024387289247,78.16924377869051,1.2313189863283753,1.1503852841575304,0.08093370217084495,0.05403508275303582,0.6985400809541793,220.868189591447,214.36267588706863,0.029894542048279852,1.46589145463536,0.816822340623044,0.0037128368039920276,1219960400.0,899602140.0,64320255.0,1.3304984565126492,220.07834920827898,178.8570471145705,-0.0003581553161566132,0.23002996262492204,1,0.012498362277584496
2017-10-02,220.9541015625,220.9541015625,220.0521285925579,220.22727727765337,59023000,215.75855743408204,207.2842219543457,218.83075887640706,217.49046824862623,215.93204272010806,0.004338984715446248,0.004329598462675947,79.09074868460254,1.3402906277808313,1.1883663528821906,0.1519242748986407,0.05531223467575585,0.7183785912097826,221.3418098595762,214.38854902714257,0.0319154297634851,1.7769631784588424,0.8302382506955135,0.0037575145463442272,1278983400.0,922374355.0,64171055.0,0.9197760579127147,220.9541015625,178.8570471145705,0.0,0.23536704383229246,0,0.0064598139505076535
2017-10-03,221.42689514160156,221.4531647632962,220.87520636208524,220.95402858913346,66810200,215.88568725585938,207.4179768371582,219.23016445566776,217.78205542588367,216.14752712879408,0.0021397818631025967,0.00213749579044213,80.45516118827516,1.4481090297840922,1.240314888262571,0.2077941415215212,0.0457614014593347,0.5973867507103592,221.64001241005084,214.7922233077226,0.03138076678074024,1.8755117792676494,0.8329313103001316,0.0037616537492768235,1345793600.0,953057020.0,62941625.0,1.0614629031265082,221.4531647632962,178.8570471145705,-0.00011862382604789956,0.23801045982695943,0,0.006960373934124853
2017-10-04,221.68960571289062,221.93479775778118,221.16418655271696,221.27803048854625,55953600,216.00761444091796,207.55494895935058,219.60854003370207,218.0715035952916,216.3648635438567,0.0011864438198487814,0.0011857405515838478,82.29640803883993,1.5370364384104676,1.2996591982921504,0.23737724011831718,0.04528114735097537,0.5941949933160791,221.9815488084924,215.10563991221073,0.03146241332950774,1.8301646506167024,0.8431618236107526,0.003803343963283188,1401747200.0,983641520.0,62843460.0,0.890364725303158,221.93479775778118,178.8570471145705,-0.0011047931526184547,0.2394792896859293,0,0.007347275899687755
2017-10-05,223.003173828125,223.02067800399251,221.7246608055824,222.02239213892577,63522800,216.15563903808595,207.69637382507324,220.1307913866902,218.43681250142743,216.62518943735742,0.005925258024661595,0.005907772719298716,84.93038802887739,1.6939788852627657,1.3785231356862735,0.31545574957649225,0.04743725234072856,0.6257126921687184,222.52623126676633,215.3498780471985,0.03277800760042041,2.2658411839552874,0.8932038139595428,0.004005341263205343,1465270000.0,1020303895.0,63117865.0,1.0064155370274328,223.02067800399251,178.8570471145705,-7.848678438329202e-05,0.24682352429354273,0,-7.868770260377467e-05
2017-10-06,222.74916076660156,223.03813993997068,222.29381179216807,222.55650798435548,80646000,216.30259063720703,207.8327727508545,220.53361744513808,218.75624570625513,216.86534517575916,-0.001139055813255907,-0.0011397050303719408,80.63234936246218,1.7773717388829482,1.4582928563256083,0.31907888255733985,0.047407674141167706,0.6285761907066046,222.76448705523896,215.90041162640168,0.03129530285858982,1.9910686933514368,0.8882032471183346,0.0039874594546688395,1384624000.0,1056125610.0,63958525.0,1.2609108793550194,223.03813993997068,178.8570471145705,-0.0012956491362727963,0.245403322710092,0,0.002280366971320724
2017-10-09,222.3814239501953,223.03819130584384,222.11871433554268,222.97689996753897,35803100,216.44724304199218,207.9700527191162,220.81789536899305,219.02477742802847,217.08166199044294,-0.0016509010186196438,-0.0016522652573951549,75.64485162854929,1.7931179409645779,1.5252578732534023,0.26786006771117554,0.0355667268908808,0.47362559335767046,223.12207917815488,216.06565885895452,0.032133958706306684,1.5801524308157122,0.9244819438993801,0.004157190503944375,1348820900.0,1086588930.0,62180440.0,0.5757936096946242,223.03819130584384,178.8570471145705,-0.0029446407891100847,0.24334728509603765,0,0.005276592427783555
2017-10-10,222.96810913085938,223.34466265344616,222.40766825232924,222.95060495731732,43057400,216.60606842041017,208.11194953918456,221.14869748620325,219.31687607268262,217.312503054773,0.0026381932908003947,0.0026347193674600396,77.33855112312716,1.831821413520629,1.5865705813068478,0.2452508322137812,0.03506347113923648,0.4687239067708629,223.5841211682035,216.11193443482384,0.03398796344957802,1.6702373422963224,0.9138468769561042,0.004098554185700924,1391878300.0,1116360320.0,61488510.0,0.700251152613716,223.34466265344616,178.8570471145705,-0.001685975022251015,0.246627475561713,0,0.003338320408955653
2017-10-11,223.31842041015625,223.31842041015625,222.70544021191907,222.8718100527529,47674300,216.7623147583008,208.2541732788086,221.48250101296523,219.61328676434732,217.54802922557235,0.0015711272821139488,0.001569894352869226,84.88221449700949,1.869214248617908,1.64309931476906,0.22611493384884795,0.03499823181889484,0.4695888103916357,224.0473830548003,216.181567445688,0.03573511283240142,1.6293009231343452,0.903217607378299,0.00404452801394265,1439552600.0,1145554025.0,60910825.0,0.7826901047555996,223.34466265344616,178.8570471145705,-0.00011749662149139073,0.24858608599920096,0,0.002744715619584115
2017-10-12,222.98562622070312,223.3534142938193,222.74918625871257,223.00314375617472,47065100,216.90981414794922,208.39231567382814,221.7137510449249,219.86308968704031,217.76126832342064,-0.001490222744912395,-0.0014913342312057984,80.95205497922514,1.8506613578845759,1.6846117233921634,0.1660496344924125,0.03591163904993959,0.4836170677547638,224.3576333890542,216.37790738243015,0.0362109486004054,1.3122534941553596,0.9082216613069006,0.00407300540711972,1392487500.0,1177166790.0,58491765.0,0.8046448931742785,223.3534142938193,178.8570471145705,-0.0016466642082862985,0.2467254146148638,0,0.004516276839921396
2017-10-13,223.25711059570312,223.53733774388797,222.98564889712773,223.42349379469215,54800400,217.07110778808592,208.53988822937012,221.95119097581386,220.11449864323757,217.97679154978465,0.0012174971974709958,0.0012167566487744348,86.70688508426531,1.8366923325762912,1.715027845228989,0.12166448734730206,0.035905292279716235,0.4851694717280619,224.67353467612386,216.5664006266105,0.03674705483741438,1.3011468303983882,0.8556821206824127,0.003832720572255231,1447287900.0,1206747955.0,56460165.0,0.9706029020637825,223.53733774388797,178.8570471145705,-0.0012536033175178643,0.24824329931317315,0,0.008472339379107074
2017-10-16,223.55484008789062,223.7474929101981,223.14327818056006,223.48479666338406,38221700,217.23051483154296,208.68916511535645,222.19790622382567,220.36933875024891,218.19553855127901,0.0013335722718665899,0.0013326838541229094,87.00791898666877,1.8285674735767543,1.7377357708985421,0.09083170267821217,0.035727822485690806,0.48439348135407617,225.0111077798287,216.71658844819865,0.03755489819840631,1.297720513986858,0.843171505058714,0.0037716539920460723,1485509600.0,1235928445.0,56059490.0,0.6818060599552368,223.7474929101981,178.8570471145705,-0.0008610278479625318,0.24990792196568057,0,0.003212023296878197
2017-10-17,223.7124481201172,223.7562352773911,223.28335535797586,223.50227778238104,31561000,217.38505645751954,208.84277015686035,222.43091266940897,220.61697648135026,218.4118879461354,0.0007050083646795713,0.0007047599630257431,85.65736047010164,1.8139361880587046,1.7529758543305747,0.06096033372812992,0.03575480272659385,0.48641233977111276,225.3294450340725,216.87988113780247,0.03821522250295515,1.2345181668352667,0.7756181686247194,0.0034670317863057373,1517070600.0,1264331580.0,55282135.0,0.5709077625167697,223.7562352773911,178.8570471145705,-0.00019569133892354963,0.2507891175057456,0,0.004266698423916804
2017-10-18,223.93136596679688,224.1327708517824,223.7387131683015,224.0889836954036,40888300,217.55460876464844,208.99008766174316,222.66175163823786,220.86248681360556,218.62833806459275,0.0009785680167522237,0.0009780895311988491,85.56229214219609,1.7992648246323029,1.7622336483909204,0.03703117624138241,0.03565431269267697,0.4867774929006794,225.63237599844092,217.0725907373989,0.03867038277955258,1.2051155579376764,0.7549764540606044,0.003371463621458673,1557958900.0,1291800425.0,54347845.0,0.7523444581841285,224.1327708517824,178.8570471145705,-0.0008985963285070404,0.25201309973183844,0,-0.001681434296980422
2017-10-19,223.99269104003906,224.0277261152057,222.73170893532952,223.15203630356604,61903800,217.72556091308593,209.13192726135253,222.86651154620728,221.09435379334136,218.8387048479436,0.0002738565585818087,0.0002738190667192417,83.82746051032807,1.7721577528659225,1.764218469285921,0.0079392835800014,0.03291424613995598,0.45084319048904614,225.82848810942178,217.43691716401574,0.03786251237102309,1.1249328248782038,0.7731153300582909,0.003451520344117368,1619862700.0,1324775030.0,55032465.0,1.1248596623829226,224.1327708517824,178.8570471145705,-0.0006249858564233244,0.25235597173063035,0,-0.0006645964446542196
2017-10-20,225.14862060546875,225.17491695782516,223.97521269140185,224.78961125835886,89176400,217.9804525756836,209.28032348632811,223.21760524763212,221.39466985349893,219.0861525247093,0.005160568231322715,0.005147298133670965,84.36098458523122,1.8229353941331965,1.7759618542553763,0.04697353987782016,0.03539269072470809,0.4862359043628191,226.16085055602363,217.77621151673029,0.03777399886436715,1.517102669618421,0.7906245930198891,0.003511567563211112,1709039100.0,1359647755.0,56930585.0,1.5664058256207978,225.17491695782516,178.8570471145705,-0.00011678188988223893,0.2588188401726506,0,0.002333392520944999
2017-10-23,224.2729034423828,225.49889055023027,224.19409456669527,225.47262092500108,63915300,218.21155670166016,209.42084449768066,223.3799588160553,221.6078723415644,219.2895545214808,-0.0038895071208118193,-0.003897090924860275,71.87039764359352,1.7720864744909193,1.775186778302485,-0.0031003038115657855,0.038338914017172335,0.5281520930920719,226.14779234282065,218.41801423676918,0.03477450578362293,1.0297838433422495,0.8425415631858917,0.0037567693210087067,1645123800.0,1394177935.0,57273130.0,1.1159735813286265,225.49889055023027,178.8570471145705,-0.005436776672630095,0.253922655329987,0,0.002498988124125301
2017-10-24,224.66696166992188,224.9033882834358,224.30792566307667,224.70199674286374,66935900,218.40836822509766,209.56657356262207,223.5779592551117,221.83447155107234,219.50043323318437,0.0017570478711008697,0.0017555060682402986,72.42701484989196,1.743487704039353,1.768846963449859,-0.025359259410505874,0.038229081943501754,0.5279885665733718,226.07860144328453,219.14222070027017,0.031159282755997532,1.1859502372500175,0.832532537185088,0.003705629572755051,1712059700.0,1429350810.0,57915825.0,1.1557445654965632,225.49889055023027,178.8570471145705,-0.003689281478407464,0.25612585746205974,0,0.0022996821331269235
2017-10-25,223.55484008789062,224.44804741295565,222.425206140693,224.3342034646924,103715300,218.58345947265624,209.70674201965332,223.5744024601546,221.9619062575033,219.65942958042777,-0.004950089562635207,-0.004962381837994685,54.28549753685238,1.6124962026513003,1.7375768112901473,-0.12508060863884696,0.04337528041018107,0.6003579525901102,225.8727790177595,219.80690237872489,0.0272207905912512,0.4714895681035329,0.8975813399084436,0.0040150387240802275,1608344400.0,1455287850.0,59051520.0,1.7563527577274896,225.49889055023027,178.8570471145705,-0.008621108767302807,0.24990792196568057,0,0.008617496957522786
2017-10-26,223.8438262939453,224.43928895455974,223.72123025429138,224.1678406117184,69798000,218.75683624267577,209.84559257507325,223.61585228073778,222.1013077416842,219.82352356919316,0.0012926859733435325,0.0012918511741753643,58.45771144278607,1.5145445390535883,1.6929703568428356,-0.17842581778924727,0.043381036845070865,0.6016638039494273,225.60866282300663,220.53250233812616,0.02275584896115607,0.6093138426751782,0.9075899626846231,0.004054567765888714,1678142400.0,1482475850.0,60302480.0,1.1574648339504445,225.49889055023027,178.8570471145705,-0.007339567180337371,0.2515236604043766,0,0.007706701966328389
2017-10-27,225.67398071289062,225.8316251660089,223.85255793086253,224.58813405767742,85562500,219.03391296386718,209.99605422973633,223.9324874241459,222.36595018399578,220.05295326110286,0.008176032590427651,0.008142789908548553,70.75012837748173,1.5665372401501259,1.6676837335042936,-0.1011464933541677,0.04960819522618009,0.6889793278057499,225.7089254429767,220.99968509169128,0.021084170934824384,1.9703181579620723,0.9838986699533682,0.004359823258513414,1763704900.0,1509663075.0,60301705.0,1.4189068120047352,225.8316251660089,178.8570471145705,-0.0006980618990028329,0.26175615863953405,0,0.002871579476895203
2017-10-30,224.83335876464844,225.57770044809095,224.53562743605787,224.5881666867543,54285700,219.30079681396484,210.14006813049318,224.07108301499244,222.54872118997005,220.24042014359486,-0.0037249396035232696,-0.003731894467385227,61.390476580946824,1.5223618250223865,1.6386193518079124,-0.11625752678552592,0.05124165170416174,0.7123634477657116,225.70083386290227,221.39570239198056,0.01925817411596953,1.1940082617155285,0.9964068537806473,0.004431757187880951,1709419200.0,1531184865.0,60064840.0,0.9037849763688707,225.8316251660089,178.8570471145705,-0.0044204012641127725,0.25705619315422834,0,0.008179207704490876
2017-10-31,225.18362426757812,225.43758178950736,224.88589294569937,225.20989389233412,60304800,219.571376953125,210.289287109375,224.24224320769792,222.7438991957188,220.43427128571187,0.001557889384627975,0.0015566771338323866,61.390260720475595,1.4983440119791283,1.6105642838421557,-0.11222027186302741,0.05109265262740516,0.7109883458675276,225.7610972199719,221.71111194750856,0.018101616992028714,1.429654267881128,0.9957813413964861,0.004422085951566498,1769724000.0,1552381385.0,59739570.0,1.0094615679356245,225.8316251660089,178.8570471145705,-0.0028693983756900056,0.2590145476534241,0,0.005911110141368248
2017-11-01,225.4813232421875,226.30447366503012,225.11354854836372,225.96296859219376,54202700,219.80364501953125,210.43783592224122,224.43287090531172,222.94667134730906,220.63219489184817,0.0013220276366794348,0.0013211545275748895,65.30610717026335,1.486199558002653,1.5856913386742553,-0.09949178067160225,0.051106883813124726,0.7119698219806639,225.8515041111381,221.99987680927208,0.017200470807749987,1.615558992027276,1.0376882757936048,0.004602103007347677,1823926700.0,1573490360.0,59652025.0,0.9086481137899342,226.30447366503012,178.8570471145705,-0.0036373581551950294,0.26067899968040337,0,0.0062916758475115575
2017-11-02,225.5689239501953,225.7090375198339,224.34296362077094,225.41130620582592,56449500,220.05300109863282,210.59044898986815,224.60764829683228,223.14091228085618,220.82579210982257,0.0003885053837195951,0.0003884299350438508,64.50552333318653,1.466736015976096,1.5619002741346235,-0.09516425815852747,0.04746838586409275,0.6621217660897005,226.06115599149643,222.04679994112075,0.017916914873876186,1.5095282664181304,1.0958570169277562,0.004858191446485407,1880376200.0,1594245670.0,59298360.0,0.9519571873488576,226.30447366503012,178.8570471145705,-0.0032502659047012245,0.26116878025892143,0,0.002251657913864502
2017-11-03,226.322021484375,226.36579528131784,225.31495691539166,225.72653215758763,59589700,220.32735168457032,210.74324432373047,224.8713980179927,223.37654999963536,221.04133051666776,0.0033386581847860697,0.003333097239508089,66.42419060936601,1.4948480183573452,1.548489822979168,-0.053641804621822775,0.047980416369521675,0.6701119595576895,226.381786519937,222.08345548445755,0.019169071013255223,1.944383029586983,1.1277587052340519,0.004982982644982742,1939965900.0,1622012765.0,58245545.0,1.0230773872920238,226.36579528131784,178.8570471145705,-0.00019337637512082501,0.26537939172952946,0,-0.0013927093952093017
2017-11-06,226.6723175048828,226.80366563440188,226.12062863696988,226.1906720647358,49652600,220.59877563476562,210.90033828735352,225.14846255443734,223.62068092594998,221.26215353581347,0.001547777004687001,0.0015465804323844916,67.17501018221742,1.5277816284873609,1.5443481840808067,-0.016566555593445775,0.04714930811487574,0.6593593202021032,226.6735355897336,222.22079577012966,0.019838699259645313,1.998905764182022,1.142769925092391,0.005041506336863452,1989618500.0,1654052645.0,58938020.0,0.8424544971140869,226.80366563440188,179.0029616433653,-0.0005791270134531076,0.2663048444778867,0,-0.0020089938894785053
2017-11-07,226.51470947265625,227.11017216799166,226.00679438480307,226.77740574297073,57502200,220.86687316894532,211.05038459777833,225.35865438800948,223.8350534108912,221.468136121572,-0.0006953122196898809,-0.000695554061341441,65.09759368780007,1.5236009771182921,1.540198742688304,-0.016597765570011802,0.04706054881630783,0.6603336976052492,226.91877437016976,222.3302170238732,0.02042768012481469,1.6477630168554989,1.1915595716297755,0.005260407036716592,1932116300.0,1681064545.0,59660260.0,0.9638275126524759,227.11017216799166,182.25602117291444,-0.002621911161667186,0.24283800345751874,0,-0.00363398313814578
2017-11-08,226.8999786376953,226.99631841527642,226.05932388502706,226.33955104389406,50469600,221.13779663085938,211.19385299682617,225.59578119565347,224.06208490917297,221.68114955357683,0.0017008571581775822,0.0016994123386970268,66.37092256350508,1.533696286480506,1.5388982514467444,-0.0052019649662384815,0.04709122206954935,0.6626846307325573,227.22424147988716,222.38290573690972,0.021535848675657207,1.7320881168844409,1.165915096656432,0.005138453972788239,1982585900.0,1708216210.0,59800025.0,0.8439728913156809,227.11017216799166,182.25602117291444,-0.0009255134998571203,0.24495189337215448,-1,-0.010304559136959046
2017-11-09,226.0768280029297,226.2694808113367,224.49180501507703,225.69152238611562,95085500,221.372041015625,211.33424171447754,225.6697883967729,224.21132513834013,221.85352910061027,-0.003627812746866743,-0.0036344092182042593,55.4302435401428,1.4584632584327721,1.5228112528439501,-0.064347994411178,0.04904099022923415,0.6923172236785714,227.28290755680592,222.6333598382136,0.020668502366063973,0.9624112900135557,1.252234336384644,0.005538976937381731,1887500400.0,1732966855.0,62201045.0,1.528680104972513,227.11017216799166,184.72797444040046,-0.004549968657051694,0.2238364475536962,0,0.0017430279388648273
2017-11-10,226.00682067871094,226.1819693619202,225.37632283266942,225.6915851176587,59984700,221.57909332275392,211.47583450317381,225.72163951707108,224.34432480799722,222.01640328014366,-0.00030966165279811,-0.0003097096078678698,61.199660956811414,1.3773147090738576,1.4937119440899318,-0.11639723501607424,0.049123956965187156,0.6956643260879131,227.31988459782553,222.87135380549478,0.01976284926427368,0.8193280152650525,1.216580803935772,0.005382938445319096,1827515700.0,1751978245.0,62460260.0,0.9603658390150793,227.11017216799166,184.81378879315955,-0.004858221359035321,0.22288938587614765,0,-0.0008913294412893347
2017-11-13,226.21693420410156,226.44462210368795,225.28870515430896,225.32374022899884,50228600,221.78424865722656,211.624608001709,225.79783869969114,224.48303661511608,222.181129983044,0.0009296778068894618,0.0009292459241309669,60.255222057324005,1.3148020845750636,1.4579299721869583,-0.14312788761189466,0.04906667987262158,0.6970669544187978,227.38224994768046,223.07519786726095,0.019123014177307815,0.9177602473911451,1.2541116688162017,0.005543845217549868,1877744300.0,1771589980.0,63060605.0,0.7965131320893607,227.11017216799166,185.15711884076237,-0.0039330601327243935,0.22175661200826524,0,-0.00011615237761963826
2017-11-14,225.69155883789062,225.7966373460059,224.63195485854894,225.41133166696056,61315200,222.00991729736327,211.77084075927735,225.78148795172183,224.57255677976605,222.31879385970467,-0.0023224404842164814,-0.002325141531943283,65.32742851388566,1.2089311719557827,1.4081302121407233,-0.1991990401849406,0.05014296649651818,0.7145418454205245,227.36667988865938,223.2886789980594,0.01809809119178839,0.35691938666622736,1.2071990842678986,0.005348888945975174,1816429100.0,1786557905.0,64548315.0,0.9499117056734944,227.11017216799166,186.08413405189424,-0.00624636631886176,0.21284686621886237,0,0.008768689335255875
2017-11-15,224.56187438964844,225.24491130367502,223.85256785292583,224.7194921258247,80811500,222.19835327148436,211.9110366821289,225.59385509601825,224.5717654916092,222.4067578020554,-0.005005435090523758,-0.005018004240999697,54.59642350624539,1.0220896044090466,1.330922090594388,-0.3088324861853413,0.053673468901441354,0.7671017590233126,227.32550635595229,223.3929033730516,0.017450376545591593,-0.8109951373269841,1.2753806641461611,0.005679417610903911,1735617600.0,1795440840.0,66544475.0,1.2143983403580838,227.11017216799166,186.6162756101203,-0.011220535628224832,0.2033348841384246,1,0.012946759732543889
2017-11-16,226.47088623046875,226.83868769595327,225.46384833002168,225.50762212937235,67777000,222.4254916381836,212.0601300048828,225.72878296285677,224.71244110189508,222.5661353874834,0.008501050527873089,0.008465120085233958,55.05022569652616,1.0163418609616883,1.268006044667848,-0.2516641837061597,0.06133182525863972,0.8787746755314034,227.39851070753508,223.5677185405118,0.016989264022766588,1.0314019266479315,1.2960245523062497,0.005722698285321084,1803394600.0,1804617435.0,66838135.0,1.0140468461605041,227.11017216799166,187.04545671426322,-0.002814871440676989,0.2107799366462726,0,0.006728138183031529
2017-11-17,225.8053741455078,226.44463736299932,225.72656526509385,226.12063639109735,75756800,222.64437377929687,212.19911834716797,225.74056622172617,224.79339910512567,222.69316435838633,-0.002938620924032076,-0.002942947147999935,56.29976858719516,0.9471671166004967,1.203838259054378,-0.25667114245388123,0.05999297054240357,0.8618654864788571,227.42972091348102,223.60218368856974,0.016972356881442125,0.30246273483250674,1.2678793872021166,0.005614921221428068,1727637800.0,1805547370.0,66167155.0,1.1449305928296298,227.11017216799166,187.36300537884298,-0.005745220524595006,0.20517587604306084,0,0.009190870271551965
2017-11-20,226.19065856933594,226.3833113891138,225.80535292978027,226.0505717221622,48075500,222.82512634277344,212.34180290222167,225.80981119828152,224.89689980617828,222.83032099410985,0.0017062677329364728,0.0017048137118794225,56.49723854809651,0.9129113921032399,1.1456528856641504,-0.23274149356091045,0.058255745916965196,0.8392442887149162,227.45421225714128,223.76946785760484,0.016332229720742546,0.6283404747502817,1.2660033468074456,0.0055970629150423916,1775713300.0,1812076845.0,65375165.0,0.735378641109357,227.11017216799166,187.9724385299163,-0.004048755676058265,0.20331821163950642,1,0.017692696209181236
2017-11-21,227.6705780029297,227.8544920984872,226.15565178250472,226.9612714170117,69176800,223.02083923339845,212.49184394836425,226.09608301438124,225.1023574503821,223.02013499445573,0.006542796430915043,0.006521485244343628,62.25521599417797,0.9937255639991349,1.1152674213311473,-0.12154185733201239,0.06205240322020929,0.8963456471889085,227.7629477113393,223.7610940367076,0.017725982692477653,1.9076730757020628,1.3022830039014528,0.005720032053876961,1844890100.0,1818718365.0,65487210.0,1.056340619794308,227.8544920984872,188.1012090326381,-0.0008071558908657877,0.21036211927497903,1,0.010461898397110758
2017-11-22,227.46922302246094,227.81072819609298,227.3028397991232,227.67938005238835,45033400,223.2104342651367,212.6395834350586,226.30733532331658,225.27768082609165,223.19460903476966,-0.0008844137096456484,-0.0008848050341960975,60.50389832967285,1.029654497224925,1.098144836509903,-0.06849033928497783,0.05875799399584266,0.851144090130822,227.80987315535592,224.10560688614797,0.016393624174448503,1.6321537278690705,1.2409840394662248,0.005455612952718824,1799856700.0,1828293980.0,62553115.0,0.7199225809937683,227.8544920984872,188.1012090326381,-0.001690855740775777,0.20929165842305641,1,0.020210736624297843
2017-11-24,227.99461364746094,228.0997188854614,227.81949169866428,227.95960529206286,27856500,223.4119320678711,212.78407875061035,226.56691660395416,225.47893510915605,223.38284450977716,0.002309721807719489,0.002307058500515738,59.4839893060158,1.0879814947981004,1.0961121681675423,-0.008130673369441954,0.058964473958393465,0.8564971752232476,227.94901630545343,224.38154247140204,0.01577374672053186,2.0511256335182133,1.2109595749715314,0.005311351683263844,1827713200.0,1835772520.0,60456040.0,0.4607728193907507,228.0997188854614,188.1012090326381,-0.0004607863548190256,0.21208478573840947,1,0.01574724155735674
2017-11-27,227.88072204589844,228.33607103290558,227.67930381037564,228.0383397655632,52274900,223.605283203125,212.92407615661622,226.76904051809944,225.65684525261844,223.5592318641349,-0.0004995363694801913,-0.0004996611793388479,57.04069331190145,1.112195265481006,1.0993287876302351,0.012866477850770774,0.05250345890148365,0.7650030777576977,228.1989382173293,224.35229469282697,0.01699981458349486,1.6690973093056438,1.209083162478527,0.005305772035578334,1775438300.0,1836359190.0,58791660.0,0.8891550264102085,228.33607103290558,188.1012090326381,-0.0019942052298058555,0.2114793053050395,1,0.0150254536659713
2017-11-28,230.1925811767578,230.21885080268228,228.24854868654762,228.34488846422593,98971700,223.83559020996094,213.0701934814453,227.29573908096995,225.99282569144356,223.81936320972795,0.010145040397027127,0.010093924896542157,67.12896701597396,1.3029133895263953,1.1400457080094673,0.1628676815169281,0.06024213739186388,0.8801483203218597,229.0313363851816,224.0558187661856,0.02196273967349068,2.933567019607496,1.297279660592474,0.005635627586087723,1874410000.0,1844608730.0,61025960.0,1.6217966911130934,230.21885080268228,188.1012090326381,-0.00011410718901983376,0.22376981179752162,0,0.0012172292526644313
2017-11-29,230.0524444580078,230.8580907785463,229.60586086220994,230.32390613990088,77512100,224.05871612548827,213.21159523010255,227.71984760051424,226.29353819267055,224.06379776848405,-0.0006087803439781547,-0.0006089657259735233,65.02506116203503,1.4263094078436893,1.1972984479763116,0.22901095986737774,0.060554555135944876,0.8870997846096438,229.64045185586156,223.93358531454862,0.025163991205999447,2.2887697456213427,1.3197964738844032,0.005736937405702332,1796897900.0,1845967425.0,61886325.0,1.2524915641702752,230.8580907785463,188.1012090326381,-0.0034897902768819436,0.22302480479054546,0,0.002017680639624597
2017-11-30,232.06654357910156,232.97724165581693,230.89312254939045,230.97193141811024,127894400,224.32054779052734,213.35780097961427,228.38857005875843,226.72116822129507,224.3776309375279,0.008754956400654157,0.00871685399828201,75.63730458953353,1.667401837463359,1.291319125873721,0.3760827115896379,0.06641756103879642,0.975049208701598,230.74874068688715,223.48381851721442,0.03198767689573905,2.7255702724469555,1.3566981578266055,0.0058461600578118885,1924792300.0,1851010705.0,65570910.0,1.950474684581928,232.97724165581693,188.1012090326381,-0.003908957245106198,0.23373233363340515,0,-0.0035469799449828754
2017-12-01,231.58489990234375,232.32924152209492,228.3448639162651,231.84762285727766,164390900,224.58447967529298,213.50246200561523,228.8803131116177,227.0814446421135,224.66026893614813,-0.0020754550368594638,-0.0020776117783277994,73.06272829933947,1.7988684695042139,1.3928289945998196,0.4060394749043943,0.06750614848452524,0.9929427767438357,231.48077735823125,223.35337944108517,0.035737852118842006,2.051245204491135,1.5837503775822503,0.006838746301032998,1760401400.0,1845011965.0,70967980.0,2.3164094567719133,232.97724165581693,188.19562825119576,-0.005976299416962437,0.23055408913768063,0,0.003970640597297903
2017-12-04,231.3047332763672,233.63404479524854,231.25216729855987,233.2049653139705,94040600,224.8419332885742,213.64412467956544,229.2533008292715,227.3942808372434,224.92083616517635,-0.0012097793340356544,-0.0012105117077875246,70.91449890608378,1.8590199920280952,1.4860671940854746,0.3729527979426206,0.06763766915830892,0.9966157913203276,232.04590813324475,223.28651984527087,0.038474695627815816,1.661540356850398,1.6713189881043706,0.007225615163298227,1666360800.0,1831331710.0,72690525.0,1.2937119383853672,233.63404479524854,189.19122834200022,-0.009969914790983091,0.2225975554122338,0,0.008215235163605117
2017-12-05,230.4727783203125,232.18912267969407,230.34143020779618,230.4727783203125,77994500,225.0916796875,213.7755841064453,229.44091275097009,227.62231768784113,225.13855938694638,-0.003596791748574635,-0.003603275756435719,69.17102693495573,1.818595063128953,1.5525727678941703,0.2660222952347826,0.06962011162775593,1.0274858395391497,232.3817197731737,223.33075428688488,0.039722263495012365,1.1563589732346722,1.6900842114147463,0.007333118573621119,1588366300.0,1811269100.0,74107620.0,1.052449127363691,233.63404479524854,189.39725300563228,-0.013530846832303496,0.21687497924512517,1,0.013640121756346435
2017-12-06,230.51661682128906,230.94572307452924,230.0525022108374,230.56915608104308,75898600,225.3396759033203,213.90816925048827,229.6064056848653,227.83671021624468,225.34946360005787,0.0001902111880460744,0.00019019310019168396,76.15385234014148,1.7696954686206254,1.5959973080394614,0.17369816058116405,0.06943167212472014,1.0245022838274525,232.6847829305754,223.4278818643465,0.040590414521337714,1.0631136295668633,1.6225292027523932,0.00703866482653734,1664264900.0,1797876530.0,75027440.0,1.0116112185088548,233.63404479524854,190.0152258232298,-0.013343209362708766,0.21314813495912954,1,0.013333565453202745
2017-12-07,231.243408203125,231.55864369859842,230.25387446911444,231.243408203125,77218600,225.58521911621094,214.04369773864747,229.85825222613605,228.08905821527284,225.5805986825311,0.0031528806550176203,0.0031479207493976605,73.39048861182073,1.7691940108632025,1.6306366486042099,0.13855736225899262,0.06984800106015032,1.0310522244698426,233.07775993308516,223.46924781837967,0.042092104215196935,1.2363638784868227,1.5530974829794755,0.006716288671957426,1741483500.0,1785821410.0,76364890.0,1.0111793521865873,233.63404479524854,192.30073279270974,-0.01023239825436674,0.2025092408378571,0,0.006021207319043098
2017-12-08,232.5044403076172,232.51317903458224,231.20840959928682,232.1979434893843,76563900,225.85072814941407,214.1842364501953,230.26535808482544,228.41612355544652,225.85212188351488,0.005453267248960891,0.005438452023633078,81.02176886899109,1.8492345293789185,1.6743562247591517,0.17487830461976683,0.06937739823620935,1.0241557565516797,233.634598151597,223.55517083033658,0.04409296972548275,1.551499183630207,1.5931295165452266,0.006852039102726045,1818047400.0,1782348760.0,75438810.0,1.0149139415110073,233.63404479524854,192.30073279270974,-0.004834931007684748,0.20906684509749096,0,0.008896918249432284
2017-12-11,233.2049560546875,233.2662607564171,232.4781452556727,233.2049560546875,83077500,226.11483673095702,214.32668029785157,230.71760392634266,228.77085188872363,226.14046832160008,0.0030129134142276026,0.0030083836867771116,81.56012495279943,1.946752037619035,1.7288353873311284,0.21791665028790663,0.06928638803768879,1.0229545611113784,234.23848849684265,223.67109402268858,0.046154939217518294,1.608784380561634,1.6081407337888598,0.006895825719122986,1901124900.0,1786029220.0,76593450.0,1.0846554111350253,233.63404479524854,192.30073279270974,-0.0018365848219470129,0.21270965881378312,1,0.01224472169659463
2017-12-12,233.616455078125,234.08933491377155,233.23991498859348,233.9929951676565,85195800,226.36808380126953,214.47394470214843,231.16358102661684,229.1297854583089,226.43364427283635,0.0017645380715707315,0.0017629831031995926,79.59863578704301,2.033795568307937,1.7898274235264902,0.24396814478144702,0.069246160935995,1.0224545804110383,234.83276189854308,223.8167727083905,0.04803663084317043,1.5583485782416289,1.5499649154389712,0.006634656428292428,1986320700.0,1791458040.0,78341810.0,1.087488277332372,234.08933491377155,192.30073279270974,-0.002020082785150124,0.21484953117652172,0,0.006580934336440913
2017-12-13,233.59022521972656,234.29953173196404,233.5026509057863,233.86168688619134,102905400,226.61135040283204,214.60678909301757,231.5369109024799,229.46018840359912,226.71429450604774,-0.0001122774437685159,-0.00011228374735254344,81.01110427380029,2.0767224988807698,1.8472064385973461,0.22951606028342364,0.06801078214931364,1.0044653085363722,235.26340263726956,224.17599860784765,0.04826492459886625,1.3963681978218268,1.5706072318109676,0.0067237712123166815,1883415300.0,1794807350.0,80421320.0,1.279578599306751,234.29953173196404,192.30073279270974,-0.003027349252447136,0.2147131309765978,0,0.00616661165390453
2017-12-14,232.63577270507812,234.00184675634205,232.58323345110134,233.8880027980811,100666700,226.8302737426758,214.7413793182373,231.70596656441808,229.69541687037534,226.94650933738228,-0.00408601221969207,-0.0040943827768686325,72.53403111882258,2.010549694042737,1.8798750896864245,0.13067460435631273,0.06687185339043238,0.9883416865418706,235.24550273985798,225.00128833680216,0.044516179587440134,0.9809935899106599,1.6269013348281274,0.0069933412041948365,1782748600.0,1797163900.0,81414080.0,1.236477768955935,234.29953173196404,192.30073279270974,-0.007100991686100483,0.20974979828000695,1,0.012375362537286883
2017-12-15,234.57301330566406,235.0395001397508,233.5872318344265,233.6400396374906,144610300,227.06167053222657,214.885008392334,232.1470506784559,230.05672031002635,227.24558792437372,0.008327354723049574,0.008292873596835901,77.6051370104432,2.090330368429562,1.9219661454350523,0.16836422299450993,0.06664262630017433,0.985618878133421,235.71546868138552,225.34153510279418,0.04500065498819474,1.5594899972605853,1.7516842071240373,0.007467543612280231,1927358900.0,1803362115.0,85255745.0,1.696194197822094,235.0395001397508,192.30073279270974,-0.001984716755308667,0.21982381397642234,0,0.00375197334907873
2017-12-18,236.06048583984375,236.41254679897668,235.8668482832412,235.97246388492815,83653600,227.3278970336914,215.0391396331787,232.74911762636174,230.5014436826054,227.59127019556865,0.006341192080102642,0.006321171314045381,75.97090624219135,2.2476739437563253,1.987107705099307,0.26056623865701845,0.06608973982824365,0.9781516759107239,236.28948547134223,225.79302948227104,0.04543108925090963,1.912732589495107,1.716070259733235,0.007269620977131726,2011012500.0,1817530850.0,85650585.0,0.9766845141804927,236.41254679897668,192.30073279270974,-0.001489180518969188,0.22755895108473023,0,-0.0037661452859191202
2017-12-19,235.15386962890625,236.35088202545296,235.0834413346834,236.3068844869568,82382900,227.58334594726563,215.19180290222167,233.11907947290703,230.84606782677585,227.8878427223662,-0.0038406097814802642,-0.0038480038611484603,71.14395829986707,2.273011646131181,2.0442884933056815,0.22872315282549938,0.06951831660196822,1.0293536411719386,236.51988986011975,226.45894619945057,0.043461786488117854,1.4569017464989766,1.7171567436213186,0.007302268707426099,1928629600.0,1825176665.0,87365955.0,0.9429634232236115,236.41254679897668,192.30073279270974,-0.005324070939181963,0.22284437616985048,0,0.000561740009307643
2017-12-20,235.0306854248047,236.1748902835174,234.73143225961104,236.12208248145558,76751500,227.82459747314454,215.34574989318847,233.4131726962759,231.1560395007039,228.16795420089323,-0.0005238451074437434,-0.0005239823622276308,64.56918973891287,2.2571331955719813,2.0868574337589414,0.17027576181303994,0.0678368657987497,1.0048538531535123,236.78746661664428,226.92738018511352,0.042526507397965777,1.287316108098591,1.6113468026282658,0.006855899686952993,1851878100.0,1825526065.0,87744690.0,0.8747139000662034,236.41254679897668,192.30073279270974,-0.005845127058112516,0.22220379512622884,0,0.0031454970602748933
2017-12-21,235.5147247314453,236.22768365572136,235.26827941138984,235.65555446583778,67032300,228.0685235595703,215.50082191467285,233.73648839399428,231.47890507335143,228.45606284915016,0.0020594728120957306,0.002057355005175883,69.31111481019929,2.2575833206428513,2.1210026111357236,0.13658070950712764,0.0672084215717855,0.9960733101542233,236.99107960422364,227.5283173684326,0.040742161888012905,1.3759306902712911,1.4122482758487556,0.005996433036019832,1918910400.0,1831478750.0,88844635.0,0.7544890020652344,236.41254679897668,192.30073279270974,-0.003797692126276148,0.2247208906131316,0,-0.002690562099291527
2017-12-22,235.453125,235.5675508338231,234.9162099783356,235.5323366863719,78720900,228.31787353515625,215.6520027923584,234.00058633337977,231.77329173458466,228.73045744330113,-0.0002615536311606492,-0.0002615878422771271,70.83265007118698,2.227294598795112,2.1422610086676013,0.08503359012751055,0.06754226815634191,1.0015795413647048,237.11789584009642,228.14735226781374,0.03856098691558463,1.257672256785898,1.2886385157629587,0.005473015130986088,1840189500.0,1832102565.0,91387855.0,0.8613934532110421,236.41254679897668,192.30073279270974,-0.004058252457271149,0.22440056041703343,0,0.004710233965425692
2017-12-26,235.17144775390625,235.39148915291545,234.90740881930415,235.0482116774104,45244400,228.5561602783203,215.80125732421874,234.18071885961461,232.02500699527513,228.98304529861898,-0.0011963198453779356,-0.0011970360071935316,74.97647799313482,2.15571186433948,2.144951179801977,0.010760684537503007,0.06787664646963447,1.0070502119162428,237.0172734104723,228.97704726823864,0.03450782889595417,1.0817046063159736,1.1956402092485274,0.005084121481021361,1794945100.0,1833077905.0,91036330.0,0.4969927939757677,236.41254679897668,192.30073279270974,-0.00524971733469689,0.22293578572791467,1,0.012276186988538162
2017-12-27,235.2859649658203,235.64683622362304,235.0131156739141,235.33877277325166,57751000,228.7907827758789,215.9550129699707,234.3507567221078,232.26655943753775,229.23021861890138,0.0004869520216328471,0.00048683349897216615,75.16310403235676,2.0841972845700525,2.1328004007555923,-0.04860311618553981,0.059911607577434065,0.8895786951555807,237.16784395446876,229.33581510314843,0.03357756664606572,1.0388804610340068,1.1771044725354634,0.00500286735210262,1852696100.0,1831992210.0,88975295.0,0.6490678114638451,236.41254679897668,192.30073279270974,-0.004765321673533282,0.2235312967811019,1,0.016047522581663642
2017-12-28,235.7699737548828,235.8139981547031,235.40031921533006,235.78759425902078,45116100,229.0319332885742,216.10233879089355,234.56909780407318,232.52607160919294,229.48667960462615,0.0020571086300571473,0.0020549956793158245,74.51009228887989,2.043026194880241,2.1148455595805222,-0.07181936470028116,0.05964893744368671,0.8868048273950695,237.3021527234882,229.77325926381647,0.03223844915166022,1.1859738868674754,1.1216233267782363,0.004757278074536866,1897812200.0,1837037925.0,87355495.0,0.5164655068350308,236.41254679897668,192.30073279270974,-0.0027180158278158123,0.22604823357085524,1,0.02071906525619882
2017-12-29,234.8810577392578,236.36854024997027,234.68744702855656,236.35094660186965,96007400,229.25092712402343,216.24724914550782,234.6170916402554,232.70051502623477,229.69822384519995,-0.003770268119676512,-0.0037773934958811794,63.40908229994938,1.9165766140206415,2.075191770468546,-0.15861515644790458,0.05510153079223617,0.8204191461156963,237.4216847669966,229.93517863632368,0.032037642824610475,0.6425566297356474,1.148503597215257,0.004889724221568409,1801804800.0,1830888550.0,85761145.0,1.1194743260482354,236.41254679897668,192.30073279270974,-0.006478036299067924,0.22142570300263736,1,0.026455832832299242
2018-01-02,236.56216430664062,236.5973784613616,235.35634139761444,235.74361651795525,86655700,229.50231658935547,216.40237297058104,234.91633358893006,232.98656312107963,229.9673979809427,0.0071572675275033415,0.007131775849839552,67.05454838599658,1.9297704678504317,2.0461075099449233,-0.11633704209449158,0.05876119789017571,0.876024129526906,237.7455643555247,230.10902548822529,0.03264492444051812,1.3801380071112246,1.2148039701694984,0.005135242035555714,1888460500.0,1837291505.0,81874385.0,1.0583981791130401,236.5973784613616,193.29366676331898,-0.00014883577725994124,0.2238485009252907,1,0.021468344430083386
2018-01-03,238.05845642089844,238.20809643270974,236.7293974037698,236.7293974037698,90070400,229.76051330566406,216.56610549926756,235.39973710154055,233.3622589210662,230.28469439035274,0.006325153976517894,0.006305234143320079,70.32514819133263,2.037478180474352,2.044381644050809,-0.006903463576457103,0.06093045636371818,0.9095747700101336,238.29536930393368,230.23459285426947,0.034408798158963534,1.882436692595514,1.2692006320970026,0.005331466275883923,1978530900.0,1852900010.0,81675875.0,1.1027785132390684,238.20809643270974,194.22614878723348,-0.0006281902842608511,0.2256766553183392,1,0.013494687239266279
2018-01-04,239.0617218017578,239.54582890912957,238.11996519677746,238.70087760931304,80636400,230.05628967285156,216.7480347442627,235.96311936311244,233.784441356673,230.6288915437412,0.0042143656475934765,0.0042055100803682,72.98100660628636,2.1786780064394407,2.0712409165285353,0.10743708991090539,0.05861921837704244,0.8763584612377491,238.8518201783789,230.5370363279688,0.035428126318536285,2.100977547969612,1.3185214651008172,0.005515401860086169,2059167300.0,1876440060.0,81807970.0,0.9856790236941462,239.54582890912957,194.22614878723348,-0.0020209373278438475,0.23084210490957013,1,0.016605127071938952
2018-01-05,240.6549072265625,240.77811645182302,239.36106262844297,239.8539532505338,83524000,230.37604858398439,216.93554527282714,236.6849328805663,234.2933647544426,231.02206862934204,0.006664326738706539,0.006642218284218611,81.9662638408031,2.391568126123701,2.1353063584475684,0.25626176767613273,0.060674704245455784,0.9083212875219647,239.67424400567927,230.7284415411957,0.03803465728127577,2.4384908888109873,1.3397915611597102,0.0055672729744022,2142691300.0,1900361380.0,82189240.0,1.0162400820350692,240.77811645182302,194.22614878723348,-0.0005117127215553117,0.23904483886044486,1,0.016458486034355513
2018-01-08,241.09503173828125,241.25345513837206,240.2676737237684,240.55811662393486,57319200,230.7268524169922,217.12634025573732,237.36340962790706,234.79719193843064,231.41708679047693,0.0018288615710810863,0.0018271912399841577,79.52206832055322,2.5662176894764173,2.2214886246533383,0.34472906482307897,0.06056964633718211,0.907357534731742,240.48975799864172,230.8980899017489,0.04069544066362797,2.252416464486787,1.2385097025833514,0.005137018766640557,2200010500.0,1923287730.0,81194270.0,0.7059512943462636,241.25345513837206,194.22614878723348,-0.0006566679013983308,0.2413108803510831,1,0.011134652000037493
2018-01-09,241.64076232910156,242.26567261945058,241.23586666107144,241.51752620564912,57254000,231.08279113769532,217.32060096740722,238.02146388962927,235.30412307848036,231.81801524297202,0.00226354971682996,0.0022609917475029345,77.61347522550072,2.7173408111489152,2.320659061952454,0.3966817491964614,0.05926835853458786,0.8885939575347931,241.38762495982024,230.91385514271883,0.04435205163798133,2.0966747872466396,1.1907316588588313,0.004927693686204811,2257264500.0,1945248585.0,80228775.0,0.7136342291154265,242.26567261945058,194.22614878723348,-0.002579442161955096,0.24412064924279983,1,0.018466903201146634
2018-01-10,241.27098083496094,241.5350466212716,240.21479827128266,240.88370583678915,69574300,231.3947311401367,217.5140535736084,238.52138957352645,235.74611254192337,232.1887197759912,-0.0015302943533881397,-0.0015314664497130183,81.96841841690178,2.775277031603082,2.4115826558825795,0.36369437572050245,0.06035710960655522,0.9054481367098999,242.07061462374304,231.03746795682338,0.04664112524452933,1.7100976486101747,1.2020547565052138,0.004982177103708413,2187690200.0,1959576850.0,79553615.0,0.8745586231373647,242.26567261945058,194.22614878723348,-0.004105789209567885,0.24221677843833003,1,0.018313381632292236
2018-01-11,243.0313720703125,243.0313720703125,241.65831559560675,241.82554924347087,62361500,231.75869140625,217.70893730163573,239.21523303457047,236.28576139587813,232.6139218267489,0.007296323947701522,0.007269834548245424,85.70257399153215,2.9294716386923483,2.5151604524445332,0.41431118624781504,0.06353565495009446,0.9535290935490504,243.06760156892892,230.9819727108562,0.05098888181234709,1.988009063978415,1.224692843037013,0.00503923766139415,2250051700.0,1972763400.0,78411900.0,0.7953065797410852,243.0313720703125,194.22614878723348,0.0,0.2512803944670863,1,0.015536967210521002
2018-01-12,244.61572265625,244.78292946823333,242.99619373709777,243.29547378514889,90816100,232.14733337402345,217.91078918457032,240.04607759175195,236.90279556331308,233.08458068280777,0.006519119619993408,0.006497962062335223,86.98105322680449,3.1432820284388754,2.6407847676434018,0.5024972607954736,0.06497644527442523,0.9752887856480319,244.27558495320795,230.87653907022957,0.0563989728995401,2.101540872062423,1.2668169501955049,0.005178804274881868,2340867800.0,1995636025.0,77807435.0,1.1671905133487563,244.78292946823333,194.49375878205151,-0.0006830819957362809,0.2577047417257478,1,0.017163038227609118
2018-01-16,243.779541015625,246.52565422025643,243.08420246043607,245.8743400746922,106555100,232.5132977294922,218.10520820617677,240.6204565800401,237.4121841153362,233.50399089193786,-0.0034183478949962876,-0.003424203794972573,81.82995403532513,3.208272464703896,2.754282307055501,0.4539901576483949,0.06414172200743072,0.9625301941064311,244.9552682028013,231.31123265169086,0.05729580193707112,1.6553139474234435,1.4661105862192787,0.0060140837910811745,2234312700.0,2018214230.0,78101855.0,1.364309464864823,246.52565422025643,194.49375878205151,-0.011139259373703697,0.2534054693693427,1,0.022818373374220435
2018-01-17,246.10311889648438,246.4903939539756,243.7794954120626,244.7124689067845,113258800,232.92398162841798,218.31362976074217,241.46394309026232,238.0559570620879,233.99807434309653,0.009531472047157763,0.009486334161130205,86.14628889261128,3.407986028174406,2.885023051279282,0.522962976895124,0.0657521938545911,0.9863747584287099,246.1826681852446,231.23684322832963,0.06261086779910784,1.9787099632256435,1.6207664691633608,0.006585720962947592,2347571500.0,2039224860.0,76534280.0,1.4798440646465871,246.52565422025643,194.49375878205151,-0.0017139608658924468,0.26535226856439126,1,0.012767929097937447
2018-01-18,245.68946838378906,246.41118384964335,245.19655087610764,245.98872150095318,100728000,233.31133056640624,218.5217603302002,242.11402390465105,238.6214023451769,234.456560383908,-0.0016808015865467096,-0.001682215718338832,83.73256732126,3.492621559474145,3.006542752918255,0.4860788065558901,0.06555683764815583,0.9831258020955467,247.1691071081914,231.21330255977736,0.06670732128084939,1.6290657179857528,1.6622602137224152,0.006765695838153775,2246843500.0,2051016410.0,77388000.0,1.301597146844472,246.52565422025643,194.49375878205151,-0.003391881624296518,0.2632254624638477,1,0.014903265253775944
2018-01-19,246.80734252929688,246.80734252929688,245.68954141873647,246.2704273208626,140920100,233.71403106689453,218.73483016967774,242.83607292382732,239.22776828474136,234.9409047817664,0.004549947349642203,0.004539627630146737,84.37484258318499,3.608304639085958,3.1268951301517958,0.4814095089341621,0.06231199503547789,0.9344138923405059,248.19988082279636,231.34787613521146,0.07028290485387699,1.6694664353624673,1.7043917106242017,0.0069057577183785955,2387763600.0,2073973110.0,80314860.0,1.75459560036586,246.80734252929688,194.49375878205151,0.0,0.26897307180878555,1,0.02200322403427668
2018-01-22,248.81407165527344,248.81407165527344,246.54322885390033,246.5960635134814,91322400,234.1600183105469,218.96096855163574,243.7557650363575,239.9378648307067,235.48495054151175,0.008130751319679108,0.00809787484788666,90.56842011729162,3.817900205650801,3.265096145251597,0.5528040603992039,0.06441070177941055,0.9657043547549318,249.48893248697607,231.43716309407864,0.07507086664152539,1.8504610115795939,1.7465166806213017,0.007019364576136446,2479086000.0,2105333505.0,81043405.0,1.126833207464568,248.81407165527344,194.49375878205151,0.0,0.279290776287032,0,0.007039558197182716
2018-01-23,249.34219360351562,249.63263651822,248.532429194971,248.85808626496785,97084700,234.60886260986328,219.186886138916,244.61521558515108,240.63448177684072,236.02837183806093,0.0021225565930769186,0.002120307152312682,89.88958296422877,3.9807338083103616,3.4082236778633503,0.5725101304470113,0.06440067385834573,0.9653672584203578,250.6884015552924,231.62044091296934,0.07906950469637225,1.7175979164743331,1.7025085807031044,0.0068280003319867305,2576170700.0,2138196520.0,82546025.0,1.1761281055023547,249.63263651822,195.35714950619618,-0.0011634813410432694,0.27634025288440844,0,-0.0054011134032478925
2018-01-24,249.24534606933594,250.5832152829012,248.06592711458097,249.98468212184525,134816100,235.0722329711914,219.4133600616455,245.32754335194875,241.2723235762848,236.5466845530129,-0.0003884121366706239,-0.00038848758820274017,88.2593484768151,4.055219775663943,3.537622897423469,0.5175968782404738,0.06448386653290177,0.9666246209583037,251.63346511315268,232.05459946204263,0.0809565796017953,1.5121026748159028,1.7647482980067548,0.007080366096447919,2441354600.0,2168254775.0,85350785.0,1.5795531347485556,250.5832152829012,195.40032406693263,-0.00533902165815392,0.2755626033862625,0,-0.004519869334575155
2018-01-25,249.35104370117188,250.2048058868254,248.55889958863114,250.1080005095375,84587300,235.53911743164062,219.63975563049317,245.94654340567538,241.8707472892394,237.04881628431326,0.00042407063362603914,0.0004239807410878463,87.49139609541189,4.075796116435981,3.6452575412259716,0.4305385752100097,0.0633796380448065,0.9504934098877905,252.36155310433628,232.74447106558557,0.08087750331411792,1.3861453199606915,1.77607214157555,0.007122778053032882,2525941900.0,2204804615.0,87317930.0,0.9687277286577911,250.5832152829012,195.40032406693263,-0.004917215146825505,0.27610353202771004,0,-0.006071424418978233
2018-01-26,252.23789978027344,252.28192418600324,249.93186971272266,250.1871253122653,107743100,236.05953674316407,219.88179962158202,246.9144443863828,242.63868451079748,237.64446661748818,0.011577477424001614,0.011510971255817244,88.56905362657417,4.275759875585322,3.771358008097842,0.5044018674874802,0.06960855577507892,1.0439855544488628,253.49077273393434,233.31044491743287,0.08290993154809247,1.75166449885158,1.8628211297731323,0.007385175389566166,2633685000.0,2243854060.0,89817535.0,1.199577565783786,252.28192418600324,195.40032406693263,-0.00017450479606038603,0.2908775918604496,-1,-0.03883709927423962
2018-01-29,250.56561279296875,252.10590306158304,250.40718938329576,251.66582012769325,90118300,236.55701782226564,220.11994750976564,247.47616260278065,243.22586438355088,238.1511782322129,-0.006629800631710925,-0.006651875381474816,79.14369751529347,4.250298219229762,3.8671460503242265,0.3831521689055357,0.07827653547814047,1.1729371319553537,254.04274913669877,234.23803241847702,0.08112019750252579,1.2977155099969642,1.9231731999427057,0.00767532774551845,2543566700.0,2276141785.0,92067645.0,0.978827035273901,252.28192418600324,195.40032406693263,-0.006803148495764128,0.2823193307864717,-1,-0.07288904716794309
2018-01-30,247.99546813964844,250.61834443784775,247.52017119453294,248.7348040206489,131796400,237.02568969726562,220.35183517456053,247.55605576229877,243.57916836548404,238.53722881681824,-0.010257371810408422,-0.010310341177621477,67.38872289575167,3.976887396814732,3.8890943196223278,0.08779307719240403,0.08850249728144038,1.3245657107832776,253.81417872085308,235.77804387436174,0.07367819182619352,0.7095437838676106,2.0608540829530972,0.008310047350512922,2411770300.0,2306640060.0,93857095.0,1.404224155882941,252.28192418600324,195.40032406693263,-0.01699073788257009,0.2691661046309208,-1,-0.04482492711487762
2018-01-31,248.11878967285156,249.3510166989814,247.04498607996672,248.8493424937056,108364800,237.45864776611327,220.57540771484375,247.64263021007613,243.91543661047422,238.9129763013686,0.0004972733337760271,0.0004971497343652146,68.99422188438012,3.727193599601918,3.8567141756182464,-0.12952057601632827,0.087237108735409,1.304003501322692,253.61837729846064,237.12950783337527,0.06719894253097293,0.6658666592224188,2.123715980181367,0.008559271077299382,2520135100.0,2338223790.0,94942550.0,1.1413723351647918,252.28192418600324,195.83201266640026,-0.016501913589664338,0.26699810870821106,-1,-0.05047909030803266
2018-02-01,247.83712768554688,249.1397830207494,247.04498366652595,247.38826129573783,90102500,237.89928283691407,220.8006071472168,247.6725528986101,244.20593224566477,239.26294302231676,-0.001135190074383563,-0.0011358348906749466,64.52126619724024,3.4666206529453234,3.7786954710836618,-0.3120748181383384,0.08680562125576055,1.2955918298296252,253.411046588435,238.31470566986576,0.061401465549598536,0.5231073056769574,2.1476022743865024,0.008665377518058381,2430032600.0,2360798875.0,94944155.0,0.9490052336555105,252.28192418600324,195.83201266640026,-0.017618370855532594,0.2655598250309427,-1,-0.08505574411039252
2018-02-02,242.44171142578125,246.648903414558,242.40649726832018,246.51685703921194,173174800,238.22430389404298,221.00069351196288,246.86780805663642,244.0752492219697,239.38760060676637,-0.02177000802967366,-0.022010470980587723,44.660644608104,2.792558834666721,3.5814681438002736,-0.7889093091335524,0.12056645487099045,1.792820539681616,253.0732289243721,238.99052229633102,0.05723935808360176,-1.0197369805040002,2.4078804662501545,0.009931791242066362,2256857800.0,2370683400.0,99571075.0,1.7392078974742413,252.28192418600324,197.1183750689729,-0.03900482681021159,0.22992953518894133,-1,-0.05064435893272312
2018-02-05,232.3021240234375,242.79371086272545,231.75642559353702,240.68131857966466,294681800,238.31693481445313,221.14184448242187,244.62693358999041,243.20316587393026,239.10973877996915,-0.04182278430024933,-0.04272253304609672,30.6528478111686,1.423767716060155,3.14992805825225,-1.7261603421920952,0.19111761171378416,2.8204676283531565,254.69416177584816,236.53431112454246,0.07393647417904493,-2.932207467877701,2.9504400026335884,0.01270087398054058,1962176000.0,2361657635.0,110128965.0,2.675788335975009,252.28192418600324,197.1183750689729,-0.0791963206521089,0.17849045753422826,0,0.005342366523928499
2018-02-06,236.87908935546875,237.38079044207066,227.69896405469055,228.7903613429874,355026800,238.50513214111328,221.3091318511963,243.43495755391015,242.7347157614516,239.02226233194955,0.01970264090899776,0.01951105627288942,35.549141515171215,0.7002417924585416,2.659990805093509,-1.9597490126349673,0.20547954223125456,3.0071184597692855,255.09993716488344,235.70694149722596,0.0790249546645347,-1.7582327392655757,3.4483634201669537,0.014557483438279447,2317202800.0,2367517250.0,125014345.0,2.839888494396383,252.28192418600324,197.1183750689729,-0.06105405641023348,0.20170983183370564,-1,-0.01163023344078773
2018-02-07,235.59397888183594,239.72193155097972,235.5147403268163,236.32450463806282,167376100,238.6571194458008,221.4588079071045,242.22865314282183,242.2057722888875,238.8878198437098,-0.005425174831301116,-0.00543994453531452,34.6042544715326,0.02288085393433903,2.132568814861675,-2.109687960927336,0.20577100473543097,2.9861560795711783,255.63270102893168,234.5694992884511,0.08593678986688814,-1.8054465588256,3.662117580926075,0.015544190043850143,2149826700.0,2362145360.0,130520450.0,1.2823745244519154,252.28192418600324,197.1183750689729,-0.06614800231134894,0.19519034589951434,0,0.0071732390269436674
2018-02-08,226.7571563720703,236.03411293957473,226.72194221337324,235.89328316531945,246449500,238.63464813232423,221.55831619262696,239.8484228703985,241.06143036912326,238.41210755070432,-0.03750869420223091,-0.03823024579837775,25.250087302176297,-1.2130074987247497,1.46345355214439,-2.6764610508691398,0.24285992675991436,3.4877282347076197,257.658895595888,231.09192227520577,0.1087137754015551,-2.6526548354845114,4.2474244795470515,0.01873115956956941,1903377200.0,2347929710.0,139364210.0,1.7683844367215944,252.28192418600324,197.92135251854037,-0.10117557132279498,0.1456932437384629,1,0.05977562246660795
2018-02-09,230.1634063720703,232.0205437178095,222.6115805666625,229.54727943489118,283565300,238.63406463623048,221.67550636291503,238.35842033219416,240.2541693323045,238.08862907311084,0.015021576626278232,0.014909870027687712,27.746539697890825,-1.8957490001103565,0.7916130416934407,-2.687362041803797,0.24867574557178054,3.533813538008982,258.45783965613987,229.0061816451297,0.12083623292808329,-1.8428306170945166,4.757290218816615,0.020669185835415663,2186942500.0,2344774250.0,150424400.0,1.8851017521093651,252.28192418600324,199.11283262661516,-0.08767381129384963,0.15594461359345185,1,0.04439727448753783
2018-02-12,233.5431671142578,235.01305567391455,230.3041637362492,232.2141082919744,143736000,238.70387908935547,221.80872817993165,237.61761214481933,239.75705805689364,237.91037566295975,0.014684179363960048,0.014577410739507525,32.350110477478864,-2.139445912074308,0.20540125093989103,-2.344847163014199,0.254272117829665,3.5746814029174896,258.5813162982566,227.7754494488137,0.12668012051656524,-1.25108841184263,5.025107503001989,0.021516825198073655,2330678500.0,2344264785.0,153070395.0,0.9390189396192516,252.28192418600324,200.34748109326944,-0.07427704990045048,0.1656905584230156,1,0.022838871162854435
2018-02-13,234.12413024902344,234.66982881131727,231.7564818205949,232.33739453996532,81223600,238.7450308227539,221.9471092224121,237.08015339161994,239.33980414519954,237.76189545064852,0.0024876049337867467,0.0024845159663267,33.28809297029515,-2.259650753579592,-0.28760914996400566,-1.9720416036155866,0.25475737978970936,3.543842489345127,258.61578128784925,226.77544338256095,0.13119453458149552,-1.0768079296898696,5.053397418887856,0.02158426563512641,2411902100.0,2353144255.0,151803820.0,0.5350563641942607,252.28192418600324,200.44249406218304,-0.07197421692246316,0.1680364053761543,1,0.015225476696768991
2018-02-14,237.28395080566406,237.64482209210516,232.62786510372453,232.63667535917318,120735700,238.8590118408203,222.0986878967285,237.11150683993444,239.18751871264138,237.74315252339423,0.013496347229479122,0.013406082788454038,37.50688375793311,-2.0760118727069425,-0.6452896945125931,-1.4307221781943493,0.2574900006674979,3.543686038038836,258.26571619719476,226.2435916641334,0.13218373316463286,-0.620908599521193,5.294186753901168,0.022311609090819275,2532637800.0,2362397570.0,152177665.0,0.7933864670613786,252.28192418600324,200.8375196945119,-0.05944925871613941,0.18147222275294853,0,0.0030043777616626244
2018-02-15,240.31170654296875,240.3205167977766,236.5621910272961,239.02667178606794,111200300,239.03915130615235,222.26501525878905,237.60384525578587,239.27079188525823,237.84388013200498,0.012760052784962284,0.012679329276984296,37.68867587207608,-1.6669466294723634,-0.8496210815045472,-0.8173255479678162,0.2625539519085511,3.574547388910807,257.9344541126246,226.03707756462148,0.13181509431953553,-0.20993065594909208,5.353289988590392,0.022276442815045306,2643838100.0,2382247300.0,152701280.0,0.7282211386833168,252.28192418600324,200.8375196945119,-0.04744778161042187,0.19654787067924295,0,0.006153316501014583
2018-02-16,240.3820343017578,242.32721978062207,239.64269835895715,239.68672275896623,160420100,239.23733642578125,222.4329517364502,238.03125895516618,239.3531061383323,237.94341558964234,0.0002926522382149521,0.00029260942390161877,39.12798556807775,-1.3218471831661134,-0.9440663018368605,-0.3777808813292529,0.2617997500141999,3.5260535012256384,257.4623900108742,225.866610843618,0.13074232711629982,-0.16235917063947264,5.414276490353767,0.022523632042971583,2804258200.0,2403072030.0,153676280.0,1.0438832850456818,252.28192418600324,200.8375196945119,-0.04716901507169351,0.19689804309172862,1,0.017538826015031317
2018-02-20,238.8770294189453,240.8750232824043,238.08488544944555,239.43153825575493,86369700,239.40454467773438,222.59214912414552,238.16137748805528,239.31784119615548,237.98002789667385,-0.006260887537557158,-0.006280569086249075,40.03857973756977,-1.1564637081002047,-0.9865457830895294,-0.16991792501067526,0.2599840164718011,3.464712636236855,256.6404742956377,225.6948223352217,0.12831593365268204,-0.29608280983943414,5.392273961042619,0.02257343024634481,2717888500.0,2415012155.0,153428645.0,0.5629307356523939,252.28192418600324,200.8375196945119,-0.0531345827106294,0.18940439905000914,1,0.011164132712489838
2018-02-21,237.68878173828125,241.79916815751923,237.5919763859256,239.31709396501657,98883700,239.5334521484375,222.74132972717285,238.0886704496285,239.19717012520184,237.9686064786977,-0.004974307004547152,-0.004986720050946359,38.86484607367234,-1.1084996755733414,-1.010936561586292,-0.09756311398704942,0.2597456282337166,3.4253756838340355,255.63352271009666,225.53643273423927,0.1250996228476662,-0.38491375555909285,5.528071186226831,0.023257602423633866,2619004800.0,2417153860.0,153518595.0,0.644115457153578,252.28192418600324,200.8375196945119,-0.05784458198821533,0.18348793641657554,0,0.005924631248855672
2018-02-22,237.99684143066406,240.32927557049345,237.32793364711858,238.61296827236853,110511300,239.64330017089844,222.89222373962403,238.07454290824936,239.10825688856943,237.96971373171598,0.001296063239206724,0.0012952240742423627,39.50035541902487,-1.0337139803200728,-1.015492045333048,-0.018221934987024735,0.25997545194309435,3.3927225121265803,254.5396848838081,225.50542009666066,0.12096473637963137,-0.2790786781262606,5.592824226880503,0.02349957332736228,2729516100.0,2431561935.0,152303355.0,0.7255999055306431,252.28192418600324,200.8375196945119,-0.056623488985310826,0.18502181162500966,0,-0.009985343033350302
2018-02-23,241.79042053222656,241.7904205322266,238.7450533632714,239.2203505757101,92766400,239.81500946044923,223.06303985595704,238.64621638886123,239.30693567698847,238.1195453709517,0.015939619529226734,0.015813917793063886,49.280472818180435,-0.6607192881272397,-0.9445374938918865,0.2838182057646468,0.26775188828104823,3.4558384732114082,253.51835387203744,225.77068879153677,0.11578677003044902,0.3093448322811305,5.475891990047349,0.022647266082725163,2822282500.0,2446378965.0,152712310.0,0.6074585604788507,252.28192418600324,200.8375196945119,-0.04158642632692727,0.20391060843614736,-1,-0.020495107370154586
2018-02-26,244.59805297851562,244.69488517707467,242.27442939994546,242.8641254019329,86491400,240.03464141845703,223.24602973937988,239.56188355650036,239.69887029191642,238.37360449281695,0.011611843182657733,0.01154494312222579,66.21029330470908,-0.136986735416059,-0.7830273421967211,0.6460406067806621,0.2677740093760641,3.41843942918144,252.05497142756892,226.4700865558295,0.10693226799682881,0.8341681446260114,4.894976231165897,0.02001232704659284,2908773900.0,2460133410.0,151649725.0,0.5703366755198535,252.28192418600324,200.8375196945119,-0.030457478205305043,0.21789022962724586,-1,-0.020547002622211985
2018-02-27,241.54388427734375,245.49584682465152,241.48226622730925,244.7828878438035,99099200,240.19371459960936,223.4158731842041,239.86680674432245,239.83553799454066,238.49792919024938,-0.012486480018874646,-0.012565091180455706,56.40706866632574,0.03126874978178762,-0.6201681238010194,0.651436873582807,0.27008819703298037,3.4101671500959707,250.51566196484706,227.10722316698886,0.09802059125117876,0.46691566824334946,4.490101531877479,0.01858917498702591,2809674700.0,2473438810.0,152098770.0,0.6515450453675595,252.28192418600324,200.8375196945119,-0.042563651531143824,0.2026830676098226,0,-0.005648011158686628
2018-02-28,239.0970001220703,243.0929598055188,238.78015337228064,242.6440667161254,121907800,240.32293914794923,223.57521659851074,239.74837495628367,239.78083148546878,238.52142216796784,-0.010130184676768295,-0.01018184417384488,54.66257873054635,-0.03245652918511155,-0.5026258048778378,0.47016927569272626,0.2700350754271426,3.371503562035684,249.24839837081018,227.48463995926792,0.09130375561038238,0.13425639874951015,4.497645475382819,0.018810965729752185,2687766900.0,2487238640.0,151604340.0,0.8041181406811968,252.28192418600324,200.8375196945119,-0.052262658557384004,0.1904996660273129,0,0.004159875058880491
2018-03-01,235.620361328125,240.4348686322584,234.12406894031162,238.88576845292454,176855100,240.34388610839844,223.71145347595214,239.11329593656694,239.47264851085072,238.4076550762093,-0.014540704367559276,-0.014647456507265823,63.760563974200615,-0.35935257428377554,-0.4739711587590254,0.11461858447524986,0.2736737589796093,3.3813889077254506,247.65805635523122,227.82513914037423,0.08342215835486995,-0.42782136309445706,4.283261830078912,0.018178657421350948,2510911800.0,2486777475.0,155028855.0,1.1407882745441162,252.28192418600324,200.8375196945119,-0.06604342705739769,0.1731889623339317,1,0.023907666140642325
2018-03-02,236.83489990234375,237.3982186653987,233.08541347026275,233.94795839297973,139083200,240.35937438964845,223.85471687316894,238.76277346976337,239.27725972503538,238.34597840272437,0.005154641845775743,0.005141402157241713,61.11419822599071,-0.5144862552720042,-0.4820741780616212,-0.03241207721038303,0.27497852896856423,3.3635214524702572,245.89655619645183,228.48641652083333,0.07340119977701771,-0.08192615633435094,3.9192505475066945,0.016548450203592267,2649995000.0,2497775595.0,157477890.0,0.8831919198307775,252.28192418600324,200.8375196945119,-0.06122921542437046,0.1792363312521804,1,0.03638375662931481
2018-03-05,239.57229614257812,240.1884228564989,235.54112232743287,235.64676477079544,97307400,240.44774291992186,224.0301372528076,238.88731541942718,239.29911427448297,238.39406929448333,0.011558246868865751,0.011491960613174212,60.26373879853018,-0.4117988550557925,-0.46801911346045544,0.05622025840466294,0.2687750207811362,3.256049011770534,245.4790155221141,228.61701566685073,0.07113326729597758,0.5988092917007007,3.9047970637368223,0.016299034264850625,2747302400.0,2522297825.0,153684520.0,0.6331633140409978,252.28192418600324,200.8375196945119,-0.050378670942966636,0.1928662358855285,1,0.023255656945812886
2018-03-06,240.1796417236328,240.62853486564214,238.68334915728698,240.54929630838222,79213200,240.55072204589842,224.2044757080078,239.08613485084342,239.36433852997556,238.46409174268527,0.002535124431471081,0.002531916424184128,60.2993997678798,-0.2782036791321332,-0.43005602659479103,0.15185234746265786,0.21990717832867546,2.6448649170575145,245.67301585247287,229.21076710651153,0.06933169477123706,0.6652190197641228,3.8356426864248783,0.015969890948702607,2826515600.0,2565514805.0,142911090.0,0.5542830860782043,252.28192418600324,200.8375196945119,-0.04797126271102806,0.19589030022359893,1,0.014072057702679164
2018-03-07,240.09161376953125,240.4436746997118,237.82079793841837,238.01443547909676,87063500,240.64225982666017,224.37169723510743,239.24082391525693,239.41821076994265,238.52791613589494,-0.00036650880761512905,-0.0003665759883835558,55.332570169972904,-0.17738685468572157,-0.37952219221297717,0.2021353375272556,0.20948150414478353,2.502813825695791,245.9124034608198,229.2926319395708,0.06994779214511383,0.5990686612158231,3.6646369559186502,0.015263494206992205,2739452100.0,2586627270.0,129512925.0,0.6722379252881517,252.28192418600324,200.8375196945119,-0.0483201896283472,0.19545199589562545,0,0.009238149906664495
2018-03-08,241.2534942626953,241.37670352923723,239.77482190099204,240.769386869871,66901200,240.75826721191407,224.5394815826416,239.55046550717054,239.55415769533175,238.6348015526322,0.004839321436188815,0.004827649561031164,51.925179960236875,-0.003692188161210197,-0.30435619140262377,0.30066400324141357,0.20863050795312432,2.476480316507816,246.29227459667845,229.4787123417981,0.07067922473824399,0.8012581133253137,3.5106052314732716,0.014551520765335136,2806353300.0,2619453600.0,124489180.0,0.5374057408041406,252.28192418600324,200.8375196945119,-0.043714705121627534,0.20123717236529787,0,0.003283454102132488
2018-03-09,245.45184326171875,245.45184326171875,242.3448589239956,242.66173259355944,113625300,240.9638751220703,224.72596000671388,240.45836977710104,239.9910232928419,238.90213652161603,0.017402230843761135,0.017252546095062448,58.86709932656427,0.4673464842591386,-0.1500156562702713,0.6173621405294099,0.15821881101727417,1.8703959107622046,246.09869713127304,231.54175849616834,0.06095354136609853,1.8222555201774007,3.6187357727131655,0.014743159899005542,2919978600.0,2670283670.0,117847970.0,0.9641684960716761,252.28192418600324,200.8375196945119,-0.027073207667659867,0.22214137893690572,-1,-0.01280808597226446
2018-03-12,245.14370727539062,246.3671503226627,244.75643227197514,245.74224028281935,71924800,241.16102996826172,224.90846977233886,241.17919093068406,240.3727035878455,239.14690400215622,-0.0012553826536131352,-0.0012561713065265196,61.43934924675044,0.8064873428385511,0.04128494355149316,0.7652023992870579,0.1536866447771891,1.8096725654333135,246.14610682766252,232.99237889011093,0.05490574574842032,1.6951740042895713,3.5344915025509374,0.014418038879457529,2848053800.0,2703339235.0,107265945.0,0.6705278175659573,252.28192418600324,200.8375196945119,-0.02829460308598933,0.22060712384952555,-1,-0.024941088918542076
2018-03-13,243.55946350097656,246.80727721513375,242.95214699439256,246.30557629916845,91968900,241.3168197631836,225.07807243347168,241.54538671072908,240.60875987770706,239.31994555112956,-0.006462510467928673,-0.00648348289388004,60.56376545064059,0.936626833022018,0.22035332144559813,0.7162735115764198,0.15104080430110287,1.7717250377977152,246.22684897564696,233.91326638079838,0.05129162176214855,1.1335144080911708,3.509344248918619,0.014408572750467355,2756084900.0,2724609555.0,104677590.0,0.8785920654076962,252.28192418600324,200.8375196945119,-0.03457425938528894,0.21271893753441962,-1,-0.016929925629841525
2018-03-14,242.3096160888672,244.70366796236553,241.75513423868796,244.51884067897245,105895100,241.46539093017577,225.24164253234864,241.66296046121187,240.73474922668188,239.43718753300163,-0.0051315904302948745,-0.0051448022583085624,57.50604696716845,0.9282112345299822,0.36192490406247496,0.5662863304675072,0.15321718373175608,1.790281601117479,246.03034582905389,234.9283181113758,0.04616624483576473,0.6594413793719829,3.5055722346545264,0.014467326106318686,2650189800.0,2736523940.0,105911165.0,0.9998483162752482,252.28192418600324,200.8375196945119,-0.03952842887698777,0.20649576063993058,-1,-0.013755475990779087
2018-03-15,242.04563903808594,243.46269334085287,241.54393799427896,242.82018938069317,83433000,241.5750604248047,225.40480323791505,241.72183408842326,240.83185217567478,239.5394797488873,-0.0010894204491019854,-0.0010900142989000339,50.50640469019271,0.8899819127484818,0.4675363057996763,0.4224456069488055,0.14702624735338599,1.7121552096903059,246.09719350288586,235.337639260786,0.04469786359385231,0.49378352517957336,3.371656252155339,0.013929836809101974,2566756800.0,2738229890.0,104046030.0,0.801885473189126,252.28192418600324,200.8375196945119,-0.04057478624735024,0.20518137948653464,-1,-0.03736015230191225
2018-03-16,242.30807495117188,243.3596693637448,242.25505565037898,242.5731714551364,100343700,241.66005279541017,225.5695361328125,241.81202499038457,240.9412020108968,239.6480521097612,0.0010842414435925374,0.0010836540783640124,44.945724362204004,0.8708229794877695,0.548193640537295,0.3226293389504745,0.1403668081941624,1.629549288801724,246.23923343865127,235.39523616584094,0.04502998833000962,0.5499227308416618,3.2580538007846798,0.013445915087399455,2667100500.0,2739393010.0,103503200.0,0.9694743737391694,252.28192418600324,200.8375196945119,-0.03953453766857197,0.20648808708522,-1,-0.0588987891738878
2018-03-19,239.02955627441406,242.48479112275547,237.37705851392633,241.55692641312461,109208400,241.6594094848633,225.70955215454103,241.38395288023526,240.7995986230092,239.62379737112016,-0.013530373172328192,-0.013622742814869832,44.50497449889853,0.5843542572260674,0.5554257638750495,0.02892849335101788,0.14889052239982922,1.7225259951265446,246.22790806168825,235.27131374006956,0.04551033034121799,-0.6279522907745195,3.3362075158908846,0.013957301213665832,2557892100.0,2727074705.0,100942615.0,1.0818859804652377,252.28192418600324,200.8375196945119,-0.05252999379304887,0.19016385303898864,-1,-0.019889829844684126
2018-03-20,239.43601989746094,240.07227831724185,238.75556075924567,239.42717436015377,59757300,241.63503173828124,225.8480883026123,241.08427088288536,240.6985927914871,239.61643354862375,0.001700474323686807,0.0016990301541743758,50.8134730885323,0.3856780913982618,0.521476229379692,-0.13579813798143014,0.14729414915101985,1.698324676533203,246.22122599257392,235.33389485703543,0.04521738286711574,-0.4928813168809733,3.122201167659315,0.013039814013766204,2617649400.0,2722062750.0,99611995.0,0.5999006444956755,252.28192418600324,200.8375196945119,-0.050918845375030636,0.19218769611206152,-1,-0.03819858920132124
2018-03-21,238.97653198242188,241.4862109901256,238.76445478878995,239.3918677986891,78709600,241.59266174316406,225.985107421875,240.76000335973714,240.57103273155636,239.591339369557,-0.0019190425702692027,-0.0019208862916265746,59.41652238987442,0.18897062818078325,0.45497510913991024,-0.266004480959127,0.1462780175132632,1.6818881142937614,246.16081871163732,235.52307716238613,0.044168973222361234,-0.7014330796633167,2.865840918329949,0.011992143724559316,2538939800.0,2718059500.0,98603290.0,0.7982451701155205,252.28192418600324,200.8375196945119,-0.052740172513396244,0.18989983717147127,-1,-0.03919678274828964
2018-03-22,233.00277709960938,237.59795331535972,232.72880812684755,236.74961765474657,148785900,241.4199020385742,226.0956394958496,239.5665839351021,240.010421203264,239.33296437857868,-0.024997244847673628,-0.025314982191024616,41.51429185413645,-0.44383726816190006,0.2752126336795482,-0.7190499018414482,0.17152465933097977,1.9644558098563436,246.85811332433474,234.32637611658322,0.05208703722895134,-2.422479020301396,3.004049394075547,0.012892762187084607,2390153900.0,2701091390.0,100517020.0,1.480206038738514,252.28192418600324,200.8375196945119,-0.07641905835544394,0.16015561959748903,0,-0.001971962145556616
2018-03-23,228.0364227294922,233.77159492761265,227.8420096555202,233.44463361413833,183534800,241.15521087646485,226.179388961792,237.79271298039288,239.12345835335498,238.8899627452812,-0.021314571576947605,-0.02154500736759491,26.750461752500655,-1.3307453729620988,-0.045978967648781205,-1.2847664053133176,0.17367724257532868,1.9811637615334816,248.28050902971268,231.52858063093186,0.06982747413405188,-2.83385215492205,3.0956411614345773,0.013575204892188544,2206619100.0,2670308220.0,105055440.0,1.7470280453825142,252.28192418600324,200.8375196945119,-0.09610479044323147,0.1354273996031804,0,-0.002247367693805069
2018-03-26,234.27529907226562,234.55808665375656,229.23827674648547,231.64191725294216,141956100,240.98008941650392,226.29381240844725,237.25157237914252,238.76433544364465,238.70899554241785,0.02735912214415981,0.02699155058589596,40.30178366356064,-1.5127630645021384,-0.33933578701945266,-1.1734272774826857,0.19833383808128327,2.2509030361884967,247.8186298821072,230.95818438791235,0.07043133665485278,-1.2130422208100218,3.42253246257095,0.014609019713662685,2348575200.0,2642298285.0,107828675.0,1.3164967481980094,252.28192418600324,200.8375196945119,-0.07137501099944692,0.16649169651474954,-1,-0.016370700921863546
2018-03-27,230.28990173339844,235.74226061596968,228.73459679677995,235.21206754040583,129941400,240.69357299804688,226.3899129486084,236.18054612595114,238.13659961325607,238.3788350008877,-0.017011598553707707,-0.01715795804365282,35.72748679431753,-1.9560534873049278,-0.6626793270765476,-1.2933741602283801,0.2020977808408969,2.2815839001088483,248.10931241914494,229.54210359648005,0.07774376124557547,-1.8388991806147053,3.7357315381349707,0.01622186431109665,2218633800.0,2612746240.0,109370785.0,1.188081442407129,252.28192418600324,201.61793518066406,-0.08717240651926553,0.1422094047686891,1,0.011358125568709632
2018-03-28,229.6094207763672,232.0926172982425,228.50480702582675,230.42242836273297,146452300,240.4101705932617,226.48282829284668,235.16960376447668,237.5049567364495,238.0349364038477,-0.00295488839028224,-0.002959262692156186,32.80369459637788,-2.33535297197281,-0.9972140560558003,-1.3381389159170098,0.2000074300819114,2.2467954675304735,248.50536240500838,228.19729567604628,0.08520223827033531,-1.7218592747622063,3.8775835841471524,0.016887737319470898,2072181500.0,2581966970.0,110598010.0,1.3241856702484973,252.28192418600324,201.61793518066406,-0.089869710177571,0.13883430345926692,1,0.022360518891845427
2018-03-29,232.54330444335938,234.40790666269632,229.6182890991537,230.7494126132141,111601600,240.13897430419922,226.58525337219237,234.765557715074,237.13742693696133,237.81957828775012,0.012777714682054464,0.012696768494733087,30.196681554725316,-2.371869221887323,-1.272145089222105,-1.099724132665218,0.20069928116445382,2.241709690826993,248.6155517895194,227.77940060305875,0.08747427352794625,-1.0854541611347734,3.9204505046689877,0.016859012621556226,2183783100.0,2565610535.0,107335335.0,1.039747069313195,252.28192418600324,201.61793518066406,-0.07824032501072455,0.1533860032590056,-1,-0.01303441912372727
2018-04-02,227.52394104003906,232.5256357361147,225.04960334539643,232.013079812993,186286300,239.77566375732422,226.66392570495606,233.6514628419917,236.42531687052264,237.41582780744773,-0.021584639537720496,-0.02182099515935391,26.382963928015556,-2.773854028530934,-1.572486877083871,-1.2013671514470632,0.2126516721095839,2.3602917966354426,249.18692450985588,226.27693199649178,0.09636901816976805,-1.7822768305834857,4.340663579474373,0.01907783224759857,1997496800.0,2532985625.0,109695490.0,1.6982129347341446,252.28192418600324,201.61793518066406,-0.09813617533577447,0.1284905821308078,1,0.013710205660797392
2018-04-03,230.44004821777344,230.91724881743016,226.96714972539726,228.76104103303032,119956900,239.44831787109376,226.75921630859375,233.1573990536504,235.98196363698565,237.14226782353896,0.012816704758209285,0.012735265911378232,33.021311384766065,-2.8245645833352455,-1.822902418334146,-1.0016621650010995,0.2137534984473582,2.3576311841026483,249.14207725849167,225.4085544553755,0.10002525006615695,-1.1520022029111827,4.347447070280923,0.018865848640043863,2117453700.0,2501493190.0,110827965.0,1.0823703205233444,252.28192418600324,201.61793518066406,-0.08657725296294376,0.14295411274439798,1,0.016796517098031094
2018-04-04,232.9055633544922,233.6125052626878,226.75508245525387,226.88763069202741,123715300,239.13014770507812,226.86660369873047,233.1186550999338,235.7540821345787,236.97612255024302,0.010699160826371346,0.01064232980860446,38.200869182317696,-2.63542703464492,-1.985407341596301,-0.6500196930486188,0.21790165415030796,2.3879134652662857,248.84924938131178,224.97397449564136,0.10077714085146057,-0.671162715821561,4.626653433406377,0.019864933094639794,2241169000.0,2472225860.0,113053070.0,1.094311724573247,252.28192418600324,201.61793518066406,-0.07680439608992828,0.15518276261381297,0,0.000758924818944573
2018-04-05,234.7436065673828,235.62729725260604,233.5771283905443,234.66405067378514,82652600,238.83817596435546,226.97438026428222,233.36864763338747,235.6792320925642,236.88857290385636,0.007891796084291247,0.007860818732800465,41.186374874392584,-2.310584459176738,-2.0504427651123884,-0.2601416940643495,0.2204021953207748,2.3995380811878855,248.5213627363977,224.7670604203406,0.10037981557892615,-0.3200439205291332,4.684009044230659,0.019953723608170434,2323821600.0,2451444335.0,112832525.0,0.7325245978497777,252.28192418600324,201.61793518066406,-0.0695187246379559,0.1642992294164494,0,0.0010919025332358778
2018-04-06,229.51223754882812,234.27531822190647,227.992287884209,232.78190517782255,179521200,238.4435137939453,227.06318885803222,232.7753537742245,235.22241768191708,236.599304850718,-0.022285458995250806,-0.02253753191592572,36.209484642415006,-2.4470639076925806,-2.129766993628427,-0.3172969140641535,0.23156345030591366,2.50354291688428,248.13403950216136,223.98025798319023,0.1023217540651607,-1.0838735437965634,5.072386784053156,0.022100724729216318,2144300400.0,2418341690.0,118463525.0,1.515413288605079,252.28192418600324,201.61793518066406,-0.09025492694588537,0.13835228668108707,1,0.020906950017797632
2018-04-09,230.64334106445312,234.03671112210202,229.70663080225304,230.970302405471,105442900,238.06935974121095,227.15791465759278,232.44735181887506,234.8832268213642,236.3657376434135,0.004928292833990433,0.004916188551537336,40.52323690674856,-2.4358750024891265,-2.190988595400567,-0.24488640708855947,0.22143416429608473,2.3786087999046077,246.768021615624,223.86542565000101,0.09732668215013962,-0.8162188381715256,5.030725424370638,0.02181170894053605,2249743300.0,2384829925.0,118054405.0,0.8931720929854333,252.28192418600324,201.61793518066406,-0.08577143682159467,0.1439624200980941,1,0.024252681463102332
2018-04-10,234.31063842773438,235.0971362790858,232.39304426307268,233.53298611524056,103529000,237.71081451416015,227.27145599365235,232.73401129716112,234.84081286628052,236.28514551730845,0.01590029586961461,0.015775210354235653,44.60566046159514,-2.1068015691193978,-2.1741511901443333,0.06734962102493558,0.23139095813636648,2.468484644867095,245.25264425655985,224.29749612429953,0.08925627459194571,-0.08865253725248944,5.254802399844672,0.022426648807349597,2353272300.0,2360090850.0,119634615.0,0.8653766303339547,252.28192418600324,201.61793518066406,-0.07123493217460532,0.16215176104137421,1,0.01900821462560498
2018-04-11,233.0823211669922,234.74366437925775,232.7553598478326,232.82604325409434,91140200,237.36114868164063,227.37759216308595,232.78759743098126,234.71055422188877,236.1595445623941,-0.005242259886210965,-0.0052560487415213315,43.89528185505627,-1.9229567909075058,-2.123912310296968,0.2009555193894621,0.2311301503575004,2.448904414154574,243.89392736539887,224.60849878206207,0.08232797743193208,-0.24244043142620084,5.202412994851064,0.022320066870810795,2262132100.0,2335393210.0,119593180.0,0.762085262721503,252.28192418600324,201.61793518066406,-0.07610376003338037,0.1560594594827776,1,0.025136490106271614
2018-04-12,234.9999237060547,235.94547947818188,234.2311169080454,234.4078658821633,68890500,237.10123779296876,227.49261932373048,233.1279553194541,234.73198899849365,236.11406923469454,0.008227147084607145,0.008193488592924444,52.25820855401843,-1.60403367903956,-2.0199365840454866,0.41590290500592664,0.2336529652445409,2.4585046404349433,242.7664033714033,225.00505353777638,0.07594028909325001,0.2509258049980997,4.960658313109304,0.021109191164309704,2331022600.0,2319434850.0,117742950.0,0.5850923558480572,252.28192418600324,201.61793518066406,-0.06850272977625944,0.16557053069449393,1,0.011130868183174325
2018-04-13,234.31063842773438,236.42267263862578,233.30324481789924,236.30778850590198,85079200,236.8250747680664,227.61273948669432,233.30990656688184,234.70077784510408,236.043346457951,-0.002933129796171774,-0.00293743985140324,57.8540318701935,-1.3908712782222494,-1.8941235228808393,0.5032522446585899,0.2337092591952613,2.441479133466955,241.51501805758323,225.48293879056132,0.06866016877343695,0.2025089796378886,4.759932780868882,0.0203146251182143,2245943400.0,2303394180.0,117825260.0,0.7220794590226238,252.28192418600324,201.61793518066406,-0.07123493217460532,0.16215176104137421,0,0.005506525164267195
2018-04-16,236.237060546875,237.0058942313891,235.1236284260523,235.94545443544874,63405300,236.59307342529297,227.7330809020996,233.76023794841922,234.81457656375377,236.0509430888892,0.008221658786247366,0.008188045064337143,52.752948532371754,-1.054338615334558,-1.7261665413715832,0.6718279260370252,0.2361246375488232,2.4492415775059744,240.2033072610894,226.18754814662546,0.060103061421354374,0.868060821339489,4.48661791511105,0.018992015498012004,2309348700.0,2285506590.0,115978340.0,0.5466994957851613,252.28192418600324,201.93881833535443,-0.06359894269435898,0.16984472076370377,0,-0.0028425209300690923
2018-04-17,238.76446533203125,239.36536871926083,237.4919481778344,238.00447707444593,64682000,236.51952850341797,227.87538307189942,234.5301190843595,235.10716091695951,236.15735572587516,0.010698595636541741,0.010641770601661842,62.3997938833914,-0.5770418326000026,-1.496341599617267,0.9192997670172645,0.23495258031630095,2.420941564097281,240.14444586094882,226.21990045252775,0.059715308507144724,1.60358331563583,4.209521083196486,0.017630433730340195,2374030700.0,2276313520.0,113752020.0,0.5686228692905849,252.28192418600324,202.11220908904167,-0.053580766428615756,0.1813460770538717,-1,-0.026684870870215316
2018-04-18,238.94119262695312,239.74532760470183,238.48165610469013,239.20628910663888,57303900,236.65230987548827,228.01660842895507,235.20874578322008,235.39116326584792,236.26652580042725,0.0007401741908124038,0.0007399003969911147,63.858336411367354,-0.18241748262784085,-1.233556776219382,1.0511392935915411,0.23488776822075633,2.404403747698254,240.02905703937455,226.2858065470512,0.05894408077248088,1.6833749294717553,4.043511170881912,0.016922620693514502,2431334600.0,2266997780.0,113629350.0,0.5043054457321106,252.28192418600324,202.19897441618463,-0.05288025133823783,0.18171317790733335,-1,-0.025000750355221313
2018-04-19,237.6156768798828,238.4905223067502,236.58174658331473,238.28726367597648,77655900,236.66704162597657,228.14941970825194,235.57904287501435,235.55594205207274,236.3194336858961,-0.005547455976499527,-0.005562900254523278,57.9107310542295,0.02310082294161475,-0.9822252563871827,1.0053260793287975,0.23563305826852865,2.394743312166982,239.74185648926553,226.43692158690632,0.05708082618975517,1.3607846633307468,3.869294039261145,0.016283833163150734,2353678700.0,2257734725.0,113576665.0,0.6837311167747354,252.28192418600324,202.71919891513377,-0.05813435644841224,0.17214194882132539,0,-0.009595128708962397
2018-04-20,235.6008758544922,237.76592987926776,234.71718473713278,237.54500709992791,99953100,236.66717956542968,228.26971710205078,235.58240179493401,235.55927048188158,236.29125494740967,-0.008479242833835055,-0.008515396126783458,63.89914409441954,0.023131313052431324,-0.78115394249926,0.8042852555516913,0.2192875788404909,2.2147864414127922,239.9654483375365,226.47313961412368,0.057852455058075486,0.7060561470323773,3.551797185273433,0.015075483791779424,2253725600.0,2250913310.0,111135025.0,0.8993843300075741,252.28192418600324,203.02274008835104,-0.06612066395693253,0.16046545205706442,0,-0.00018788447585249557
2018-04-23,235.5655517578125,236.7320305255298,234.48744749700347,236.1753007969323,65558000,236.84334747314452,228.3995100402832,235.5798094815307,235.55973576158019,236.26279599879803,-0.00014993194126111664,-0.00014994318217821754,59.7909393040754,0.02007371995051699,-0.6209084100093046,0.6409821299598216,0.2034757038482798,2.0437751829887687,239.95323628780122,227.23826456669096,0.05443151982797036,0.6196793427943966,3.4299746093086787,0.014560595060329843,2188167600.0,2249990735.0,105236185.0,0.6229606289889738,252.28192418600324,203.3955408444979,-0.06626068229868913,0.15816477971810383,0,-0.00772773769492785
2018-04-24,232.39306640625,236.81152135905498,230.89078093505276,236.59059861141472,112885500,236.88794067382813,228.50664413452148,235.0895413161029,235.32516766118536,236.11104189712947,-0.013467526673102692,-0.013559036345178967,49.04675490245607,-0.2356263450824656,-0.5438519970239368,0.3082256519414712,0.18606398122180268,1.860705556462825,239.87248106201503,227.1307965258756,0.05456785914630509,-0.3480143882712034,3.363068724777843,0.014471467573386243,2075282100.0,2236326080.0,103782655.0,1.0877106583947,252.28192418600324,204.14997750334095,-0.07883584146555628,0.13834480536470717,0,0.007605328181434334
2018-04-25,232.9674835205078,233.40932906010042,230.51082339909723,232.33122486476995,103840900,236.87642700195312,228.615517578125,234.76307088601135,235.15052439150554,235.98776509804625,0.0024717480738158937,0.002468698328979193,46.53345690586608,-0.387453505494193,-0.5125722987179882,0.12511879322379516,0.17545758104699896,1.747846773629811,239.83233952908154,227.43869623752005,0.05304691428703071,-0.21560548318579442,3.3756952792699377,0.014489984732022827,2179123000.0,2234350540.0,102477630.0,1.0133030984420697,252.28192418600324,204.14997750334095,-0.07655895573103054,0.1411585069447057,0,-0.0016312153776091298
2018-04-26,235.33572387695312,236.16639548906852,233.55067794884684,233.9925234034569,67731900,236.90065887451172,228.73701622009278,234.85117134615626,235.1642428719091,235.96219485408182,0.010165540360643766,0.010114218769981809,62.79609030704072,-0.31307152575283226,-0.47267214412495695,0.1596006183721247,0.17805753249499923,1.7664900841846995,239.8591292166304,227.98453686002975,0.0507630784282325,0.47627431601417153,3.1219519425118585,0.013265949984474912,2246854900.0,2243084210.0,98541610.0,0.6873431436730129,252.28192418600324,204.14997750334095,-0.06717167852483939,0.15275899980494398,-1,-0.013856093271837122
2018-04-27,235.55661010742188,236.24588783109348,234.61990004622973,235.945436204683,57053600,236.86611206054687,228.85169006347655,234.959700386351,235.1933071115767,235.94628956989908,0.000938600510070664,0.0009381603000446139,61.245892753364025,-0.23360672522571235,-0.42485906034510806,0.1912523351193957,0.17281098544968734,1.707805401587774,240.01543242753465,228.12956421553176,0.050778576283984855,0.49945422880946855,2.9149172433397053,0.012374593275095967,2303908500.0,2249090480.0,95814210.0,0.595460735938855,252.28192418600324,204.14997750334095,-0.06629612538649447,0.1538409799901494,0,-0.0020257895124825565
2018-04-30,233.7451629638672,236.73204347115583,233.6744525672285,236.17531371211373,82182300,236.73478118896483,228.95552024841308,234.77284847519965,235.08603717470933,235.85997087946646,-0.00769007137065103,-0.00771979243896633,48.58552463337534,-0.31318869950968065,-0.4025249881780226,0.08933628866834198,0.1551853965192993,1.528762499536233,239.47330304378588,229.29381579166332,0.04343089283826603,-0.2508560353954727,2.8151883640036095,0.01204383580950844,2221726200.0,2260301950.0,90609010.0,0.9069992046044869,252.28192418600324,204.14997750334095,-0.07347637482132571,0.14496786050364324,0,0.009110942211044692
2018-05-01,234.16049194335938,234.26653056705342,231.62427567547851,233.17958073796163,74203400,236.61035034179687,229.05646018981935,234.67863977799345,235.0174782686834,235.79332464667797,0.0017768452370343635,0.0017752685149872573,52.81126687042605,-0.33883849068993754,-0.38978768868040564,0.0509491979904681,0.14924287114314644,1.465898056067523,239.31260910236767,229.82655410564013,0.04044026054811204,-0.17250149218538144,2.8618991040143067,0.012221955464231625,2295929600.0,2269225745.0,88321335.0,0.8401526086533905,252.28192418600324,204.14997750334095,-0.0718300857309271,0.14700229119313668,0,0.007321088532720843
2018-05-02,232.58746337890625,234.7789996239809,232.19863721256587,233.96601907116514,86368900,236.4845590209961,229.14966567993164,234.35692033198004,234.8374771657369,235.66760459696144,-0.006717736845349709,-0.006740402404046786,43.59455129893229,-0.48055683375687863,-0.40794151769570025,-0.07261531606117838,0.14677236508308478,1.4375141802663147,239.32226347153713,229.7850897389121,0.040660943246167806,-0.8246523679306089,2.841699396887545,0.012217766837493543,2209560700.0,2267645330.0,86454015.0,0.9990154881759974,252.28192418600324,204.14997750334095,-0.07806528696275755,0.13929703163988796,1,0.023936268619547008
2018-05-03,232.07489013671875,232.72881274557488,228.92010728332005,231.75677437071465,136311500,236.37228118896485,229.2397423553467,234.0058387634783,234.63284108951336,235.52671383381468,-0.00220378706032176,-0.0022062189726269007,44.00751545133606,-0.6270023260350683,-0.4517536793635739,-0.17524864667149442,0.14389414242102988,1.4054847241846176,239.3141565537064,229.52632501367643,0.04175335503158014,-0.9584760981724076,2.8909335141395656,0.012456899203685819,2073249200.0,2255116710.0,89136960.0,1.5292365815482152,252.28192418600324,204.14997750334095,-0.0800970347538105,0.13678626358369697,1,0.03579312865977702
2018-05-04,235.0794219970703,235.75988118738852,230.77585202279235,231.10281331097474,91222100,236.31393280029297,229.33904678344726,234.17100541480016,234.66592115673978,235.5091729774718,0.012946389239187228,0.012863301101217929,47.06670182484884,-0.4949157419396215,-0.4603860918787835,-0.034529650060838024,0.12655392843050994,1.2335234077294686,239.0165137790075,230.3806862331995,0.036795394372115695,0.17639166079701263,3.054417325635382,0.012993129299396729,2164471300.0,2256125255.0,84722005.0,1.0767226294986763,252.28192418600324,204.14997750334095,-0.06818761290345085,0.15150354103381275,1,0.02567517613890291
2018-05-07,235.8748016357422,236.84684011200807,235.1589871513474,235.8482919858096,55304900,236.19562042236328,229.4418489074707,234.43312791032972,234.75546785888812,235.52351135622752,0.0033834507159957727,0.003377739724901025,41.973462587300254,-0.3223399485584082,-0.4327768632147085,0.11043691465630029,0.12607292514156027,1.2263118264390818,238.85701975228585,231.0633263170501,0.033170274496204966,0.46941984988514013,2.95721089296052,0.012537205638130414,2219776200.0,2254626900.0,82215105.0,0.6726853903549719,252.28192418600324,204.14997750334095,-0.06503487161515525,0.15539959651419533,1,0.022703544654451235
2018-05-08,235.8748016357422,236.2370911954513,234.31065138539753,235.5036395685785,67499200,236.0211553955078,229.5456095123291,234.6549238680855,234.83838147198844,235.53728744562025,0.0,0.0,41.39812055532394,-0.1834576039029514,-0.3829130113523571,0.1994554074494057,0.11339934347301185,1.1013031770450146,238.9431161901367,231.13364620000002,0.03322636052217899,0.428413421808045,3.0045514865349543,0.012737907846446593,2219776200.0,2247952095.0,80413615.0,0.839400143868672,252.28192418600324,204.14997750334095,-0.06503487161515525,0.15539959651419533,1,0.015660204611234185
2018-05-09,238.1547393798828,238.48170075541387,236.02504070064637,236.5464151870487,59666100,235.9533724975586,229.66103118896484,235.19335702374661,235.08403761331397,235.6399326195129,0.009665880917884229,0.009619465150755976,51.435327385305456,0.10931941043264715,-0.28446652699535624,0.3937859374280034,0.1159549130881867,1.124258255700745,239.31880923163206,231.26519497979373,0.034228168317510285,1.4218397768900481,3.0222267062516175,0.012690180821599506,2279442300.0,2248817605.0,78839910.0,0.7568007117207516,252.28192418600324,204.14997750334095,-0.05599761002181309,0.16656755142667293,1,0.010166834863464036
2018-05-10,240.38157653808594,240.7085648074664,238.79094378719134,238.89698237483702,72063900,235.9790640258789,229.78497283935548,235.99154464133727,235.47644790403783,235.82587943984913,0.009350379354202465,0.00930693516032658,62.587139509993925,0.5150967372994444,-0.12455387413639613,0.6396506114358405,0.11693469673576734,1.1318265759770978,240.1812335940924,230.94093590053652,0.03922675811867613,2.0867257521568963,2.9868752980693745,0.012425558318926057,2351506200.0,2249841785.0,78998580.0,0.9122176626465944,252.28192418600324,204.14997750334095,-0.04717082956424327,0.1774754005748154,0,-3.6562962214437e-05
2018-05-11,241.11512756347656,241.38022411231702,239.992822581122,240.50537853303064,59871500,236.08895935058592,229.91253875732423,236.77978816782024,235.89412787881105,236.03330093489336,0.003051610842873309,0.003046964129412512,64.0933415483816,0.8856602890091949,0.07748895849272208,0.8081713305164728,0.1160838360937566,1.1216368887703525,241.09971290596826,230.70290550223484,0.04407269904016562,2.0059305342125877,2.925648048259995,0.012133822036901361,2411377700.0,2258113500.0,77738195.0,0.7701683837655351,252.28192418600324,204.14997750334095,-0.044263165736335444,0.1810685972744262,0,-0.005571228602251566
2018-05-14,241.22999572753906,242.20203432090474,240.68208461608054,241.5481115650527,54790600,236.17686126708983,230.0416808319092,237.46443548470006,236.2893773490872,236.23709288754614,0.00047640380437052876,0.00047629036010687524,76.56759923334596,1.1750581356128578,0.2970027939167492,0.8780553416961085,0.11332101940439421,1.0929466720915486,241.8706699050247,230.43124202124486,0.04844116695240326,1.7759768457756422,2.611305854032994,0.010824963314190717,2466168300.0,2265954480.0,77307460.0,0.7087362590880621,252.28192418600324,204.14997750334095,-0.043807849072515295,0.18163126284739017,0,0.0014283410932423024
2018-05-15,239.5686492919922,240.01931338963473,238.62309339518507,240.00164927713664,87036100,236.17678833007812,230.16378005981446,237.7881606858219,236.53228638189498,236.36774215830872,-0.006886981158940597,-0.006910805863553983,68.62846247386244,1.2558743039269302,0.48877709591878543,0.7670972080081448,0.11066576924241141,1.0653377154111239,241.99886815607107,230.38346216619453,0.04917798674625424,1.1631049771794266,2.590477044843766,0.010813088659553398,2379132200.0,2266209555.0,78425165.0,1.1097981113587712,252.28192418600324,204.14997750334095,-0.050393126400279736,0.17349339060334507,0,0.005569868380817189
2018-05-16,240.57601928710938,241.0355558477446,239.5774441834004,239.6039808016906,53942600,236.18471588134764,230.2915259552002,238.2170620090969,236.8318221526516,236.53277263394799,0.004204932482168688,0.004196116458793619,66.01842575127475,1.3852398564453097,0.6680696480240903,0.7171702084212194,0.11157339827658985,1.071970041312123,242.28596909240574,230.2598438958755,0.05089929850602013,1.431254945783878,2.4667623725003165,0.010253567166877182,2433074800.0,2266296565.0,78257100.0,0.689299756827176,252.28192418600324,204.14997750334095,-0.04640009361218957,0.1784278510791034,0,0.004114067963560508
2018-05-17,240.37278747558594,241.45089152917097,239.59513511324812,240.31092263582997,56536400,236.19033935546875,230.415859375,238.54871208086445,237.09411588027635,236.68336145126713,-0.0008447716947252992,-0.0008451287154148801,64.73789737033547,1.4545962005880995,0.8253749585368921,0.6292212420512073,0.10949792177000485,1.0512566888415322,242.67463147561296,230.14689257223858,0.05299140697370837,1.2650408763956416,2.4831744175759667,0.010330513880770203,2376538400.0,2267439550.0,77201125.0,0.7323261157139873,252.28192418600324,204.14997750334095,-0.04720566782119869,0.1774323485862358,0,0.0029041321530258735
2018-05-18,239.77182006835938,240.39041443409954,239.4183491314095,240.02809795909218,64368000,236.16070587158202,230.5366651916504,238.73688254047906,237.29246433865288,236.80447747546683,-0.002500147431570676,-0.0025032780192028124,69.91762910606349,1.4444182018261813,0.94918360719475,0.49523459463143127,0.10488234662827708,1.006248034710147,243.0452802929321,230.1933381763062,0.054314849274970094,0.9811780364870504,2.334208303201874,0.009735123595993838,2312170400.0,2270361790.0,75421870.0,0.8534394599338362,252.28192418600324,205.7454921627825,-0.049587794123610585,0.1653806727325806,0,0.0030225880802250416
2018-05-21,241.57455444335938,242.11361986539976,240.86761257666436,241.25643869377768,58025900,236.08316009521485,230.66857582092285,239.1734474486145,237.60965619826075,236.99153931734497,0.007518541480337593,0.007490418123788878,72.44460540125054,1.563791250353745,1.0721051358265492,0.4916861145271958,0.10736842705974399,1.02935408430487,243.69091940005464,230.14859933773832,0.057159943511635176,1.374888512948597,2.3127472250208365,0.009573637547836576,2370196300.0,2279463225.0,75045265.0,0.7732120074464391,252.28192418600324,207.08963159914614,-0.04244208053030981,0.1665217257760355,-1,-0.015912437159822934
2018-05-22,240.90301513671875,242.35228146923208,240.57605374826707,242.09600350202192,52966400,235.9983462524414,230.79516845703125,239.43953478524594,237.8536087122206,237.14493052594787,-0.0027798428861350866,-0.0027837138247693237,76.62703159079716,1.5859260730253482,1.174869323266309,0.41105674975903916,0.09373196514453418,0.8982022886333921,243.98699571469166,230.70351789614818,0.055966898169081666,1.0713333898930995,2.255309032845836,0.009361896245117103,2317229900.0,2291560615.0,72049310.0,0.7351409749794967,252.28192418600324,207.68789723997293,-0.04510394110080994,0.15992803787871868,0,0.0
2018-05-23,241.56576538085938,241.5923020009654,239.47142196883436,239.6305068489211,64694200,235.95847229003905,230.9230704498291,239.76664718457107,238.12858328026792,237.3182965986895,0.0027511081327251663,0.002747330761132026,80.1010087322804,1.6380639043031522,1.2675082394736776,0.37055566482947455,0.09376311312397775,0.8980095022046394,244.33640595408949,231.2139358427855,0.055188563472462274,1.1554515115263653,2.134750073551278,0.008837138284829271,2381924100.0,2301700670.0,70091975.0,0.9229901140608465,252.28192418600324,208.05209433598128,-0.04247691878726523,0.16108307465897073,0,-0.008852994210060694
2018-05-24,241.07086181640625,241.44202385280352,239.2858159433283,241.16808183683872,76043800,235.93369720458983,231.05115600585938,239.9672955894688,238.34652983850037,237.4654560189921,-0.002048732210347959,-0.0020508337329781298,72.59996753796159,1.6207657509684168,1.3381597417726256,0.28260600919579115,0.08927870138391056,0.85474596665365,244.67535373154672,231.4485018592736,0.055560550965714495,0.9099471436264103,1.941601521618058,0.008054069691328913,2305880300.0,2304651940.0,70507570.0,1.0785196539889264,252.28192418600324,208.6677839355453,-0.04443862716589739,0.15528548427422723,0,0.0029329405613836013
2018-05-25,240.49655151367188,241.12396470632257,239.9928410639693,240.49655151367188,56374800,235.90271545410155,231.17641334533693,240.04871957780773,238.50579070332788,237.58432250897957,-0.0023823298195687626,-0.002385172082288842,67.72911864521862,1.5429288744798555,1.3791135683140716,0.16381530616578388,0.09019091275934973,0.8631798214462738,244.897324356495,231.72052537495028,0.05529293117733341,0.6640843957167778,1.8961519164334513,0.007884320604595688,2249505500.0,2301931790.0,70473630.0,0.7999417654518435,252.28192418600324,208.6677839355453,-0.04671508951882817,0.15253321321492574,1,0.010104508659312561
2018-05-29,237.7305145263672,239.6304715224005,236.61708233856234,238.870483330366,115908600,235.81116424560548,231.3030457305908,239.69207264681688,238.4483628383678,237.59005552926928,-0.011501358210316948,-0.011568010383858011,55.87236623292844,1.2437098084490685,1.352032816341071,-0.10832300789200255,0.09592394254313288,0.9175085884599048,244.74721685742145,232.26916803027387,0.05231706592252717,-0.2492947184304151,2.035654013937434,0.008562863787146076,2133596900.0,2297525325.0,72159945.0,1.60627339724275,252.28192418600324,208.6677839355453,-0.05767916075076207,0.13927751588045326,1,0.02260077675688299
2018-05-30,240.90301513671875,241.34486068178572,238.96775645998835,239.03843988122983,69678400,235.84863342285155,231.44397232055664,239.87837149141717,238.63018893454193,237.71997551387514,0.013344944870338438,0.01325668543799308,58.231846938131916,1.2481825568752356,1.331262764447904,-0.08308020757266843,0.1056786183694133,1.009841097797698,244.8181583036257,232.87247890340558,0.050014291550968176,0.6890178326654848,2.1076145164907802,0.008748809205624321,2203275300.0,2292892610.0,71933695.0,0.9686475858080139,252.28192418600324,208.6677839355453,-0.04510394110080994,0.15448111152189406,1,0.017570570224388238
2018-05-31,239.42718505859375,240.79689499733175,238.82628179308952,240.49644336457965,93519900,235.84845672607423,231.56697631835937,239.8089581940597,238.6892256844717,237.78692490778568,-0.00612624162170583,-0.006145084034775907,47.00666461837091,1.1197325095880046,1.2889567134759243,-0.1692242038879197,0.10509215163551815,1.0032979541897282,244.38435028186055,233.99025909313943,0.04345586485997272,0.09231412988246535,2.073536510494041,0.008660405500681118,2109755400.0,2287902345.0,72291245.0,1.2936545773973045,252.28192418600324,209.09283407414108,-0.05095386508124103,0.1450759951615395,1,0.023732370579500506
2018-06-01,241.7779083251953,242.07836008535472,240.65560328518157,240.72631368058035,71258400,235.90448425292968,231.70186447143556,240.1118735988498,238.91801699119196,237.9434340614096,0.009818113452848998,0.009770228945544608,51.88728433705206,1.1938566076578354,1.2699366923123065,-0.07608008465447114,0.10813658165880889,1.0314276527014237,243.76896122435616,235.57594996949152,0.034184200409927284,1.0279261979499514,2.1638060458916084,0.008949560614865,2181013800.0,2293290575.0,69038590.0,1.0321531769406067,252.28192418600324,209.09283407414108,-0.04163602245662076,0.15631848119416952,1,0.016776356333988884
2018-06-04,242.92665100097656,243.1829289425689,242.36110278324185,242.59968964520834,45385200,236.10296173095702,231.84062278747558,240.54491627610008,239.2149528437686,238.1388543335495,0.004751230928163208,0.004739979455318946,54.562621562399976,1.329963432331482,1.2819420403161417,0.04802139201534028,0.10087519040422577,0.9615749285633105,243.7959473151384,236.33368677909988,0.03108435724912512,1.534030573444785,2.155596825359422,0.008873447258575005,2226399000.0,2296386960.0,66746745.0,0.679961247548476,252.28192418600324,209.09283407414108,-0.037082613886079245,0.16181241732482585,1,0.01331395279816694
2018-06-05,243.10340881347656,243.4833894856977,242.29040119634027,243.05920808091656,51135000,236.40430145263673,231.99703910827637,240.93853051261954,239.50298661930253,238.33354274452702,0.0007276180352038253,0.0007273534495383372,60.330480478337805,1.4355438933170035,1.312662410916314,0.12288148240068941,0.10071456705968145,0.959443628372101,243.8349207026023,237.01757410940945,0.028355251004190233,1.5707937798398348,2.054602965145382,0.008451559668263622,2277534000.0,2299274850.0,66538250.0,0.7685053333984588,252.28192418600324,209.09283407414108,-0.036381977829531335,0.16265777299319525,1,0.013885993776685535
2018-06-06,245.1358184814453,245.24185706079913,243.09449492457702,243.71308926161092,62732200,236.62151184082032,232.16527236938475,241.58426712320812,239.9202334239057,238.60029865577872,0.008360268076405886,0.00832551459982232,62.57290307162698,1.664033699302422,1.3829366685935356,0.2810970307088865,0.1033677545225398,0.9840491746851495,244.20962113265543,237.56897536392663,0.02756720957310487,2.557895950778476,2.1032069351789318,0.00857976181615469,2340266200.0,2305299350.0,66299900.0,0.946188455789526,252.28192418600324,209.09283407414108,-0.028325872840930216,0.17237790365653538,0,0.002271366201560543
2018-06-07,245.10935974121094,245.9135217591233,244.19915912192252,245.62191560533927,72969400,236.91790100097657,232.33254608154297,242.12658906443932,240.3046131511135,238.85555595324664,-0.00010793502311612357,-0.00010794084851991161,63.18889742421873,1.821975913325815,1.4707445175399916,0.3512313957858235,0.09943567723080622,0.9461079368737441,244.79938667177802,237.6746718609368,0.029534084516413952,2.174026933281432,2.0931073795559274,0.008539483689100458,2267296800.0,2304692075.0,66965065.0,1.0896636925537218,252.28192418600324,209.09283407414108,-0.028430750510306434,0.17225136302040345,0,0.0049033562887061954
2018-06-08,245.8340606689453,245.88707998426895,244.48201419196127,244.649917679858,72139700,237.24239379882812,232.4923767852783,242.6969693112864,240.7142018561381,239.12922280484267,0.0029566432244754193,0.00295228095123886,66.76467634441906,1.9827674551483199,1.5731491050616573,0.4096183500866626,0.09520565803699484,0.9055166364830877,245.59283523110386,237.42647171469693,0.03381381820136342,2.1181556198122524,2.1240359859571885,0.008640120820432369,2339436500.0,2304088590.0,66968855.0,1.0772126834182845,252.28192418600324,209.09283407414108,-0.025558166871694,0.17571729207025985,0,0.0006624053494941329
2018-06-11,246.1609649658203,246.87675252466192,245.94004221387883,246.0549263597859,58892500,237.51474700927736,232.65767601013184,243.22989171967623,241.11766579018862,239.40497739939082,0.0013297762563309057,0.0013288928869206798,63.81068868963983,2.1122259294876073,1.6809644699468476,0.4312614595407598,0.09494273693171212,0.902675192954829,246.3364697000332,237.18742098600194,0.03784321267373316,1.9232686406546275,2.0312425615769194,0.008251684266264391,2398329000.0,2303436155.0,66919905.0,0.880044584641894,252.28192418600324,209.09283407414108,-0.024262377258824318,0.1772807330094127,0,-0.002721664872658458
2018-06-12,246.47914123535156,246.8414308658151,245.83403700352798,246.57633431471666,72329000,237.8938510131836,232.8270492553711,243.72977626054936,241.51481211945995,239.68239558903633,0.00129255371409287,0.0012917190856649315,67.15603841737251,2.2149641410894105,1.7877644041753602,0.42719973691405033,0.09492118747117269,0.9021163869723897,247.05046286175985,236.99834237505655,0.0415334998370067,1.7726562752857258,1.9763258573856421,0.008018227617478347,2470658000.0,2303660640.0,67796825.0,1.0668493694210606,252.28192418600324,209.09283407414108,-0.023001183970570084,0.17880243159339396,0,-0.007826594970908984
2018-06-13,245.69261169433594,246.9739744526654,245.48935305247187,246.71769650737758,79070600,238.19890228271484,232.9900067138672,244.03175094267039,241.82427875463597,239.9180903382638,-0.0031910592396320325,-0.003196161526525302,62.601069187840295,2.2074721880344157,1.8717059609471716,0.33576622708724413,0.09164992988279892,0.8707787135559442,247.47158108955205,237.18962038749873,0.04242947721302248,1.307926008249079,1.9308788122472496,0.007858920945695506,2391587400.0,2304283400.0,67398550.0,1.1731795416963717,252.28192418600324,209.09283407414108,-0.026118845069570306,0.1750408032023572,0,-0.0029519844195440292
2018-06-14,246.31121826171875,246.8414113219372,245.71913338699366,246.55865067919098,77097600,238.46701538085938,233.15601364135742,244.382438222524,242.1566446440495,240.16880123722282,0.0025178069585276575,0.0025146425929822268,65.88113105290319,2.2257935784745086,1.9425234844526391,0.28327009402186953,0.09112965662234103,0.8656094784711116,247.981238105263,237.2534832692487,0.044216765055996275,1.3773087209953314,1.8500823972522613,0.007511157674054661,2468685000.0,2306063910.0,68556300.0,1.1245881122522656,252.28192418600324,209.09283407414108,-0.023666800320907597,0.17799932911321392,-1,-0.01169099577927546
2018-06-15,245.9969024658203,246.33421716450584,244.41687078976585,245.52644435691641,120041600,238.69208129882813,233.31922912597656,244.63081733687727,242.4411081864029,240.3973542265796,-0.0012760920843014611,-0.0012769069831363433,66.9359408166928,2.1897091504743855,1.9919606176569886,0.1977485328173969,0.09127041255020489,0.8655773581454156,248.35586034487628,237.44127252865886,0.04493475600259977,1.1354843921136837,1.9062411638513137,0.007749045393432032,2348643400.0,2304669160.0,71731560.0,1.6734837496912098,252.28192418600324,209.09283407414108,-0.024912691388658842,0.17649609349402007,0,-0.0086235573982395
2018-06-18,245.49099731445312,245.61528259065716,244.06187917334162,244.54119558074223,52917600,239.01165649414062,233.47486106872557,244.7631527180428,242.6670258995918,240.597104935908,-0.0020565509008287908,-0.002058668505438532,77.75851736548124,2.0961268184509834,2.0127938578157876,0.0833329606351958,0.09104695914842839,0.8620854619618825,248.5505681492483,237.81848244889625,0.044131449923277666,0.859654713508498,1.7673521722348247,0.007199254520812414,2295725800.0,2303846930.0,71159040.0,0.7436525281959959,252.28192418600324,209.09283407414108,-0.026918008071570264,0.17407656939312335,-1,-0.020104176287929376
2018-06-19,244.550048828125,244.7719635729781,242.80135955511443,243.21856035900637,97531500,239.28979064941407,233.6193402862549,244.73036750420928,242.80650907948316,240.75212234344593,-0.00383292461483975,-0.0038402890947452305,65.52324342860706,1.9238584247261201,1.9950067711978543,-0.07114834647173418,0.08949307591865807,0.8461668287868662,248.67634163960312,237.99025839701798,0.04391541659847224,0.4554517428837254,1.7013015725148364,0.006956864579121583,2198194300.0,2295246830.0,73134320.0,1.3335941320025946,252.28192418600324,209.09283407414108,-0.03064775799069003,0.16957642241058984,-1,-0.014155947975245553
2018-06-20,244.9673309326172,245.63307538812606,244.63001607421887,245.23361787913623,53785500,239.50292449951172,233.76438110351563,244.76682341627202,242.96656995749308,240.9174246410605,0.001706325991312596,0.0017048718710187887,75.91648000867977,1.8002534587789398,1.9560561087140715,-0.1558026499351317,0.08864047293251227,0.8371307781515874,248.79892039499168,238.27411122121924,0.04321655476941068,0.5437875786037024,1.6303225165413957,0.006655265052423852,2251979800.0,2291984325.0,73175275.0,0.7350228612055096,252.28192418600324,209.09283407414108,-0.028993727065412436,0.17157210105897538,-1,-0.023988084348629757
2018-06-21,243.4315948486328,244.97613992521215,242.9345079770817,244.95836940816923,71061400,239.70990997314453,233.90949844360352,244.56140363663522,243.00101624572565,241.0160195511614,-0.006269146494504607,-0.006288880111913781,58.37439032682809,1.5603873909095682,1.8769223651531708,-0.31653497424360255,0.09180328516385529,0.8658898942441451,248.81062960704688,238.44898495594143,0.04253028300077184,-0.0765177496271986,1.5867837252106451,0.006518396784925624,2180918400.0,2281934040.0,73493635.0,0.9669055014083873,252.28192418600324,209.09283407414108,-0.03508110763752232,0.1642273439285621,-1,-0.012215476032801043
2018-06-22,243.8755340576172,244.80759267797472,243.6536192083723,244.692192622093,54898500,239.88742218017578,234.05317573547364,244.45588523986322,243.06579534290282,241.12815737494398,0.0018236712833452629,0.0018220104138172164,55.17459451003365,1.3900898969604043,1.7795558715146176,-0.3894659745542133,0.0914613854497169,0.8615689272951387,248.80911433153952,238.73096745556987,0.041342844424308904,0.04187006413735138,1.5847106689226678,0.006498030542695888,2235816900.0,2278430870.0,72436370.0,0.7578858520933613,252.28192418600324,209.09283407414108,-0.03332141276276361,0.16635051190296984,-1,-0.012593924640799004
2018-06-25,240.55560302734375,242.88126540868595,238.86905624683794,242.72149328077796,137854200,240.01232147216797,234.18038391113282,243.85584182255255,242.87985517137992,241.1057042632734,-0.013613218903250401,-0.013706728380811821,39.65302917821853,0.975986651172633,1.6188420274462207,-0.6428553762735878,0.10412122263708862,0.9790447065904736,248.8040537113769,238.74193322709968,0.041276600582693154,-1.2790108986044955,1.8571027775956546,0.00772005621246976,2097962700.0,2270853730.0,76510340.0,1.8017721526266908,252.28192418600324,209.09283407414108,-0.04648101997990894,0.15047272706651657,0,0.0031733482388767165
2018-06-26,241.0882110595703,241.94035618967405,240.36920937335694,241.12372500767617,68547400,240.10934448242188,234.31151863098145,243.43005247440144,242.74714079272735,241.10501825528505,0.0022140745238266035,0.0022116270727217473,31.28194778838744,0.682911681674085,1.4316559582917938,-0.7487442766177088,0.09494801922193025,0.8914745045618059,248.30249901161508,239.5792575801818,0.03575965411115743,-1.3080767086146559,1.8159445404595829,0.007532282613399468,2166510100.0,2272499390.0,74142280.0,0.9245386033448122,252.28192418600324,209.09283407414108,-0.04436985789826142,0.15301995942187174,0,-0.0025775386603900108
2018-06-27,239.09103393554688,243.1032441533584,238.9401199377788,241.67412570671456,105110700,240.11587585449217,234.42120864868164,242.7625111607315,242.47631806256584,241.02603847804042,-0.008284009886862398,-0.008318512978192008,26.459209459838547,0.2861930981656542,1.2025633862665661,-0.9163702881009119,0.0875516842992925,0.8212850951047046,248.54049203482685,239.16006643685284,0.03846797152486231,-2.0294368303678816,1.9908560817723537,0.0083267701385617,2061399400.0,2265405595.0,75913895.0,1.3846042282509679,252.28192418600324,209.09283407414108,-0.0522863074436159,0.14346833067827133,1,0.013959220298332964
2018-06-28,240.4579620361328,241.2213357813261,238.3275587424145,239.03770220338833,76650500,240.14621124267578,234.5340737915039,242.40796514156247,242.326810208756,241.00376097051466,0.005717186789005346,0.005700905701817845,29.97726807756132,0.08115493280647001,0.9782816955745469,-0.8971267627680769,0.08730435465467083,0.8184485205978487,248.40636281427328,239.39727335516034,0.0369373608194414,-1.52905843045942,2.097192599386919,0.00872166004248086,2138049900.0,2266820320.0,75070425.0,1.0210479026860444,252.28192418600324,209.09283407414108,-0.04686805124077306,0.15000575271207114,1,0.016722685625478295
2018-06-29,240.80418395996094,242.91681716626175,240.68878393099698,241.549814428795,97592500,240.20998138427734,234.64814735412597,242.16122957516222,242.21402307921562,240.9959344210812,0.0014398438749809728,0.001438808293719855,30.077881160295362,-0.052793504053397555,0.772066655648958,-0.8248601597023556,0.07984629994821105,0.7483259664789721,248.47388192735073,239.2323818055594,0.03789781189627033,-1.3196766174292747,2.1983471189877997,0.00912918987883252,2235642400.0,2269551750.0,76387130.0,1.2776039628665194,252.28192418600324,209.42397151445326,-0.045495690042303444,0.14984059474462785,1,0.024402866093208964
2018-07-02,241.3189697265625,241.47876893898498,238.99330741347623,239.23299268750813,63554800,240.32434326171875,234.76514358520507,242.03165113691614,242.14772283087095,241.00860247227655,0.00213777750093902,0.00213549570601848,31.0856839875119,-0.1160716939548081,0.5944389857282049,-0.710510679683013,0.07822378223536577,0.7329417503974802,248.51568053632937,239.0298150691394,0.03891273964252195,-1.0347092033402292,2.303923380646487,0.009547212070634368,2299197200.0,2273191660.0,77295610.0,0.8222303957495128,252.28192418600324,209.42397151445326,-0.04345517220392665,0.15229869809773916,1,0.025895600907488214
2018-07-03,240.466796875,242.31314260519264,240.04073792895596,242.2154860372572,42187100,240.4223681640625,234.87641174316406,241.7909043273906,242.02320979710274,240.98735519395197,-0.0035313131517513696,-0.0035375629557204955,30.936808742999062,-0.23230546971214494,0.4290900946401349,-0.6613955643522799,0.07892471128628102,0.7393187645744742,248.603660771654,238.6781736399671,0.040738178322086024,-1.2791796664157915,2.3601936146495683,0.009815049916751915,2257010100.0,2272165465.0,76848215.0,0.5489665569981034,252.28192418600324,209.42397151445326,-0.04683303153456267,0.14822957055040065,1,0.022000437584775767
2018-07-05,242.42855834960938,242.49070098662213,240.52009674534315,241.59418373643135,56925900,240.62307800292967,234.9951683807373,241.8890049461935,242.05323561580693,241.04387296476207,0.008158138670717019,0.00812504094613335,37.100551760218515,-0.16423066961343125,0.3104259417894217,-0.4746566114028529,0.0786253119535823,0.7363196201132576,248.44424215363625,238.56686624480125,0.04056324686850488,-0.4361465470641393,2.422701077793917,0.009993464030339645,2313936000.0,2270848955.0,76557900.0,0.7435666338810234,252.28192418600324,209.42397151445326,-0.03905696322947474,0.15759698661276858,1,0.02292148981249631
2018-07-06,244.47906494140625,244.8518665685956,242.07348943656189,242.45520341190885,66493700,240.85330963134766,235.12308296203614,242.2874757146878,242.23292667696242,241.17858637561088,0.008458189108396352,0.00842261905830104,45.478832922303,0.05454903772536568,0.2592505609766105,-0.2047015232512448,0.0848850010423139,0.7947493797105545,248.37755487380423,238.5705240446528,0.04027957498439448,0.4099203925332295,2.4842032747434684,0.01016121063510633,2380429700.0,2276505600.0,76234115.0,0.8722302344560569,252.28192418600324,209.61562872124975,-0.03092912530207305,0.16632078644535833,1,0.015140386639021619
2018-07-09,246.6804962158203,246.73375360283254,245.43777870351792,245.48215082962477,50550400,241.080205078125,235.26161064147948,242.96332502255433,242.56237627243337,241.39434754581518,0.009004579901112031,0.008964280410835496,53.2180921549638,0.40094875012096054,0.2875901988054805,0.11335855131548006,0.09032796449565121,0.8454510618712058,248.5192455291735,238.51347694397103,0.041088691266547094,1.264924308828232,2.5070365153825827,0.010163091747590702,2430980100.0,2281082780.0,75154650.0,0.6726183942044837,252.28192418600324,209.86836899898452,-0.02220304918101499,0.17540579074597903,0,0.005181470542734434
2018-07-10,247.5680694580078,247.66572602641563,246.84018263606114,247.1331252520839,51966800,241.32043426513673,235.4075094604492,243.67174724339333,242.9331683602537,241.6364542874698,0.0035980681724061547,0.003591610610316367,58.188657623037486,0.7385788831396383,0.37778793567231206,0.3607909474673262,0.09106433635262594,0.8520565330630161,248.78206776157342,238.3913651607899,0.04265709867820073,1.532659781829684,2.385293090472341,0.009634897972482398,2482946900.0,2285313675.0,74808365.0,0.6946656299733325,252.28192418600324,209.86836899898452,-0.018684869093197415,0.17963498091132402,0,0.005629222402175005
2018-07-11,245.75717163085938,246.80462947165412,245.45537092730612,246.01460023564053,77054700,241.56067443847655,235.544135055542,243.99258176454197,243.14235378770596,241.7980510460341,-0.007314747136466293,-0.00734163107902261,51.99236662963913,0.8502279768360097,0.4722759439050517,0.377952032930958,0.09486691266671539,0.8872135057506826,248.67083897644767,238.43039698546642,0.0420464627676779,0.8618978169042871,2.458841088379529,0.010005165147623207,2405892200.0,2282075385.0,75044650.0,1.0267847208295329,252.28192418600324,210.72226339098884,-0.02586294113696894,0.16626106646768649,1,0.015170301743294479
2018-07-12,247.98538208007812,248.03863947261056,246.41423482194526,247.01783666345486,60124700,241.83717224121094,235.69413467407227,244.6068587361629,243.501096624178,242.0406914787417,0.009066715874178621,0.009025859972683785,61.09913977454879,1.105762111984916,0.5989731775210245,0.5067889344638914,0.09948616878051576,0.9299000271044264,249.08151477748123,238.24899822300705,0.04445654957157722,1.5952435637698206,2.475972223638152,0.00998434747592753,2466016900.0,2285796860.0,74097355.0,0.8114284241320084,252.28192418600324,210.72226339098884,-0.017030717201749833,0.17683522419246553,0,0.002255049695513822
2018-07-13,248.18057250976562,248.48237331413685,247.35505615464416,247.80777090580222,48216000,242.1490344238281,235.84445350646973,245.1566608551787,243.84772446755485,242.28147112701717,0.0007871045787064546,0.0007867949743475649,60.621648910898394,1.3089363876238451,0.7409658195415887,0.5679705680822564,0.09920601148937243,0.9267791658555132,249.42594382156608,238.0915046037269,0.04649859919660322,1.5605000690635444,2.458209318648922,0.009904922427206482,2514232900.0,2288074255.0,72653275.0,0.6636452382910475,252.28192418600324,210.72226339098884,-0.016257017578531527,0.17776151658581046,0,0.000321922939911401
2018-07-16,247.9586639404297,248.36697949896225,247.5148344366151,248.22497789624032,48201000,242.46670989990236,235.9894155883789,245.58773825290962,244.1522385025826,242.50410613930788,-0.0008941415804301078,-0.0008945415634584471,71.56142535515221,1.4354997503270113,0.8798726056986732,0.5556271446283381,0.09912982776771294,0.9256008953361495,249.75052298194586,237.96310159080807,0.04833747017612557,1.3919419749410809,2.1614712651894865,0.00871706287991923,2466031900.0,2293943680.0,69061245.0,0.6979457147058383,252.28192418600324,210.72226339098884,-0.017136623083570914,0.17670843104200062,0,0.0030788508142567395
2018-07-17,248.96168518066406,249.35225725189926,247.13311006951704,247.1863674347583,52315500,242.74435516357423,236.13807907104493,246.1068070110257,244.50849381207013,242.75734453308655,0.004045114715069298,0.004036955235160322,72.31990379873866,1.598313198955566,1.0235607243500517,0.5747524746055142,0.09947696334966576,0.9283635563866665,250.31787912551204,237.742814233863,0.0515307422324609,1.5686085254900837,2.207757005622708,0.008867858538234928,2518347400.0,2305074760.0,69031140.0,0.7578536295358878,252.28192418600324,210.72226339098884,-0.013160827974703486,0.18146835163175482,0,0.004064856033846098
2018-07-18,249.48538208007812,249.59189680262602,248.59772327324964,249.04155267666388,44593500,243.01656677246095,236.2855083465576,246.6265877908799,244.87715220229293,243.0211891427725,0.0021035240785505227,0.0021013147694567617,82.15216209276684,1.7494355885869766,1.1687356971974368,0.5806998913895398,0.09809492026412282,0.9148717121322413,251.02133504687583,237.5328916376945,0.05521779435096366,1.5445129073094628,1.9814033851796222,0.007941961844256048,2562940900.0,2323312090.0,66384240.0,0.6717482944747126,252.28192418600324,210.72226339098884,-0.01108498801469133,0.1839535987574577,1,0.01049658250375507
2018-07-19,248.5446014404297,249.20146064711736,248.0652578383867,248.81977365345892,61412100,243.26996276855468,236.42346084594726,246.92166681388755,245.14881510882157,243.2377935466022,-0.003770884818199427,-0.0037780125285139733,75.69118570974271,1.7728517050659889,1.2895588987711473,0.4832928062948416,0.0995015518240641,0.9272579467289533,251.46193991481138,237.4500138205402,0.05731881164785697,1.1671841669956748,1.8761424710924663,0.007548514271560767,2501528800.0,2335789540.0,66765570.0,0.9198169056296531,252.28192418600324,210.72226339098884,-0.014814072619876186,0.1794890461064507,1,0.011928328607845762
2018-07-20,248.26046752929688,248.97061099686556,248.1006954075452,248.3403535901727,82337700,243.47207733154298,236.55762870788575,247.12763615471977,245.37930788070864,243.4347611537667,-0.0011431908377254052,-0.0011438447788049435,73.78237343370837,1.7483282740111292,1.3813127738191437,0.3670155001919855,0.09632266681339027,0.8970282561509105,251.8852113436387,237.50962965977928,0.05874839895894621,0.9914164462915552,1.762646789606139,0.007099989809687003,2419191100.0,2347703175.0,67329385.0,1.2229088383920335,252.28192418600324,210.72226339098884,-0.015940328145513154,0.17814066503574433,0,0.0062213283615646375
2018-07-23,248.7220916748047,248.92623593154934,247.71014729383947,248.05634734707684,47047600,243.63888763427735,236.6927911376953,247.3729370039636,245.62692149508612,243.64210744870937,0.0018594347706741843,0.0018577081618539812,73.69316012005513,1.7460155088774911,1.4542533208308133,0.29176218804667786,0.09632680590149946,0.8964656278934993,252.334677318244,237.54481944689272,0.06038161616893301,1.0229559537661201,1.6719772976205047,0.00672227097465293,2466238700.0,2359224265.0,66936840.0,0.7028655670031629,252.28192418600324,210.72226339098884,-0.014110533375248658,0.18033134075305704,0,-0.0008924402452452629
2018-07-24,249.9736785888672,250.81696561151827,249.1037899646664,250.13347782261658,68026900,243.81605865478517,236.82764366149902,247.77305109394877,245.94890350203286,243.89040435616656,0.005032069751564006,0.005019451202480654,79.66761234582715,1.824147591915903,1.5282321750478314,0.29591541686807155,0.08019160442317483,0.7462500983540119,252.82952342944722,237.99178089184184,0.060460874077677244,1.2301133856252906,1.6592965305117124,0.006637884996046983,2534265600.0,2381039410.0,63445475.0,1.072210429506596,252.28192418600324,210.72226339098884,-0.009149468811860732,0.1862708503896834,0,-0.0009943063463407897
2018-07-25,252.1041259765625,252.42367032112602,249.68080634010803,249.72517846933786,78882900,244.03354125976563,236.97441848754883,248.43937030665856,246.40484590755358,244.21251108637819,0.008522686867361129,0.008486573813405557,79.87944517639342,2.0345243991049813,1.6294906198592614,0.4050337792457199,0.08354037905218399,0.7772680147909667,253.65956684786744,238.26332896512082,0.06259614266297427,1.5958906624471214,1.7106508068971311,0.006785493098419842,2613148500.0,2403371330.0,63962250.0,1.23327275072406,252.42367032112602,210.72226339098884,-0.001265904834348577,0.196381065387433,-1,-0.011091402584788135
2018-07-26,251.5093231201172,252.19281086678743,251.28740834778463,251.38506493399785,57919500,244.2723547363281,237.12005798339842,248.91167073949833,246.78295533070644,244.49866057789737,-0.0023593539143449416,-0.0023621415753739944,73.85514858241697,2.1287154087918907,1.7293355776457875,0.3993798311461032,0.07593298741935146,0.7063650347024445,253.94307676624734,239.22164796519795,0.059701872671716366,1.3387180876640488,1.5768669059663512,0.006269616117623053,2555229000.0,2428062810.0,61602690.0,0.9402105654801762,252.42367032112602,210.72226339098884,-0.0036222720311674082,0.193558379037763,0,-0.003352623003880062
2018-07-27,249.8049774169922,251.93535334089978,248.8818045839257,251.83769677635257,76768700,244.45693389892577,237.2542423248291,249.04910253603583,247.00680881857946,244.70675143433246,-0.006776471273436724,-0.00679953581140374,60.972162089172194,2.0422937174563742,1.7919272056079047,0.2503665118484695,0.08174076772447038,0.7599351853566558,253.94538968802442,240.15403658150683,0.055824202066546855,0.7991280507857751,1.633928341362621,0.0065408157926139,2478460300.0,2445083330.0,61608600.0,1.2460711653892476,252.42367032112602,210.72226339098884,-0.010374197082240397,0.18547026496904384,0,0.007746399336542975
2018-07-30,248.5001220703125,250.04463990131578,247.97637947622283,249.88486779932234,63742500,244.6194805908203,237.38015083312987,248.96464400284765,247.11742461500413,244.855511067116,-0.00522349618559248,-0.005237186336235968,53.17987262393242,1.8472193878435235,1.8029856420550288,0.044233745788494705,0.08559245514254098,0.7948630897488461,253.69213469625015,241.17688538431628,0.05058004766552711,0.3405803602082767,1.7112876709695948,0.006886466118054421,2414717800.0,2454037100.0,59916100.0,1.0638626345840267,252.42367032112602,210.72226339098884,-0.015543503688945262,0.17927796556184467,1,0.01675309830020244
2018-07-31,249.72512817382812,250.3376151334298,248.88186826381303,249.2635551837948,68570500,244.81854675292968,237.5138483428955,249.08164156761387,247.3105878415837,245.04647644384983,0.00492959960465944,0.004917488912795635,64.10115978682654,1.7710537260301749,1.7965992588500581,-0.025545532819883254,0.08640018314157434,0.8014605847714514,253.48020755297316,242.2294283723198,0.045392618441449574,0.6649531309734857,1.6916301375707101,0.00677396844258782,2483288300.0,2463241655.0,60166885.0,1.1396717646260064,252.42367032112602,210.72226339098884,-0.010690527333925908,0.18509133375466186,1,0.015106697512756062
2018-08-01,249.3079376220703,250.435282087603,248.65996377509936,249.92930986712963,53853300,244.9732144165039,237.64410247802735,249.11645634522256,247.4585396771753,245.21359256848595,-0.0016705990094333378,-0.0016719960160672294,55.394402890790026,1.6579166680472497,1.7688627406894966,-0.11094607264224687,0.08514134216039825,0.7889349214406282,252.74385388865454,243.84989611134546,0.03581985386368267,0.4547188763117778,1.6554765997673155,0.006640288374118588,2429435000.0,2471862900.0,60750195.0,0.8864712286108711,252.42367032112602,210.72226339098884,-0.012343266758984877,0.1831115213464033,1,0.016378469573211207
2018-08-02,250.66610717773438,250.83473751219694,247.7989580645047,248.0031294429536,63426400,245.16847625732422,237.77965881347657,249.354864165609,247.69613726980933,245.4274166708094,0.005447758978789352,0.005432973613607214,59.2594782149987,1.6587268957996741,1.7468355717115323,-0.08810867591185811,0.0829817138100244,0.7681543532710696,252.31335362789102,245.1041512549215,0.028986524608408958,1.0860312328482113,1.7917953346387125,0.007148135640724029,2492861400.0,2480809170.0,61075220.0,1.0384964638686525,252.42367032112602,210.72226339098884,-0.006962750922509483,0.18955682775972715,0,0.009490460415102486
2018-08-03,251.7400665283203,251.79332389456457,250.61272240135142,250.79026501496526,53935400,245.37196228027344,237.9197969055176,249.72181837525687,247.9956875852546,245.67497156718238,0.004284421865714982,0.004275269861738694,63.24612266365631,1.726130790002287,1.7426946153696834,-0.016563825367396312,0.07972189472731077,0.7369788734768709,252.3285352290525,245.8150698124514,0.02615095466721252,1.6386140619578848,1.8152565082719982,0.00721083669082047,2546796800.0,2489127525.0,60447305.0,0.8922713758702725,252.42367032112602,210.72226339098884,-0.0027081604190924394,0.19465339104309148,0,-0.0015513360771345353
2018-08-06,252.66326904296875,252.9739280194918,251.3850379245333,251.77561004901094,39400900,245.6038104248047,238.06345642089843,250.17434924721255,248.3414343599001,245.94902244858577,0.003667284780607627,0.003660576687100464,63.03943754333722,1.8329148873124552,1.760738669758238,0.07217621755421733,0.0751577277625497,0.6938477807594418,252.79748061895842,245.94440170526033,0.027481465489770443,1.9216634860905732,1.770238144884591,0.007006313785101618,2586197700.0,2496888405.0,59889830.0,0.6578896617338871,252.9739280194918,210.72226339098884,-0.0012280276428293497,0.19903452524216497,0,-0.00892343165520637
2018-08-07,253.49765014648438,253.8793641115752,253.19584933141965,253.32901985532757,43196600,245.86383239746092,238.21098121643067,250.68562630863897,248.72337627001744,246.24504706418963,0.0033023442888080456,0.0032969035248005514,63.83112798059262,1.9622500386215336,1.8010409435308972,0.1612090950906364,0.07504031755250216,0.691835075315481,253.44524899061435,245.88959140245208,0.030262889656225866,2.027741412699481,1.7860896834010245,0.0070457839840682044,2629394300.0,2504210775.0,59451320.0,0.7265877359829858,253.8793641115752,210.72226339098884,-0.001503524977016519,0.20299415005868215,0,-0.005882784206459157
2018-08-08,253.39122009277344,253.79067761960602,252.92964700178607,253.32910452861861,42114600,246.17704650878906,238.3521942138672,251.1018715061981,249.0691424791105,246.52528914374196,-0.00041984631277425244,-0.0004199344729140975,67.72703223401192,2.032729027087612,1.8473785602422401,0.18535046684537182,0.06836440341998307,0.6296320266588646,253.70410224844503,246.3941429908128,0.029234092809643723,1.8287912988441366,1.746154424553063,0.006891140205701477,2587279700.0,2513280150.0,57704315.0,0.729834501977885,253.8793641115752,210.72226339098884,-0.0019227400403730016,0.20248907740049102,-1,-0.012891835223214465
2018-08-09,253.0450439453125,253.84393189997337,252.9119004677377,253.45335963961256,35717000,246.41988708496095,238.49605491638184,251.40082111221568,249.36365369882918,246.7809658026271,-0.0013661726216646075,-0.0013671066863066518,67.42104023325689,2.0371674133864985,1.885336330871092,0.15183108251540656,0.06294453238632541,0.5790584907512832,254.05475171493447,246.5494597108468,0.029984933537461404,1.461868894356721,1.7505912704755855,0.006918101390888806,2551562700.0,2517557440.0,56483930.0,0.6323391449568045,253.8793641115752,210.72226339098884,-0.0032862858672358716,0.20084626974509573,0,-0.003543268152314649
2018-08-10,251.3495330810547,252.14842078670355,250.63938960665286,251.6069617836006,77076000,246.65833404541016,238.6294677734375,251.3929306458832,249.51075587529033,246.9601253037419,-0.006700431029284415,-0.00672297969758096,58.77799709629533,1.8821747705928829,1.8847040188154502,-0.002529248222567393,0.06866033870471436,0.6314671130422358,254.10198947576046,246.81911800714968,0.029077918098547074,0.48825760165773135,1.8355602491148548,0.007302819410939296,2474486700.0,2515570130.0,57926930.0,1.3305728440985911,253.8793641115752,210.72226339098884,-0.00996469736472437,0.19280008213789523,0,0.006709994382739781
2018-08-13,250.4086456298828,252.23722126791043,250.11570294744925,251.62473430195678,65732900,246.8309487915039,238.76373680114747,251.24150218188313,249.57726622748237,247.0953613949631,-0.003743342745213929,-0.0037503665865772622,51.483985698430125,1.664235954400766,1.8406104059325137,-0.17637445153174758,0.07023346818103354,0.6456657765256022,254.0297409035268,247.13636474832865,0.027509347010736474,-0.10120277322292401,1.8374634193825403,0.007337859340920713,2408753800.0,2512706225.0,58803525.0,1.117839449250704,253.8793641115752,210.72226339098884,-0.013670738832349807,0.18833502260393378,1,0.012654973581086804
2018-08-14,252.00637817382812,252.24606343472783,250.74591759633446,251.13648971338375,43842000,247.01254333496092,238.90454956054688,251.35917541141313,249.75720044573018,247.28795028825195,0.006380500720837068,0.006360231498948264,49.65393250657453,1.601974965682956,1.7928833178826022,-0.1909083521996462,0.07225658745228491,0.6641873692801169,254.14924930680937,247.32132564436253,0.027231602424974462,0.7446425943444285,1.7727886925130423,0.007034697714238859,2452595800.0,2509418645.0,58379850.0,0.7509782913111288,253.8793641115752,210.72226339098884,-0.007377464270486878,0.19591719507225416,0,0.008594598162088962
2018-08-15,250.12454223632812,250.79917171871017,248.68653904636793,250.65714303351385,102925400,247.15296600341796,239.02680236816406,251.16923184601546,249.78441094873742,247.3991891881765,-0.007467413924745814,-0.007495434642123858,45.50678341877177,1.384820897278047,1.7112708337616913,-0.3264499364836444,0.0774468213295407,0.711678862439134,254.14370308032574,247.39078788647112,0.026929016111482882,-0.3806967676860407,1.9452484502599998,0.007777119481630266,2349670400.0,2498755120.0,61296445.0,1.6791414249227667,253.8793641115752,210.72226339098884,-0.01478978761580993,0.18698678635692867,1,0.015579519040868517
2018-08-16,252.1484375,253.018353155352,251.52706530486208,251.5625792532371,69967900,247.29321838378905,239.16337776184082,251.3198788697054,249.95952402660873,247.58543422001273,0.008091550095710387,0.00805898903262101,57.449378220096214,1.3603548430966725,1.6410876356286876,-0.2807327925320151,0.08087435494377505,0.7427877628908451,254.20709100292402,247.6877835698299,0.0259787766856308,0.7368882202360872,1.9338386046921292,0.0076694451247278864,2419638300.0,2494660595.0,61724235.0,1.1335563737646972,253.8793641115752,210.72226339098884,-0.006817909827497795,0.19659134940168202,0,0.006090240123934887
2018-08-17,253.0360870361328,253.47991656185243,251.53594107206413,251.94425665074894,65618500,247.4517529296875,239.3026400756836,251.58391089530963,250.18741758286978,247.79918531084095,0.00352034517815647,0.0035141632671286897,64.81177172843948,1.3964933124398442,1.5921687709909191,-0.19567545855107493,0.08113368426157805,0.7453151440941196,254.314113144494,248.0583233789435,0.024904988055644044,1.1828202945170192,1.9249611093132262,0.007607456832978718,2485256800.0,2497963880.0,60888275.0,1.0776869602563055,253.8793641115752,210.72226339098884,-0.0033215660453276646,0.20080376398877198,0,0.008594598809272602
2018-08-20,253.5775604248047,253.8438472911981,253.0360743442006,253.48878910627252,39807500,247.6066229248047,239.44312126159667,251.89062620753964,250.43853927486495,248.0257882564866,0.002139905793731911,0.00213761945644551,63.16756250436792,1.452086932674689,1.5641524033276732,-0.11206547065298422,0.08118076321863266,0.7458932026818345,254.50489187741357,248.35309152102394,0.02446734688316671,1.3970341036553775,1.8514096724475249,0.007301157363238131,2525064300.0,2500905160.0,60526270.0,0.6576896279912838,253.8793641115752,210.72226339098884,-0.0011887680900204045,0.20337337092046665,1,0.01438731473237076
2018-08-21,254.17227172851562,255.03330203164734,253.6130422310215,254.09238567018824,67272000,247.7668490600586,239.5861380004883,252.2416485953821,250.71511204920944,248.2668268240172,0.0023452836391149035,0.002342537753856108,66.42688495733913,1.5265365461726503,1.5566292318966686,-0.030092685724018242,0.07995279482504451,0.7347914494901276,254.86600277858832,248.411839933814,0.02564850783014718,1.5700566791837687,1.82858276490031,0.007194265340058181,2592336300.0,2503808695.0,60488525.0,1.1121448241629301,255.03330203164734,211.6807724144142,-0.0033761485118710766,0.20073386368278387,1,0.012502525899247052
2018-08-22,254.0213623046875,254.54507781111178,253.49761970906303,253.76393363569923,44993300,247.91769348144533,239.72463470458985,252.515450704506,250.96001947554115,248.4924948820827,-0.0005937289020625514,-0.0005939052288641234,62.33662624213427,1.5554312289648635,1.5563896313103078,-0.0009584023454443091,0.07471962455265958,0.6872038094893725,255.12959589309816,248.3399704521167,0.02697134402887031,1.3471017808619739,1.6865598116400602,0.006639440857801186,2547343000.0,2500518420.0,58794045.0,0.7652696799480287,255.03330203164734,211.6807724144142,-0.00396787289698451,0.2000209532842301,1,0.018555650010596114
2018-08-23,253.68408203125,254.7048844989658,253.36451069373325,253.84385415540646,49204900,248.07752288818358,239.85969352722168,252.6952401393897,251.16180188707514,248.69608653499122,-0.0013277634226406265,-0.0013286456815344082,57.55716080476529,1.5334382523145678,1.55179935551116,-0.018361103196592232,0.07430486554960518,0.6839207262550713,255.34555161709002,248.3414906192381,0.02781116213255946,1.051139281967581,1.6979721196414468,0.0066932544842615805,2498138100.0,2497663875.0,58358315.0,0.8431514857822745,255.03330203164734,211.6807724144142,-0.0052903679231268074,0.19842760935605702,1,0.015780995871387482
2018-08-24,255.21083068847656,255.35285936968114,254.20777175129484,254.26102912059642,57487400,248.25551513671874,240.00317413330077,253.08225407001845,251.4617299464382,248.951566697873,0.006018306883908142,0.006000269209693183,59.45950233602234,1.6205241235802532,1.5655443091249788,0.054979814455274445,0.07165416912680607,0.6601051619473062,255.78380545000005,248.44382211347653,0.02911376900147938,1.6877514637614375,1.703678351318063,0.006675572297312335,2555625500.0,2501522135.0,57394250.0,1.0016229848808897,255.35285936968114,211.6807724144142,-0.0005562055641560688,0.20564011448731004,0,0.009738604479137436
2018-08-27,257.2258605957031,257.3323753566109,256.2494301387038,256.4092022800655,57072400,248.48009429931642,240.15480354309082,253.71973199704686,251.88870258712447,249.27604881151342,0.007895550129242812,0.007864543376631195,62.72750761050072,1.8310294099223938,1.6186413292844617,0.21238808063793213,0.07147747341260718,0.6590765360462314,256.4769130945718,248.62328832144388,0.031097294165042016,2.3814531609977214,1.7683533227129118,0.006874710492240653,2612697900.0,2511421140.0,57060745.0,1.0002042560082243,257.3323753566109,211.6807724144142,-0.00041391900556687905,0.2151593064490706,0,0.00010309918034367982
2018-08-28,257.3500671386719,257.79389656613364,256.8884671970246,257.6873547486161,46943500,248.7172756958008,240.31116973876954,254.2782450957584,252.2932481094613,249.5926769812059,0.00048286957882504034,0.0004827530348254884,63.49848026530062,1.9849969862970909,1.6919124606869875,0.29308452561010334,0.07058010964058596,0.6514166506611051,257.1714205682918,248.69127474420824,0.033527460722696294,2.0842658001415324,1.7715246620907021,0.006883715562180617,2659641400.0,2520238795.0,55979395.0,0.8385853401952629,257.79389656613364,211.6807724144142,-0.001721644435239397,0.21574606991158096,0,-0.003069663187296068
2018-08-29,258.7348937988281,258.9656667527116,257.32351902828185,257.5631772420402,61485500,249.00097259521485,240.4748101043701,254.96388335776913,252.77040704941442,249.9511952877793,0.0053811008310715724,0.005366674438103538,68.1174277907126,2.193476308354718,1.7922252302205337,0.4012510781341845,0.07079791276481064,0.6540315026609178,258.02541303760796,248.7799778925678,0.036485149173616116,2.3069539714607377,1.8222472543902808,0.007042912641721672,2721126900.0,2534823390.0,56361005.0,1.0909227044478713,258.9656667527116,213.15341132552646,-0.0008911333953155608,0.21384355141138195,-1,-0.011390473831491832
2018-08-30,257.6874694824219,258.6283861204424,257.0927529547803,258.25558440533797,61229500,249.25537536621093,240.63216278076172,255.3828966077157,253.13463389630388,250.25457858953,-0.0040482530246602755,-0.004056469383031422,71.04981760943181,2.248262711411826,1.8834327264587922,0.36482998495303365,0.0724330647440508,0.6697593748056417,258.56407281279513,248.94345434784944,0.03791320502681103,1.6355314015610054,1.7677105762037237,0.006859901180892724,2659897400.0,2543175190.0,56251160.0,1.0885019971143706,258.9656667527116,213.44091089181964,-0.004935778886512831,0.20730120765380425,0,-0.0093010897922442
2018-08-31,257.69622802734375,258.1400574341752,256.7908257895186,257.2790273013543,66140800,249.54066802978517,240.792186126709,255.73879374919696,253.4725297578624,250.5464079792482,3.398902142759397e-05,3.398844381389348e-05,75.80135079213986,2.2662639913345686,1.9599989794339476,0.30626501190062094,0.07175013011133781,0.6641337493044333,259.0699560239455,249.03318728660136,0.03950681616314972,1.4525218089590841,1.7125472422176853,0.006645604614887764,2726038200.0,2552137260.0,56861430.0,1.1631926949427758,258.9656667527116,213.44091089181964,-0.004901957627379517,0.20734224264042084,0,-0.007612216210198919
2018-09-04,257.25238037109375,257.60743845353176,256.2493216485398,257.27900905004674,57594400,249.80820495605468,240.9556386566162,255.97165322948877,253.7525186921758,250.80938728873235,-0.0017223676871316318,-0.0017238526677231562,70.22578861291196,2.2191345373129536,2.011826091009749,0.20730844630320444,0.07182222923015695,0.6654886844378357,259.44954850249354,249.11250594086584,0.04065204028225026,1.1497884933914402,1.6846535689290363,0.006548641324519044,2668443800.0,2556249565.0,57771105.0,0.996941290979288,258.9656667527116,213.44091089181964,-0.0066158823410900555,0.20526275537438793,0,-0.002622055540647872
2018-09-05,256.5600891113281,257.10157520760544,255.54817190054018,256.897403877992,72452400,250.12829467773437,241.1060846710205,256.0621818266948,253.96048687137227,251.03490500726554,-0.0026910975858298603,-0.002694725098393193,77.31776068978382,2.1016949553225572,2.029799863872311,0.07189509145024608,0.07232369288322801,0.6708907246452533,259.68573890272125,249.1825594371225,0.04128054154626972,0.8096367190753007,1.5692513791499911,0.006116506213361393,2595991400.0,2554579420.0,59233895.0,1.2231577882899647,258.9656667527116,214.55626255950273,-0.009289175941923635,0.19577068527737104,0,0.00031152755436836266
2018-09-06,255.78778076171875,256.96835512817944,254.7580932317507,256.6665543659955,65909900,250.42228607177734,241.25599670410156,256.01996627823695,254.0958419743609,251.2212922917539,-0.0030102435350896073,-0.003014783431244401,67.2849920571422,1.9241243038760558,2.0086647518730603,-0.08454044799700444,0.07338978098914153,0.6815344922949331,259.81472794431374,249.2932264624245,0.041333086198387534,0.4690598808560991,1.5204264489646238,0.005944093359099862,2530081500.0,2551719510.0,60423660.0,1.090796221215332,258.9656667527116,214.61728585837085,-0.012271456795187702,0.19183214780992489,0,0.009265474332392998
2018-09-07,255.2906951904297,256.267125360529,254.50066579714974,254.7403510279734,73524800,250.746279296875,241.40149688720703,255.90777072626662,254.1843496199956,251.38087671915295,-0.0019433515151067171,-0.0019452422726638416,61.120795024174654,1.7234211062710187,1.9516160227526522,-0.22819491648163348,0.07361071515487373,0.6843390742790807,259.8871155845923,249.44540394665768,0.04100155100068766,0.2392080709438133,1.5077467399354074,0.005905999585338313,2456556700.0,2546969210.0,62314050.0,1.1799072600801905,258.9656667527116,214.61728585837085,-0.014190960556138891,0.18951599899972563,1,0.011405060543977497
2018-09-10,255.73458862304688,256.56899033274806,255.539302540155,256.30267635287424,50210900,251.05181182861327,241.54181694030763,255.88112732577127,254.29918213874015,251.55161051930565,0.001738776386997154,0.0017372664653591812,60.742897876240434,1.581945187031124,1.8776818556083468,-0.2957366685772227,0.06866400420538878,0.6388391021722916,259.8834396621729,249.88758542327628,0.039217035676835925,0.33977129305408016,1.5413554681726132,0.006027168544043032,2506767600.0,2548583255.0,60970795.0,0.8235237870852758,258.9656667527116,216.11610318806177,-0.012476859076265636,0.18332037664268613,0,0.00430386432505081
2018-09-11,256.5778503417969,257.0216798888951,254.74041660460662,255.08658956495626,50530500,251.36728515625,241.6873600769043,255.9883154820829,254.46797237600362,251.7487179633249,0.0032974097218931853,0.003291985187792877,61.6913319866039,1.520343106079281,1.8062141057025336,-0.2858709996232527,0.06691031560012922,0.6231987332256946,259.7724182537778,250.6155273028628,0.03588208158375797,0.6045185293961685,1.600321302275887,0.00623717635853617,2557298100.0,2556010470.0,60210675.0,0.8392282597728725,258.9656667527116,217.24113005139031,-0.009220590670789178,0.1810739995741189,0,0.006434935866518998
2018-09-12,256.6400146484375,257.24361638204505,255.85001207428817,256.58675726542555,59810800,251.6737060546875,241.8305870819092,256.0885768922913,254.6288643961839,251.94053351960383,0.00024228243614099476,0.00024225309049142485,62.837629598599655,1.4597124961074144,1.73691378378351,-0.27720128767609564,0.06412848614664732,0.5978814390764693,259.78882637193885,251.0624828321627,0.03416392747772997,0.5566409529007538,1.6250460312550388,0.006332005683062069,2617108900.0,2564236125.0,61009115.0,0.9803584267695081,258.9656667527116,217.24113005139031,-0.00898054222181858,0.1813601530599985,0,0.007263264039345518
2018-09-13,258.15777587890625,258.3442037159586,257.42103105410047,257.70508834839444,51034200,252.02752563476562,241.9819723510742,256.4069151979244,254.89026524675592,252.18434694545883,0.005913969544257824,0.005896550669097885,69.65662519744588,1.5166499511684606,1.6928610172605003,-0.17621106609203974,0.05823872690179265,0.5436268928550014,259.5707477163221,252.08388485203727,0.02926529884700908,1.2450927101115414,1.65103283570422,0.0063954410440794475,2668143100.0,2580159760.0,58414555.0,0.8736555469779749,258.9656667527116,217.24113005139031,-0.003119683330751479,0.18834668102599514,0,0.009455967706128332
2018-09-14,258.2023010253906,258.5484740117114,257.4211566296206,258.36207317292326,55079900,252.34300048828126,242.1220209503174,256.68312840215,255.13560123035847,252.42034514467184,0.0001724726142096067,0.00017245774251822897,65.11242840734775,1.5475271717915007,1.6637942481667005,-0.11626707637519984,0.05306415020079808,0.496019995285031,259.58915492678585,252.67086399411264,0.027010856507001833,1.1981523089503936,1.6123571245370516,0.006244549789579523,2723223000.0,2595338995.0,57670155.0,0.9550850002050454,258.9656667527116,217.24113005139031,-0.0029477487764814243,0.188551638284659,0,0.00835999263897036
2018-09-17,256.8352355957031,258.18446743841525,256.56006349021055,258.1489805848816,68244000,252.59012390136718,242.25593490600585,256.70652950885045,255.26150007223583,252.59347810353583,-0.005294551691671701,-0.005308617500548486,47.88838114720293,1.4450294366146181,1.620041285856284,-0.1750118492416659,0.057013058096256446,0.5331432917787563,259.46690613298165,253.17302764387387,0.024554772558344682,0.3274729296662591,1.5781209007546042,0.006144487523662062,2654979000.0,2603825105.0,57801430.0,1.1806628313520964,258.9656667527116,217.24113005139031,-0.008226693459881952,0.18225879019753982,1,0.01035946272191568
2018-09-18,258.2289123535156,258.82362878130147,257.02168188962406,257.04831057908905,61930400,252.8210922241211,242.38674674987794,256.94074225418353,255.48130838936768,252.8144755251037,0.005426345628083418,0.005411676058819786,54.17746160965293,1.4594338648158498,1.5879198016481972,-0.12848593683234744,0.0592250982007972,0.5539825834248694,259.52899837878203,253.57607059094445,0.023203543086372458,1.126422444398498,1.6554754590752705,0.00641088344441045,2716909400.0,2613417360.0,58907575.0,1.0513147078283225,258.9656667527116,217.24113005139031,-0.002844988713888218,0.18867413501499136,0,0.003974404504088813
2018-09-19,258.5040588378906,258.92125965755014,258.15785882001853,258.28214408465055,49080600,253.03981201171874,242.52134254455567,257.18125249783077,255.70521582999902,253.03759643933063,0.0010655138569390932,0.0010649465999604509,48.773356339658996,1.4760366678317496,1.5655431748849078,-0.08950650705315821,0.05898917579498562,0.551933353431308,259.6450284491086,253.89321923155546,0.022400704304033976,1.2065316708053846,1.5927078242968296,0.006161248807685552,2765990000.0,2622100045.0,57998005.0,0.8462463493356366,258.9656667527116,217.24113005139031,-0.0017825062318465367,0.189940683777235,0,-9.515196039600049e-05
2018-09-20,260.5989074707031,260.9184787850341,258.52178873975845,259.7645329642432,100360600,253.33664672851563,242.66781341552735,257.70704557058036,256.06771150708823,253.33411844056093,0.008103735942212698,0.00807107699511834,63.921486795294236,1.6393340634921287,1.580301352606352,0.05903271088577666,0.06402613938922665,0.5989314422866681,260.1498434737567,254.046158723509,0.0237406931371126,2.2942904249004274,1.6478706173750888,0.00632339802714002,2866350600.0,2638050425.0,60766370.0,1.6515812940611723,260.9184787850341,217.24113005139031,-0.0012247937203185239,0.19958364886546182,0,-0.005361560454861358
2018-09-21,260.3608703613281,261.45764333870767,260.2003749632241,261.34172092502115,105479700,253.58415649414061,242.81725387573243,258.1153263076185,256.385723274069,253.60967733941456,-0.0009134232821055299,-0.0009138407073616658,62.46801425650282,1.7296030335494947,1.6101616887949808,0.11944134475451396,0.06381828838007544,0.5968417981964933,260.36989469574587,254.49378633452764,0.022825880238667367,1.9938569298883964,1.6413018124341565,0.006303949630205039,2760870900.0,2651187065.0,63580110.0,1.6590046792935715,261.45764333870767,217.24113005139031,-0.004194839987747918,0.19848792123175502,0,-0.0043494084572417435
2018-09-24,259.49591064453125,259.9239255325764,258.9163258584371,259.78125390322805,53409600,253.81046325683593,242.96215034484862,258.3277238979128,256.61610752373286,253.8405100180466,-0.0033221571106153425,-0.003327687726997302,60.099600225302574,1.7116163741799255,1.6304526258719698,0.0811637483079557,0.06328390064132934,0.5916810507986432,260.526597999133,254.76559102674588,0.0223601564125312,1.2843699993238924,1.641133107011805,0.006324312020700397,2707461300.0,2658778855.0,63376220.0,0.842738806448223,261.45764333870767,217.24113005139031,-0.00750306118087003,0.1945063560622484,0,0.002439798277393823
2018-09-25,259.2552185058594,260.05772276823944,259.01447539069625,259.9507258281669,44370000,254.03639434814454,243.1022093963623,258.47041537605844,256.8115972261126,254.05285152737258,-0.0009275373090622541,-0.0009279677379719366,62.64674630610298,1.65881814994583,1.6361257306867418,0.02269241925908827,0.05774524878920289,0.5398816813625548,260.7076102526336,254.787514564261,0.022968580703747372,1.0186700862653761,1.5939216003682068,0.006148079138210994,2663091300.0,2661298525.0,62741100.0,0.7071919363861966,261.45764333870767,217.88036605480062,-0.008423639120754802,0.18989711280663205,0,0.002786019287192021
2018-09-26,258.4794616699219,260.58380737485373,258.06037218301276,259.397888348233,79739700,254.22674987792968,243.23208450317384,258.4718071135759,256.93514274046885,254.22644408198235,-0.00299225157514027,-0.0029967373104185673,62.62647808285853,1.536664373107044,1.6162334591708023,-0.07956908606375834,0.05898280456411308,0.5514091584311691,260.7752216125187,254.83284265750086,0.02304998453983007,0.4546526161123426,1.6162911214690812,0.0062530736911433375,2583351600.0,2657484035.0,64380910.0,1.2385612443191623,261.45764333870767,217.93292659731088,-0.011390685048467608,0.186050523460053,0,0.006347570294886973
2018-09-27,259.2016906738281,260.2895381277292,258.67560430350846,258.9520221046623,59249500,254.4210760498047,243.36206817626953,258.5840968920762,257.1030351799769,254.4215517914665,0.0027941446459236463,0.0027902482800914808,67.96668979875088,1.4810617120992902,1.5891991097565001,-0.10813739765720998,0.056652503913129364,0.5296446499901184,260.83644226064604,254.81830169687348,0.023341744197231108,0.913450710957419,1.6194066139282282,0.006247669950448133,2642601100.0,2653557745.0,64269110.0,0.9218970046418878,261.45764333870767,218.59849080207877,-0.008628367624185496,0.18574327628140805,0,-0.004300336691932638
2018-09-28,259.22845458984375,259.7277917564604,258.5418727887045,258.57752029215237,70091400,254.63475311279296,243.4901281738281,258.6832288455789,257.2604736547819,254.6100577835597,0.00010325517532727702,0.00010324984487858887,66.69008889757099,1.4227551907970337,1.555910325964607,-0.13315513516757327,0.05450014755040242,0.5095555306721999,260.97666100807453,254.83218146018712,0.023824638284542364,0.8619336069276701,1.6128083157451962,0.006221571309743032,2712692500.0,2656197500.0,64712205.0,1.083124891200972,261.45764333870767,219.03627629237042,-0.00852600337247015,0.18349553315006445,0,-0.009975633352710789
2018-10-01,260.1290283203125,261.1990247523705,259.4602703458394,260.46784283610697,62078900,254.87212432861327,243.62282218933106,258.9056595339995,257.47295918556193,254.82648800068728,0.0034740543120301837,0.003468033725216412,66.87148586225595,1.4327003484375496,1.5312683304591956,-0.09856798202164607,0.055630559931928426,0.5200936671377336,261.2523750407136,254.79974745684495,0.025007658345205967,1.3036345537665481,1.5906159499050736,0.006114719146017232,2774771400.0,2658634160.0,64509110.0,0.962327646436294,261.45764333870767,220.0521285925579,-0.005081568859220546,0.1821245719552199,-1,-0.01340312448233838
2018-10-02,259.9775085449219,260.69083971183056,259.6030192064387,259.9775085449219,47258200,255.09723266601563,243.75953086853028,259.0705593818337,257.65848136032935,255.02848880634355,-0.0005824793040938303,-0.0005826490110674121,65.72278850439207,1.4120780215043283,1.5074302686682222,-0.0953522471638939,0.05517849592961497,0.5158698513900104,261.47994130035147,254.8446940145899,0.02570184272425542,1.094271732872474,1.568774249736143,0.006034269112418516,2727513200.0,2661587630.0,63992300.0,0.7384982255677636,261.45764333870767,220.87520636208524,-0.005661088254621572,0.1770334607802717,-1,-0.014268554209131312
2018-10-03,260.12017822265625,261.4487690758505,259.76351264194153,261.0296795352548,64694600,255.30016265869142,243.88726669311524,259.2320392034987,257.84082927605726,255.22816290110092,0.000548777002029377,0.0005486264789969335,60.620825432899714,1.3912099274414231,1.4841862004228625,-0.0929762729814394,0.05385037417965746,0.5033020545489262,261.6779495866418,255.00269463943252,0.025838997538636218,1.0665397038036397,1.5674219187638496,0.006025760590638134,2792207800.0,2671398450.0,63604410.0,1.0171401637087742,261.45764333870767,221.16418655271696,-0.00511541792763269,0.17614059616588826,-1,-0.04600341075820147
2018-10-04,258.0870361328125,259.69204411596644,256.4998518963773,259.6385456639831,111545900,255.41982086181642,243.99739944458008,259.0558848849316,257.8590668210021,255.34027557685434,-0.007816164450354268,-0.007846870772140224,49.48666581496049,1.19681806392947,1.426712573124184,-0.229894509194714,0.06052443203704166,0.5653602121357609,261.5739284514176,255.33664131176604,0.02413294486320562,-0.23615956123111675,1.74549398620586,0.006763199005887389,2680661900.0,2678927470.0,65886210.0,1.6930082941483506,261.45764333870767,221.7246608055824,-0.01289159943023232,0.163997884561493,-1,-0.05966699050111879
2018-10-05,256.6424865722656,258.82707894540624,255.21579789709477,258.30991824671617,105951700,255.52248413085937,244.1048425292969,258.6845928368291,257.7689497655401,255.3913426747136,-0.005597141112517967,-0.005612863802356926,49.14747265325516,0.9156430712889687,1.324498672757141,-0.40885560146817235,0.06374807414851523,0.5951125261675253,261.4021450801481,255.64360382121913,0.022274784276497296,-1.3061557033710052,1.8861399514295312,0.00734928957641014,2574710200.0,2684835145.0,67507555.0,1.569479149407796,261.45764333870767,222.11871433554268,-0.018416584441573222,0.1554293718113718,-1,-0.04124084193167832
2018-10-08,256.6424865722656,256.99915193810256,254.57378935385907,255.95587785091084,87742200,255.65923431396484,244.21290153503418,258.37042264228086,257.6855080475198,255.44040714128428,0.0,0.0,41.996551299421114,0.6849145947610396,1.1965818571579208,-0.5116672623968812,0.06351572255435453,0.5925898223300815,261.28657198152104,255.8499667147681,0.021025802123588937,-1.4169009372366859,1.917352051332756,0.0074709066177663696,2574710200.0,2688232275.0,69384120.0,1.2645861906153741,261.45764333870767,222.11871433554268,-0.018416584441573222,0.1554293718113718,-1,-0.04662601738643213
2018-10-09,256.26800537109375,257.5698463801317,255.7062444172972,256.25910710370897,74339000,255.81459197998046,244.31666793823243,258.04697383132896,257.58050784926604,255.47286197382581,-0.0014591551312235218,-0.0014602207347854232,38.831151014435314,0.466465982062914,1.0505586821389195,-0.5840927000760054,0.0626625216335115,0.5840437223550076,261.3219000874863,255.78365411173243,0.021420175941951808,-1.6501771404650873,1.995937845997249,0.007788478484104925,2500371200.0,2685385930.0,70574545.0,1.0533401242615166,261.45764333870767,222.40766825232924,-0.01984886691910917,0.15224446793960708,-1,-0.024356079686664533
2018-10-10,248.1537628173828,255.8311179361839,247.7792736185123,255.7597685189888,214731000,255.78316467285157,244.38017112731933,256.52494136764494,256.8822304394969,255.18583847749474,-0.03166311199074956,-0.0321752274491997,11.180780510929381,-0.3572890718519375,0.7689891313407482,-1.1262782031926857,0.12846359096439244,1.1932181982353154,263.5048889591067,252.7520400570066,0.04165696690054303,-3.710533562883115,2.429817260671391,0.009791579354206697,2285640200.0,2668812495.0,78320555.0,2.7416940546450417,261.45764333870767,222.425206140693,-0.05088350201370944,0.1156728462709188,0,0.007725571012245247
2018-10-11,242.68775939941406,248.68872864724938,241.07379887259498,247.06586985379727,274840500,255.65076110839843,244.41775268554687,254.39614414176327,255.83078814023148,254.69571772933472,-0.02202667957121085,-0.022272889044582654,8.431044470141856,-1.4346439984682036,0.32826250537895785,-1.7629065038471614,0.1439951426269872,1.3321292980081412,266.1059234392246,248.60400392893942,0.06800692420982335,-3.3521361523109467,2.8839359320407345,0.011883318463105384,2010799700.0,2635945325.0,89510870.0,3.070470659038394,261.45764333870767,222.425206140693,-0.07178938699060326,0.09109827797980848,1,0.01554205228175043
2018-10-12,246.05833435058594,247.07483220895497,242.86611473432916,246.78948897397015,183186500,255.55860565185546,244.4716145324707,253.11340417388982,255.10690267433182,254.35699681252103,0.013888524742711184,0.01379296297439742,21.72607867877703,-1.9934985004420014,-0.136089695785234,-1.8574088046567674,0.1558068971226051,1.4350857989442463,266.8344811208891,246.6610495797945,0.0785729586139424,-2.119506733569111,3.0941165253728706,0.012574727588638993,2193986200.0,2609483485.0,95916200.0,1.9098598568333607,261.45764333870767,222.425206140693,-0.05889791092537523,0.1062520234102605,0,0.001087023994462477
2018-10-15,244.67626953125,247.0303108944259,244.5870963501901,245.70169308385272,102263700,255.41732971191405,244.51614601135253,251.81538345963753,254.33426318225168,253.9773604485496,-0.005616817747643332,-0.005632651386057714,20.730375836475417,-2.5188797226141446,-0.6126477011510161,-1.9062320214631285,0.1558915906047157,1.4295963418292736,267.5793151397048,244.7003189545335,0.08932229455353496,-2.004204628749381,3.194114180136627,0.013054450218061198,2091722500.0,2581320660.0,97617185.0,1.0475993545603677,261.45764333870767,222.425206140693,-0.06418390984163384,0.10003840741180337,0,0.0022232471956527
2018-10-16,250.0263214111328,250.400837868214,246.16537049105952,246.63795839414237,118255800,255.36459075927735,244.59187232971192,251.54014314448295,254.01515638439102,253.82241774119993,0.021865838849564057,0.021630210023112984,35.66237233601477,-2.4750132399080655,-0.985120808902426,-1.4898924310056394,0.17637943168145262,1.6092423451374718,267.4388062019025,244.02056879809754,0.09157418379047187,-0.9741751250615223,3.4227665476454154,0.013689624869603874,2209978300.0,2555974105.0,100433455.0,1.1774542656129872,261.45764333870767,222.425206140693,-0.043721506021401894,0.12409166995660094,-1,-0.024215590094426753
2018-10-17,250.07089233398438,250.69505007361667,247.49393205394864,250.06196685381698,110626000,255.29605560302736,244.65941596984862,251.3141045582524,253.7229886769535,253.6752990977797,0.0001782649226689248,0.00017824903536566892,34.14858470073895,-2.4088841187010814,-1.269873470862157,-1.1390106478389244,0.17623274241637352,1.5997674822144625,267.20239183978333,243.41366650982602,0.09317656560526585,-0.8806082322274803,3.522126659206894,0.014084512700913975,2320604300.0,2533704820.0,103510725.0,1.0687394953518101,261.45764333870767,222.425206140693,-0.0435510351096228,0.12429205607121858,-1,-0.05394899615258031
2018-10-18,246.45962524414062,249.73209323984952,245.18453310681264,249.13465741512297,134557500,255.1574237060547,244.70142181396486,250.56726158685058,253.1849617560044,253.39233149567625,-0.014440973342154106,-0.014546259045666992,30.28632275269385,-2.617700169153835,-1.5394388105204926,-1.0782613586333425,0.17793309050001502,1.6069665278711387,266.84692575285794,242.3552043740952,0.09619646081471232,-1.329663961483064,3.786443820593738,0.015363343252846879,2186046800.0,2499689630.0,105220570.0,1.2788136388160605,261.45764333870767,222.425206140693,-0.057363089114735595,0.10805618446069852,-1,-0.022865744368893992
2018-10-19,246.3258056640625,249.04541000928813,245.63029859536644,247.1104858875814,139901600,255.0230389404297,244.73774223327638,249.91472990642166,252.67687611956427,253.11521283561297,-0.000542967554809648,-0.0005431150150722773,28.172552577478783,-2.762146213142614,-1.783980291044917,-0.9781659220976973,0.1779879726491447,1.5991478606160976,266.3620618260497,241.43656183117687,0.09817080564479032,-1.2153828272080045,3.8896253385505184,0.015790571873152272,2046145200.0,2463953345.0,106941665.0,1.308204804927995,261.45764333870767,222.425206140693,-0.057874910373312334,0.10745454590363014,-1,-0.03952913200399821
2018-10-22,245.22024536132812,247.31566577990793,244.68523340286234,246.99467493193163,82415800,254.90045318603515,244.7605689239502,249.1925015148688,252.12453310043566,252.80560626799397,-0.004488203336040719,-0.004498305559187262,27.34739804675496,-2.932031585566847,-2.013590549949303,-0.9184410356175436,0.1780895446923112,1.591961202523979,265.9306840824213,240.44037304648498,0.10067838861274916,-1.249931111573428,3.9998119008115003,0.016311099823417274,1963729400.0,2426766750.0,108391975.0,0.7603496476561111,261.45764333870767,222.425206140693,-0.06210335934354254,0.10248406471619195,-1,-0.040544332891910395
2018-10-23,243.97178649902344,245.09530848280906,239.51340048314862,241.5999490849873,146352700,254.77171600341796,244.77495269775392,248.38931458935414,251.5206259447755,252.45918196332846,-0.005091173693530515,-0.00510417787479347,26.025871102990124,-3.13131135542136,-2.2371347110437148,-0.8941766443776453,0.1781330237304212,1.584492579578043,265.46345835081286,239.37925557740985,0.10333595812620402,-1.2957375829646363,4.287068218259394,0.017571983546862107,1817376700.0,2384481020.0,113491110.0,1.289552106768539,261.45764333870767,222.425206140693,-0.06687835404770333,0.0968711268483723,-1,-0.02134413580391692
2018-10-24,236.57981872558594,244.1055770269243,236.02698317460644,243.72213512158604,177806700,254.46318481445311,244.74964797973632,246.57246907185134,250.41389948409477,251.83646183635818,-0.03029845327409242,-0.030766938616800948,22.453211401482733,-3.841430412243426,-2.557993851283657,-1.2834365609597689,0.20283018869516065,1.7937520259254858,265.8230671716962,236.82968246209288,0.11536148854542884,-2.0344718268632787,4.605515898690746,0.01946707002947189,1639570000.0,2337291940.0,118394460.0,1.5018160478116966,261.45764333870767,222.425206140693,-0.09515049663663314,0.06363762826385586,1,0.02001361540637081
2018-10-25,240.8241424560547,242.36675365620204,237.39120734402607,238.41663058054732,138061500,254.27717681884766,244.7474137878418,245.68811113095956,249.70354711164737,251.40460617438552,0.01794034568684766,0.017781316889551296,31.095444507459362,-4.015435980687812,-2.849482277164488,-1.165953703523324,0.2165556081651232,1.9035653518916593,265.13035106697623,235.6846437450355,0.11759115692210304,-1.3018338929842634,4.760919747426791,0.019769279354106113,1777631500.0,2294043460.0,122335060.0,1.1285521910072223,261.45764333870767,222.6115805666625,-0.07891718375172198,0.0818131825982805,1,0.012700211136899675
2018-10-26,236.58876037597656,241.64458337402075,233.87808058304793,237.1148740057523,201574600,253.96598327636718,244.7152007293701,244.28821101480833,248.7320814275236,250.8235926136636,-0.017587032748807574,-0.0177435221128623,28.23689940965582,-4.443870412715285,-3.1683599042746473,-1.2755105084406373,0.22160886235750205,1.9359488410524077,264.61134561860064,233.9396797720244,0.12304323643721067,-1.6545240654540565,5.1424297621931725,0.021735731460873486,1576056900.0,2237211680.0,128909220.0,1.563694202788598,261.45764333870767,222.6115805666625,-0.09511629740544432,0.06278729872783284,1,0.024723895347596114
2018-10-29,235.2779541015625,240.97578498395356,231.70234671185867,239.682842042878,160749100,253.61082061767578,244.6685118865967,242.90201764353975,247.73547940337835,250.2139597308361,-0.005540441871925705,-0.005555847047328991,27.67447808807357,-4.833461759838599,-3.501380275387438,-1.332081484451161,0.2196265165246512,1.9073893613174764,263.68977834991426,232.37613961883577,0.12624789406738127,-1.6293226080460534,5.6717037842832,0.024106397073798483,1415307800.0,2169238500.0,133842730.0,1.201029745881603,261.45764333870767,222.6115805666625,-0.10012975296052239,0.05689898747701032,1,0.03611775363352754
2018-10-30,238.76441955566406,239.07651205137157,234.6181255750687,235.10856441456093,157116000,253.31455780029296,244.64343627929688,242.2654640915589,247.07095645169582,249.76495815533917,0.01481849613753683,0.01470977496390028,38.922780253623586,-4.805492360136924,-3.7622026923373353,-1.0432896677995886,0.23020635134583686,1.9870167307323927,262.0868131922689,231.85779587755528,0.12239840969877021,-1.0860935230159592,5.38382197883473,0.02254867785097092,1572423800.0,2111484030.0,139335620.0,1.1276082885338292,261.45764333870767,222.6115805666625,-0.08679502918048361,0.07256064104070495,1,0.027448887741397865
2018-10-31,241.31463623046875,243.63300269297002,240.85987209180985,241.3324599805179,128296300,253.05740509033203,244.6194938659668,242.1191828821604,246.64456236123453,249.43357298181485,0.01068089072714673,0.01062425295144831,48.260351305069996,-4.525379479074132,-3.9148380496846946,-0.6105414293894378,0.2356913010295225,2.021577737409287,259.9988299886619,232.06522488194352,0.11353645863875944,-0.6755148411579519,5.18765436188127,0.021497470865906265,1700720100.0,2056909645.0,142515705.0,0.9002256979327296,261.45764333870767,222.6115805666625,-0.07704118667567304,0.08401654404589927,1,0.03835471541966151
2018-11-01,243.88265991210938,244.07883000085664,241.09170569068132,242.17955305340146,99495000,252.85463104248046,244.6104598236084,242.3904870406141,246.43997699463267,249.2158901163362,0.010641806571517032,0.010585581090011438,47.18635955161719,-4.049489954018583,-3.9417684305514724,-0.10772152346711028,0.2404128258620465,2.048873750128242,258.1017131234844,232.5419041250508,0.1041888984178359,-0.2252205737564299,5.087658040498013,0.020861089682765916,1800215100.0,2012887305.0,141913160.0,0.7010977699319781,261.45764333870767,222.6115805666625,-0.06721923751079872,0.09555243842796002,1,0.02555637850844139
2018-11-02,242.4381561279297,245.41635506870088,240.38728199417207,244.98834016496485,122634100,252.62971252441406,244.58861389160157,242.39782074635497,246.14354581932133,248.95009662659476,-0.005922945832640414,-0.0059405560469694375,47.11027857972843,-3.7457250729663656,-3.9025597590344514,0.15683468606808582,0.24046737099327672,2.03604935459171,256.2723030819271,232.9508811221745,0.09534062453599085,-0.37277932323323615,5.272362221233229,0.0217472460005475,1677581000.0,1968030845.0,142747280.0,0.8590993817885707,261.45764333870767,222.6115805666625,-0.07274404744075129,0.08906354067833408,1,0.021589487744759106
2018-11-05,243.77566528320312,244.3285008443668,241.95663600789746,242.92856098023867,65622500,252.40100921630858,244.5634218597412,242.609796828947,245.96814726109037,248.74717775038334,0.005516908627896333,0.005501746228311115,40.99663156395567,-3.358350432143368,-3.7937178936562352,0.4353674615128673,0.24209096947668068,2.036514299840283,254.16160754311557,233.77489453207977,0.08356297560986335,-0.037786523850608926,5.032883399769324,0.020645552926385983,1743203500.0,1926455510.0,141641295.0,0.4633006214748319,261.45764333870767,222.6115805666625,-0.067628461075809,0.09507180472222965,0,-0.002999421259855861
2018-11-06,245.3182373046875,245.47873267664912,243.65080522392796,243.71322916141185,60085900,252.1628567504883,244.54330207824708,243.02647997906092,245.9200057828383,248.61270949761098,0.006327834321331105,0.006307897637552614,43.43753107728404,-2.8935258037773792,-3.613679475680464,0.720153671903085,0.24408656725389394,2.0398911936852704,251.85740065577366,234.98412461278102,0.06931732470308442,0.44981772718602686,4.934798359273119,0.020115905011758476,1803289400.0,1891601420.0,140928640.0,0.42635691368340745,261.45764333870767,222.6115805666625,-0.06172856845157221,0.10200123767247296,-1,-0.011122289138341235
2018-11-07,250.5701904296875,250.6504381032207,247.06587874778523,247.49389355178778,102752100,252.0272592163086,244.54992630004884,244.18705081761885,246.26446390482715,248.68947345573164,0.021408734966887222,0.021182787149887895,55.42984874871001,-2.077413087208299,-3.3064261979860317,1.2290131107777325,0.23109230374060105,1.9195794361024177,252.325674432419,234.75749359736616,0.07213626743093916,1.6003037489620593,4.966644185798937,0.019821368923741256,1906041500.0,1872621485.0,135329695.0,0.759272382901624,261.45764333870767,222.6115805666625,-0.041641364046550056,0.12559369010298463,-1,-0.038468171470245394
2018-11-08,250.11541748046875,250.75742605766166,248.97407192232856,249.767650362403,65584900,251.8548696899414,244.5537481689453,245.09910722728807,246.54971972524504,248.74539282925076,-0.0018149523230951425,-0.0018166013446284067,54.96379624203633,-1.4506124979569677,-2.935263457980219,1.4846509600232514,0.21547046589638844,1.7799368765374965,253.16088476063163,234.66504907725897,0.07582965316279806,1.3413723318828876,4.85009009447118,0.019391407948092278,1840456600.0,1864104330.0,124866915.0,0.5252384108312438,261.45764333870767,222.6115805666625,-0.04338073927923205,0.12355079122027099,-1,-0.02666639986275865
2018-11-09,247.67227172851562,248.99193658998522,246.26340649142955,248.80469199431192,98812600,251.65456573486327,244.53092002868652,245.4949786890154,246.6328717254873,248.70330964882976,-0.009768073382137255,-0.009816093979299024,53.1030373061181,-1.137893036471894,-2.5757893736785538,1.4378963372066598,0.21392802322773005,1.757694724774629,253.34795869190395,234.63936888377964,0.07667653953666548,0.7865067282174008,4.937345709613581,0.019934995852202708,1741644000.0,1841487220.0,120648220.0,0.8190141553683925,261.45764333870767,222.6115805666625,-0.052725066416718445,0.11257586464307297,-1,-0.014509178169541226
2018-11-12,243.0444793701172,247.4047670587005,242.5272913162637,247.16402399269808,99673600,251.36153076171874,244.49331436157226,245.1179787938003,246.36706488434876,248.4813947359391,-0.01868514519651665,-0.01886191800239131,48.91895622672818,-1.2490860905484737,-2.310448717052538,1.061362626504064,0.22362340838369651,1.826960446550909,253.26976541397997,234.55438314559032,0.0767300361150704,-0.1854292681903481,4.897212533475896,0.020149449788646457,1641970400.0,1818999615.0,120518715.0,0.8270383566568893,261.45764333870767,222.6115805666625,-0.07042503609174271,0.0917872230700771,-1,-0.012730783832385462
2018-11-13,242.58973693847656,245.50551206799565,241.86748046408346,243.50816351775626,98176600,251.0682778930664,244.4662857055664,244.72901850836587,246.08726281428414,248.25034933211703,-0.001871025553919825,-0.0018727781086224778,58.35820426761465,-1.3582443059182765,-2.1200078348256857,0.7617635289074092,0.20781660608360839,1.6891285388923323,252.45551568821983,234.62497442408485,0.07321394153982166,-0.2132314669267919,4.580029515732635,0.018879733221748705,1543793800.0,1785690390.0,119514755.0,0.8214600782974454,261.45764333870767,222.6115805666625,-0.07216429460349914,0.08974446127626984,-1,-0.02918476942371606
2018-11-14,240.93121337890625,244.86348626076756,239.37077812959166,244.4622478094711,125335900,250.75570037841797,244.43034782409669,244.1447407961413,245.7053332264784,247.96332439277543,-0.006836742479303326,-0.006860220071188778,50.160447175905624,-1.5605924303370955,-2.0081247539279676,0.44753232359087214,0.20858834611916907,1.6867809675689487,251.5127924740276,234.65372974276926,0.06935509526400653,-0.5105972409703363,4.559013315772622,0.018922468582776696,1418457900.0,1740583070.0,120250250.0,1.0422922197666948,261.45764333870767,222.6115805666625,-0.07850766838439781,0.0822941590262768,-1,-0.019171017402012547
2018-11-15,243.44573974609375,243.90942938261057,238.08677738884973,239.665036498494,135101400,250.50885955810546,244.4083908843994,244.03720217305707,245.53795593163505,247.7861642105526,0.01043669822570048,0.010382611887148854,60.83403289321734,-1.5007537585779858,-1.9066505548579715,0.40589679627998576,0.20724510169612195,1.6677000349526463,251.21441923441643,234.65071443257574,0.06818231502568904,0.12392708481902279,4.42016683025748,0.018156681792285932,1553559300.0,1708958695.0,120277445.0,1.1232480038131838,261.45764333870767,222.6115805666625,-0.06889033100202864,0.09358973655547236,-1,-0.03578504067201271
2018-11-16,244.07875061035156,244.98825133771518,241.83170719525484,242.34889508456078,126668000,250.2846206665039,244.41657608032227,244.04359424033316,245.42986664857702,247.6407754419173,0.002600213357268233,0.0025968386512212256,64.20961190991095,-1.3862724082438547,-1.8025749255351482,0.41630251729129353,0.20754336480393276,1.6623388588345835,250.9681273535298,234.6723008080913,0.06711066707162712,0.30892241660104536,3.9832458209978694,0.01631951085884056,1680227300.0,1690662800.0,119615765.0,1.0589574041515346,261.45764333870767,222.6115805666625,-0.0664692472036186,0.09643330319583523,-1,-0.02275920553615307
2018-11-19,239.95033264160156,243.76670985269266,239.03190624209543,243.47244114704662,103061700,249.968935546875,244.45481712341308,243.41386168668214,245.02397524065293,247.33918944974806,-0.016914286714539206,-0.017058967025441643,51.875868301108234,-1.6101135539707911,-1.764082651222277,0.15396909725148578,0.2153486438704575,1.7163807852421744,250.718668690972,234.39476819867642,0.06729931290692691,-0.6386674076613308,4.025278527565959,0.016775465502597404,1577165600.0,1671334610.0,120648060.0,0.8542342081588382,261.45764333870767,222.6115805666625,-0.08225925401325623,0.07788791594221156,0,-0.0026012717653653983
2018-11-20,235.5098114013672,238.0778464586344,234.64488330516025,236.6154825797557,136021300,249.5475747680664,244.4479707336426,242.19785395047984,244.3192223636688,246.87529227138018,-0.01850600160186855,-0.018679380008583796,41.33608629091802,-2.121368413188975,-1.8355398036156167,-0.2858286095733582,0.2238282222136049,1.7746716227876864,250.8454873524283,233.42175202745452,0.07195917422489843,-1.5206402447033371,4.056483256075627,0.017224264381760186,1441144300.0,1652522990.0,120131490.0,1.1322701483183135,261.45764333870767,222.6115805666625,-0.09924296572858697,0.05794052044315022,1,0.03960297442636307
2018-11-21,236.31231689453125,238.21159396690376,236.30341862525125,237.06132258851162,75563700,249.14102081298827,244.45156242370606,241.29238671110312,243.7261182548438,246.46105794287632,0.0034075246733411557,0.0034017322160391386,38.07237593713097,-2.4337315437406914,-1.9551781516406317,-0.47855339210005976,0.19701795879142417,1.555495186862078,250.86875803029235,233.37173116648498,0.07226585654921241,-1.3277519084212794,4.036101702887145,0.017079523217101295,1516708000.0,1646379890.0,115019340.0,0.6569651677709157,261.45764333870767,222.6115805666625,-0.0961736139096216,0.06154547886948756,1,0.03380882140618402
2018-11-23,234.73402404785156,236.13396378953615,234.5735286819056,234.67160011270744,42807900,248.6725457763672,244.49144676208496,240.28340783983367,243.060037202474,246.0011742607185,-0.006678842928801276,-0.006701246207940992,37.912540938080554,-2.7766293626403353,-2.1194683938405725,-0.6571609687997628,0.18640762353402657,1.465862127925171,251.15800494952734,232.4734724064297,0.0772676445513726,-1.5160592564520925,3.8010813556083485,0.016193141880588565,1473900100.0,1631193320.0,110256660.0,0.3882568182275792,261.45764333870767,222.6115805666625,-0.10221012837722535,0.05445558335433911,1,0.04710356121797532
2018-11-26,238.52371215820312,238.74663151536032,236.59768564694465,236.99002589248818,79981400,248.27897399902344,244.53324829101564,240.01268542727513,242.72401312512062,245.7079404527767,0.016144605051285676,0.016015666835032406,42.34865682683732,-2.7113276978454905,-2.237840254641556,-0.47348744320393443,0.18556525638272672,1.4534957569405496,251.06498543901915,232.7599870951605,0.07566785256238708,-0.7405133930062623,3.9182772578254492,0.016427202236508103,1553881500.0,1630084550.0,104177000.0,0.7677452796682569,261.45764333870767,222.6115805666625,-0.08771566548083115,0.07147935229171798,1,0.04411226025771686
2018-11-27,239.32615661621094,239.32615661621094,236.88296977988102,237.48930374904148,75502400,247.9287924194336,244.5621632385254,239.90706561018834,242.47232005038657,245.4576744199702,0.003364212516848486,0.003358566213950591,41.07799216711251,-2.565254440198231,-2.3033230917528913,-0.26193134844533983,0.1844269708129487,1.4386804567076492,250.81761021051832,233.4121825751262,0.07188912328282553,-0.6408896889841005,3.9622243566546467,0.0165557514175459,1629383900.0,1640788355.0,99914665.0,0.7556688500131588,261.45764333870767,222.6115805666625,-0.0846465471037169,0.07508403654024258,0,0.00689305650509664
2018-11-28,244.83670043945312,244.83670043945312,239.26371823907763,240.39616563776332,127629600,247.66094818115235,244.61572608947753,240.66547096853677,242.64745933846558,245.43332249916563,0.02302524680609408,0.022764165849806055,41.52826302223777,-1.981988369928814,-2.2390561473880757,0.25706777745926157,0.194648666807948,1.5121265951939,251.05247914683824,233.7845417271852,0.07123192609559333,0.5601572308523777,3.9794230282148106,0.016253376316018857,1757013500.0,1650017840.0,98440345.0,1.2965171952617598,261.45764333870767,222.6115805666625,-0.06357030793596954,0.09983811181887355,-1,-0.017262532362418148
2018-11-29,244.3017578125,245.70167050031392,242.91964166269426,244.0609875245852,82346400,247.37690216064453,244.65081512451172,241.22489971376189,242.76999996617184,245.38894741341403,-0.0021848955895622524,-0.002187285956366843,41.43010865878335,-1.5451002524099522,-2.100264968392451,0.5551647159824986,0.19178564242450982,1.4838821584705701,251.2247489273192,233.91098410490733,0.0713769926374884,0.40058099755212284,4.050756935520994,0.01658095697628964,1674667100.0,1648715190.0,96142850.0,0.8565005093982548,261.45764333870767,222.6115805666625,-0.06561630904009534,0.09743508037912807,-1,-0.037995547938360685
2018-11-30,245.79083251953125,246.3525935500648,243.82915886470985,244.1501496182544,98204200,247.0807406616211,244.67821075439454,241.92735091464948,242.99376534049475,245.40470761365395,0.0060952271500809285,0.006076726392560039,47.14631021349789,-1.0664144258452666,-1.8934948598830141,0.8270804340377476,0.18931800319807537,1.4592830607338352,251.42262424735543,233.90392604561333,0.07219344662337919,0.7141072553031947,3.9558586281149752,0.01609441079459557,1772871300.0,1647348000.0,96078310.0,1.022126638155896,261.45764333870767,222.6115805666625,-0.059921028198363695,0.1041241964765062,-1,-0.04200973321079493
2018-12-03,249.0455322265625,250.02638298730648,247.4494489828206,249.91938603374163,103176300,246.85443389892578,244.72152824401854,243.02245573186687,243.44204436909234,245.54748504945428,0.013241745730173227,0.013154840162157549,59.4977610703972,-0.41958863722547335,-1.598713615351506,1.1791249781260327,0.1929394432026936,1.481513351394079,252.20403956672823,233.78324833610378,0.07580770809917764,1.3141429590214642,3.89089934636664,0.015623244920639646,1876047600.0,1657271330.0,95105420.0,1.0848624610458584,261.45764333870767,222.6115805666625,-0.04747274148748364,0.11874472834078002,-1,-0.054314666198734374
2018-12-04,240.97584533691406,248.64427730989203,240.6637527683007,248.2162623119219,177986000,246.48403259277345,244.7320223236084,242.70759259418182,243.25936295930134,245.36820506072723,-0.0324024559585645,-0.032939038445604835,47.94182595422699,-0.5517703651195234,-1.3893249653051096,0.8375546001855863,0.22631260688910346,1.7294123745064058,252.09904548402702,233.6082604241761,0.07613962085777477,-0.40621479525140913,4.229738478820183,0.01755254130515233,1698061600.0,1655014235.0,100723595.0,1.7670735441879333,261.45764333870767,222.6115805666625,-0.0783369640307676,0.08249465155184174,-1,-0.017724575058699954
2018-12-06,240.61019897460938,240.7261213773136,234.01179240772498,237.1148392029293,204185400,246.11113220214844,244.74662940979005,242.38491665270914,243.06312859006488,245.18161658676183,-0.001517356902694833,-0.0015185092545134179,49.576654544635,-0.6782119373557407,-1.2471023597152358,0.568890422359495,0.2248911800688153,1.710496440084552,251.83913948542977,233.39736258976552,0.0760114987920113,-0.43554416126242823,4.334834535821124,0.01801600495030787,1493876200.0,1639543575.0,107928570.0,1.891856808628151,261.45764333870767,222.6115805666625,-0.07973545580035418,0.08085212082017931,-1,-0.016565357929002045
2018-12-07,235.01937866210938,241.8407041633417,234.1811998724855,240.2713434999047,161018900,245.6419305419922,244.73174209594725,241.25175696184763,242.46729526206818,244.78309745246176,-0.02323600718642016,-0.023510219259036902,39.721517008271476,-1.215538300220544,-1.2407895478162976,0.02525124759575359,0.22204200901981844,1.6810827412708014,250.85865579633443,232.8227651021031,0.07457756248205565,-1.512835024616402,4.466038271327936,0.01900285115530333,1332857300.0,1610884365.0,110841910.0,1.4526896911105194,261.45764333870767,222.6115805666625,-0.10111872936278479,0.055737433173344196,-1,-0.011761543620631532
2018-12-10,235.46522521972656,236.43715018686217,230.6055731722175,234.8410402406926,151445900,245.16720123291014,244.70011611938477,240.36152130921363,241.9486234070799,244.41769069823687,0.0018970629577665932,0.0018952658063477001,39.44501909819997,-1.5871020978662784,-1.3100520578262937,-0.2770500400399847,0.22271797722912748,1.6784915630789614,249.66427575578123,232.55212591658207,0.07097290668609745,-1.3190570835721769,4.65711204791253,0.019778343250332196,1484303200.0,1593076695.0,115134960.0,1.3153771886488692,261.45764333870767,222.6115805666625,-0.09941349500082884,0.05774023355094484,-1,-0.032983681571315815
2018-12-11,235.51870727539062,238.8535713534547,234.04744531223463,238.66632675751862,121504400,244.69300628662108,244.65471939086913,239.61647299631778,241.47233332325106,244.06871095616447,0.00022713356341319546,0.00022710777249062991,43.96699818322996,-1.855860326933282,-1.4192137116476915,-0.43664661528559057,0.22146391079407174,1.6614834068646187,248.81665077109434,232.18439445595644,0.06915684063549946,-1.1981093226425164,4.639917881695668,0.01970084642265907,1605807600.0,1586284875.0,116269550.0,1.0450233960654358,261.45764333870767,222.6115805666625,-0.09920894157878649,0.05798048185935684,-1,-0.03426307587311239
2018-12-12,236.70465087890625,239.86119617276037,236.62440318649877,238.49693097816925,97976700,244.22451873779298,244.63052322387696,239.16850036286985,241.11917166070702,243.7799242864681,0.005035453944339574,0.005022818445357499,51.7847480566178,-1.9506712978371752,-1.5255052288855884,-0.4251660689515868,0.21424586816119,1.600424897125536,248.57434942600733,231.79271295192237,0.06987005474943234,-0.8292112189658376,4.571134993190556,0.01931155546043354,1703784300.0,1589375570.0,116184705.0,0.8432839761481513,261.45764333870767,222.6115805666625,-0.09467304969063356,0.06330789384976983,-1,-0.05349199583617936
2018-12-13,236.62440490722656,238.514756462568,235.5098082626307,237.64982837788833,96662700,243.75745666503906,244.61816024780273,238.77710106200166,240.78622597526405,243.49931568336058,-0.00033901307550032733,-0.00033907055342388627,50.476450491592175,-2.009124913262383,-1.6222291657609476,-0.3868957475014354,0.21425443261202773,1.5936386473858046,248.33979921908312,231.43072995572155,0.07048815312789146,-0.7713871481903469,4.592789681362035,0.019409619574797164,1607121600.0,1592541960.0,116109010.0,0.8325167874568907,261.45764333870767,222.6115805666625,-0.09497996736439127,0.06294741857047205,-1,-0.06858350426766757
2018-12-14,232.25518798828125,235.42955700710894,231.70235241482038,234.47545576293268,116961100,243.20015686035157,244.60133438110353,237.77372981989083,240.15429723548755,243.05836949923983,-0.018464777209512118,-0.018637379215200263,46.51283497739019,-2.3805674155967154,-1.7738968157281012,-0.6066705998686142,0.22217228893568278,1.6450468092270865,248.5461277969338,230.35679883880837,0.07596248820571687,-1.5825268418805807,4.820165701346359,0.020753748250349383,1490160500.0,1596127090.0,115690270.0,1.0109847612941,261.45764333870767,222.6115805666625,-0.11169096063715313,0.043320331301142316,-1,-0.07050480531074155
2018-12-17,227.69871520996094,232.4156821266384,226.06694412299714,231.30108550488026,165492300,242.59239044189454,244.5556534576416,236.2237275722093,239.23166152989296,242.45603011534655,-0.019618389659180502,-0.01981338480640563,35.09325919049434,-3.0079339576836617,-2.020704244119213,-0.9872297135644486,0.2259105663127539,1.6649462122395788,248.9511584601924,228.3770657219365,0.08620522188273395,-2.1318844079247934,4.987032168212965,0.02190188980036371,1324668200.0,1584682535.0,117209815.0,1.4119320980073213,261.45764333870767,222.6115805666625,-0.12911815350914574,0.022852066502331243,-1,-0.07695612982923794
2018-12-18,227.44911193847656,230.0082357685855,225.84408962128205,229.3394776035811,134515100,242.00852294921876,244.49503753662108,234.87378670548117,238.35888007867692,241.86752352017518,-0.0010961997359283382,-0.0010968010023043877,33.39164091972073,-3.4850933731957525,-2.313582069934521,-1.1715113032612314,0.22502218133550278,1.6507526972056605,248.93304701320838,226.73221330173303,0.09334645837611105,-1.87083392490007,5.109957833282503,0.022466378477945925,1190153100.0,1560178825.0,117602170.0,1.1438147782477144,261.45764333870767,222.6115805666625,-0.13007281395929376,0.02173081633713766,-1,-0.029255261518686515
2018-12-19,224.0428466796875,231.30109978443372,222.3397532769953,227.52930839320615,214992800,241.3565301513672,244.41435356140136,233.20748823997445,237.29843316023326,241.1685165852541,-0.014975944420088316,-0.015089216199718343,19.104530940676,-4.090944920258806,-2.669054639999378,-1.4218902802594284,0.2235817393429518,1.632700174343261,249.6723158311933,224.4021958875567,0.10660822009612012,-2.056881282180508,5.351983855215569,0.023888215734320067,975160300.0,1530078560.0,123198725.0,1.7450894885478725,261.45764333870767,222.3397532769953,-0.1431007951469632,0.007659869085895953,0,-0.006930456112400951
2018-12-20,220.3958740234375,224.36383524071718,218.14884344413474,222.79448810925254,252053400,240.63908752441407,244.3158748626709,231.23647066819956,236.04639174269283,240.3539031514574,-0.016278014274046626,-0.01641195668171675,17.48735350905882,-4.809921074493275,-3.0972279268981575,-1.7126931475951173,0.221707869315673,1.6119075133093106,250.94618499298312,221.6169329879739,0.12412840058411455,-2.1665312108418373,5.597195495141482,0.025396099268837766,723106900.0,1494176690.0,129000330.0,1.9538973272393954,261.45764333870767,218.14884344413474,-0.15704941263498015,0.010300446905088434,0,0.008200091055966752
2018-12-21,215.8800811767578,223.96101871006718,215.23432328750374,221.2972708382368,255345600,239.99361389160157,244.1890077972412,228.87394920797774,234.55259096003098,239.39414542695937,-0.0204894618226813,-0.020702282924105773,12.414892225899763,-5.678641752053238,-3.613510691929174,-2.065131060124064,0.22836395751773106,1.652646047369342,252.53078665715344,217.98910775202626,0.1468234576924758,-2.2442297699329448,6.040285547799231,0.027979818771948578,467761300.0,1441729355.0,137989425.0,1.8504722372747042,261.45764333870767,215.23432328750374,-0.17432101651320245,0.0030002551609367915,1,0.03830500277885429
2018-12-24,210.1759033203125,216.00565237267747,210.11312852383378,214.391257590333,147311600,239.34337677001952,244.0126280975342,225.99732676372156,232.7469103941259,238.24833201101245,-0.026422900275708483,-0.026778258821796325,3.989737928483393,-6.749583630404345,-4.2407252796242085,-2.5088583507801365,0.24134804262859885,1.7379193274549727,254.631563906017,213.43251843040878,0.17604019206069305,-2.3161835494182172,6.158640789304122,0.02930231625991027,320449700.0,1384056835.0,143214610.0,1.0286073466945866,261.45764333870767,210.11312852383378,-0.1961378499536224,0.00029876665451487807,1,0.06759387626970303
2018-12-26,220.79502868652344,220.79502868652344,209.65572438241446,211.63784523018114,218485400,238.83811065673828,243.89088470458984,225.1969732133834,231.8615858231924,237.56388874338543,0.05052494219581005,0.04928998418698411,27.471543253028955,-6.664612609809012,-4.72550274566117,-1.9391098641478424,0.30461493895517333,2.1787374259058896,254.445197705529,211.8460162837288,0.1827149221078036,-1.1597009984445692,6.355606849721776,0.028785099408851413,538935100.0,1333309515.0,150139810.0,1.455212977823803,261.45764333870767,209.65572438241446,-0.15552276128912965,0.053131410253271956,0,-0.008002336969333057
2018-12-27,222.49012756347656,222.68742954792995,214.31950984244187,217.55726318862372,186267300,238.3943878173828,243.78553802490234,224.78053542109004,231.1674037298801,236.97276085397723,0.00767725110043016,0.007647930977879796,30.355118133943265,-6.386868308790071,-5.05777585828695,-1.3290924505031203,0.30631789669768916,2.1761901344613035,253.903572283988,210.70403879999634,0.1859613680593913,-0.9086836996740764,6.455883048028848,0.029016492186544233,725202400.0,1288100440.0,155678055.0,1.1964904109317143,261.45764333870767,209.65572438241446,-0.14903949747894837,0.061216564531536476,1,0.017414239914333107
2018-12-28,222.20314025878906,225.47676328895756,221.03718764346476,223.84444057580092,153100200,237.83792419433593,243.68500564575194,224.38401308842836,230.50338421350298,236.3935600463228,-0.0012898878158340565,-0.001290720437191887,34.29968667601044,-6.119371125074622,-5.270094911644485,-0.8492762134301373,0.29016217149066464,2.0481194354565484,252.3751472684684,209.9691077974496,0.18343924037716366,-0.8460103688252725,6.2258881447886045,0.028018902602085727,572102200.0,1228854875.0,156951585.0,0.9754613182147858,261.45764333870767,209.65572438241446,-0.15013714106290635,0.05984771421498594,1,0.026760667353142198
2018-12-31,224.1493682861328,224.39153092837867,221.95200404047446,223.82648932492867,144299400,237.3194937133789,243.59552429199218,224.3479138880752,230.03271636703113,235.91339566357024,0.008758778229133402,0.008720642650040506,36.62921769683787,-5.68480247895593,-5.353036425106774,-0.33176605384915625,0.2939858306674171,2.0615771050427867,250.6433764157243,209.68563969755692,0.1779498371142791,-0.5874484531516854,5.983598850021429,0.026694694237920855,716401600.0,1180941600.0,160049235.0,0.9015938126789547,261.45764333870767,209.65572438241446,-0.1426933807562991,0.06913068530044893,1,0.02740851116753862
2019-01-02,224.38250732421875,225.30631074260154,220.58869057186968,220.61559600600654,126925200,236.87795135498047,243.50589645385742,224.3532359551742,229.61418236385984,235.46120396398783,0.0010401057110647205,0.0010395651758963009,36.89712995113054,-5.260946408685641,-5.334618421822547,0.07367201313690686,0.29219518304966424,2.035589967594544,248.33444375170927,209.85373984204074,0.1679689930362204,-0.4897607365215245,5.977277002129414,0.026638783358867726,843326800.0,1134464375.0,161485285.0,0.7859861658602516,261.45764333870767,209.65572438241446,-0.1418016912454902,0.07024269423210437,1,0.031137836776983674
2019-01-03,219.0281524658203,222.93856912435655,218.54382721026855,222.633618017562,144140700,236.33199829101562,243.40588943481444,223.53399234142745,228.8300320010421,234.81677057190282,-0.023862621566402842,-0.024151945882523788,31.05968279525767,-5.2960396596146495,-5.326902669380968,0.030863009766318505,0.29218917367355357,2.0224966930214214,244.86272093280488,210.32372468487088,0.15175757793519315,-0.9919304290770145,6.084147803313733,0.0277779259643948,699186100.0,1075621300.0,163533505.0,0.88141387295527,261.45764333870767,209.65572438241446,-0.16228055271622596,0.04470389783543632,1,0.06007114697696414
2019-01-04,226.3646240234375,227.01038180312378,221.6828869633961,222.05957672065173,142628800,235.95488586425782,243.34053245544433,223.96947413865976,228.6474091878862,234.48531384451204,0.033495564268899436,0.03294680817972503,40.486091753815764,-4.677935049226448,-5.197109145350065,0.5191740961236162,0.3071817906971993,2.111988273569953,242.94376811867926,210.78155536764888,0.14176952921165092,-0.06194072821045836,6.439667884554175,0.028448207896157044,841814900.0,1032808965.0,161765645.0,0.8817001904205309,261.45764333870767,209.65572438241446,-0.1342206671304254,0.07969684438735292,1,0.026110425646537205
2019-01-07,228.14944458007812,229.55754588854347,225.7368234968738,226.63370784391665,103139100,235.6384390258789,243.2863970184326,224.6125465142626,228.61052292064116,234.2368483831617,0.007884715044766955,0.00785379311315937,46.001068862570904,-3.9979764063785694,-4.957282597555766,0.9593061911771965,0.30956576749922055,2.113905867872208,240.98844681944664,211.49080122742836,0.1303823135286082,0.25897938876835935,6.361001448787282,0.02788085441318984,944954000.0,1005362855.0,156713330.0,0.6581386535529555,261.45764333870767,209.65572438241446,-0.12739424379910033,0.08820994634008134,1,0.011872122542519792
2019-01-08,230.29296875,230.77729392927085,227.80860912598874,230.33782938683666,102512600,235.51270202636718,243.27284797668457,225.48645762745295,228.7351485376307,234.08218643676324,0.009395263590788794,0.009351402611439685,52.6513876755238,-3.248690910177743,-4.615564260080161,1.3668733499024182,0.3021231044379749,2.0496724008978626,240.30446645660396,211.7021405990601,0.12655711403803227,0.5999043914027249,6.119569077333058,0.02657297402760178,1047466600.0,991093320.0,153788015.0,0.6665838036858724,261.45764333870767,209.65572438241446,-0.11919588270875336,0.09843396562806445,1,0.013942638983122757
2019-01-09,231.36929321289062,232.21236682399817,229.77283991391428,231.0015672871316,95006600,235.3236050415039,243.28951232910157,226.39150925598182,228.93027036542773,233.9757984671996,0.0046737183020948425,0.004662830392213598,53.93993747333508,-2.5387611094459146,-4.200203629953312,1.6614425205073973,0.30261771670540555,2.0397364133466707,239.63904647085195,211.9579673841285,0.12259194918243004,0.8049955375138957,5.9963819889602314,0.02591693091893037,1142473200.0,974001820.0,150966050.0,0.6293242752261187,261.45764333870767,209.65572438241446,-0.11507925238520879,0.10356773655686292,1,0.011667993799123533
2019-01-10,232.1854248046875,232.43655132774697,229.15395132370935,229.83559218804427,96823900,235.23553833007813,243.27906295776367,227.28288087885963,229.171392916484,233.9055877353364,0.003527398041735408,0.0035211913645945246,58.63308421411612,-1.8885120376243663,-3.7378653114875227,1.8493532738631564,0.3029792522967456,2.0289473849792996,239.05348618210974,212.2101994258004,0.11896940796442765,0.9765692344981549,5.590757238717318,0.02407884665206792,1239297100.0,955676295.0,149732025.0,0.6466479031456364,261.45764333870767,209.65572438241446,-0.11195778467298127,0.10746045922971606,1,0.015760190382758
2019-01-11,232.2751007080078,232.3020061415807,230.52616541356173,231.10913472146507,73858100,235.17548126220703,243.2889889526367,228.05091469872858,229.4012971973376,233.84164706759805,0.00038622537739296803,0.00038615081157075427,63.62238761206947,-1.3503824986090365,-3.2603687489118256,1.9099862503027891,0.3022929520208269,2.01141963121447,238.19367825277726,212.62705233804303,0.11342258321274645,1.0740150748742257,5.273675019534214,0.022704435402069772,1313155200.0,936144840.0,148526095.0,0.49727355990878236,261.45764333870767,209.65572438241446,-0.1116148002332258,0.10788818856352973,1,0.028882406766720603
2019-01-14,230.85806274414062,231.6652533127134,229.9701558557848,230.37373745469992,70908200,235.01735412597657,243.2952321624756,228.48278362879196,229.50920575636005,233.7246437607958,-0.00610068819063192,-0.006119373422776415,68.48992111620996,-1.0264221275680825,-2.8135794246430774,1.787157297074995,0.3028743629182348,2.0026325041136244,237.07346181224406,213.17063456226768,0.10617719340441537,0.9598888861033004,4.814978550224183,0.020856878434263787,1242247000.0,917901110.0,147238370.0,0.48158778177183026,261.45764333870767,209.65572438241446,-0.11703456133017516,0.1011293081750196,1,0.021212049508001485
2019-01-15,233.5038604736328,233.81777548974284,231.22576641958676,231.23474402227959,85208300,234.86113861083984,243.30003494262695,229.2552569895367,229.80510610578767,233.71598559267176,0.011460711824583303,0.01139553537312504,81.14986407778068,-0.5498491162509822,-2.3608333629646583,1.810984246713676,0.29866681698678244,1.962776726164181,237.30464770324187,213.06431591980498,0.1076465464601852,1.3728159721676891,4.605492042849791,0.019723408570240072,1327455300.0,909765850.0,145650730.0,0.5850180084919588,261.45764333870767,209.65572438241446,-0.10691514888651343,0.11374903385761638,1,0.011753320888205021
2019-01-16,234.06890869140625,234.95681551959413,233.72808822825598,233.93435413014328,77636700,234.66486358642578,243.33275978088378,229.9958187898243,230.12094333435203,233.72982571419078,0.002419866706389051,0.0024169435437768907,74.23068588296965,-0.12512454452772204,-1.913691599277271,1.788567054749549,0.2891343716627894,1.8890475104242748,238.2214008867731,212.78458208441833,0.11280036080576596,1.3470107675053367,3.913609952982102,0.01671990515468998,1405092000.0,913787040.0,141257950.0,0.5496094202131632,261.45764333870767,209.65572438241446,-0.10475400258932356,0.11644415806392129,0,0.009847365765446314
2019-01-17,235.84471130371094,236.70574002421503,233.15405813629934,233.19891877819984,96118400,234.5329946899414,243.35978309631346,230.89564840734533,230.54492614689715,233.81276240397588,0.007586665919162572,0.007558031902564079,74.30638949277979,0.35072226044817967,-1.4608088273321809,1.8115310877803605,0.2897279146411315,1.8819968513187995,239.44071028459558,212.40483262311926,0.11966867034914248,1.4679663775107858,3.5695929660126455,0.015135353030731621,1501210400.0,929339905.0,139338115.0,0.6898213026636681,261.45764333870767,209.65572438241446,-0.0979620702915012,0.1249142469085531,1,0.01072422224204872
2019-01-18,238.9837646484375,239.4501619660618,235.8805528714252,237.65639350316124,127900300,234.4371566772461,243.3901741027832,232.13997398289797,231.1700252951594,234.01554680571948,0.01330983140293629,0.013222033786595174,77.66942169553786,0.9699486877385652,-0.9746573243180316,1.9446060120565969,0.285145684074433,1.8418067277752068,241.3515894967631,211.98804520782676,0.12954324767156322,1.6774469966290557,3.510012610073937,0.014687242939860038,1629110700.0,962037425.0,134983490.0,0.9475255084899642,261.45764333870767,209.65572438241446,-0.08595609752802744,0.13988666587766693,-1,-0.010132907335187458
2019-01-22,235.75503540039062,237.72819215552116,234.14065432491404,237.512948644322,115531200,234.24589263916016,243.39523124694824,232.69613727789687,231.5096556733247,234.0837620447262,-0.0135102451532495,-0.01360233892894461,68.3599628257275,1.1864816045721795,-0.5424295385399895,1.728911143112169,0.28277369050233664,1.8162224909712066,242.34285889422196,212.53269194806322,0.13106955030209813,1.1160299763706945,3.681697141189598,0.015616621443257189,1513579500.0,1001561055.0,128157380.0,0.901479103271306,261.45764333870767,209.65572438241446,-0.09830505473125667,0.12448651757473943,0,0.0020923026020873703
2019-01-23,236.24830627441406,237.4860110376435,233.78187434995297,236.78644235026223,86030300,233.95945495605469,243.42891159057618,233.24262481582258,231.86066682896094,234.16864613216495,0.0020923026020873703,0.002090116785393643,68.61824970922339,1.3819579868616358,-0.1575520334596645,1.5395100203213004,0.2683323850512695,1.71455629357283,242.80939366299145,214.10297968905934,0.12565391373988394,1.085767049047479,3.6093054638295023,0.015277592973035397,1599609800.0,1058153480.0,119691615.0,0.7187663062278841,261.45764333870767,209.65572438241446,-0.09641843605098185,0.1268392836414732,1,0.015830695400803396
2019-01-24,236.37387084960938,236.95686760170713,235.05544969694287,236.06893344044875,59204100,233.6846240234375,243.45756423950195,233.7243549748667,232.19497823789789,234.25512553284906,0.0005314940757690234,0.0005313528828193302,82.55913533776442,1.5293767369688283,0.17983372062603403,1.3495430163427942,0.24277116181697908,1.5442442193242143,241.66719870515632,217.86497139982416,0.10359330142172432,1.110448314142167,3.328072448887649,0.014079696867193512,1658813900.0,1125071690.0,115286240.0,0.513540037388677,261.45764333870767,209.65572438241446,-0.09593818780276886,0.12743819204507245,1,0.024207930308944636
2019-01-25,238.37396240234375,239.1991081892339,236.47257163299076,238.22147999352148,96883400,233.49865783691405,243.477880859375,234.43967919447857,232.65268076859758,234.41664854733907,0.008461559416636621,0.00842596109334506,78.18978003888324,1.786998425880995,0.5012666616770263,1.2857317642039687,0.17762634055197396,1.126646623216357,242.35142368496415,218.93863979159838,0.10151002914267343,1.320463332843062,2.959715877624867,0.012416271675801813,1755697300.0,1185909800.0,109206140.0,0.8871607402294414,261.45764333870767,209.65572438241446,-0.08828841506254975,0.13697807729564726,1,0.01610342953138888
2019-01-28,236.56216430664062,236.62492539329997,234.7953014949871,236.23032156147792,85613700,233.36901153564452,243.49528007507325,234.76621536558042,232.94227214178593,234.50078642025287,-0.0076006543560536155,-0.007629686531953169,69.72238081133713,1.8239432237944868,0.7658019741005184,1.0581412496939684,0.1815491354656743,1.1481132519910064,242.67672668175766,220.02054046912127,0.09793092728705713,0.9204604307803356,2.942425771602509,0.012438277186999473,1670083600.0,1233153860.0,104173460.0,0.8218379230180125,261.45764333870767,209.65572438241446,-0.0952180196920691,0.12833629991971268,1,0.03108936927002426
2019-01-29,236.24830627441406,237.27074018486155,235.4142104107552,236.70572604449566,66136300,233.24218292236327,243.50152198791503,234.99422935155482,233.18716355901765,234.56931661061213,-0.0013267465367781117,-0.0013276274442113357,65.27151826568887,1.8070657925371734,0.9740547377878495,0.8330110547493239,0.18156109187830216,1.1449721027405801,242.71366976945953,221.38811398298188,0.09190033968002592,0.787302228262225,2.862986126661383,0.012118546675783924,1603947300.0,1284746115.0,99825265.0,0.6625206554673309,261.45764333870767,209.65572438241446,-0.09641843605098185,0.1268392836414732,1,0.036787088924468136
2019-01-30,239.98828125,240.83135465460592,237.0016686699602,237.7640257746446,92473700,233.22332427978515,243.52991020202637,235.7625450282387,233.69095005464598,234.781825027843,0.015830695400803396,0.01570669688553582,69.4455651963167,2.0715949735927097,1.1935627849488215,0.8780321886438882,0.18614584782854393,1.170724512164193,243.38673045110266,222.29894459772544,0.09056660740601964,1.355371070991074,3.0160948030976664,0.012567675335595855,1696421000.0,1333747085.0,97233980.0,0.951043040714779,261.45764333870767,209.65572438241446,-0.08211411154232347,0.1446779331064608,1,0.01928391838387289
2019-01-31,242.0959930419922,242.5803182688337,239.7102773173702,239.92554817971035,104012100,233.19632934570313,243.55920486450196,236.73692164573922,234.31354583148644,235.06865514604493,0.008782561302635328,0.008744218943657912,71.12819875566265,2.423375814252779,1.439525390809613,0.983850423443166,0.18682481535214346,1.1721184977148231,244.25597256134475,223.20105105926072,0.09008281163049757,1.5896485255044202,2.986626299342372,0.012336537510657327,1800433100.0,1381602400.0,96088325.0,1.0824634522456291,261.45764333870767,209.65572438241446,-0.07405272245812014,0.15473113722574205,0,0.0007781417916030708
2019-02-01,242.2126007080078,243.23506206970345,241.42333805071436,242.2933170201301,85782500,233.15900634765626,243.57644554138184,237.57933380916518,234.89866100752508,235.34880987396505,0.0004816588021570034,0.0004815428417902158,71.16131447198092,2.6806728016400996,1.6877548729757104,0.9929179286643892,0.15639974655854494,0.9795482530135639,243.53805894293706,226.23740950188719,0.07365497180311728,1.6935471720552102,2.9891893915545222,0.01234118036310609,1886215600.0,1440953875.0,93170415.0,0.9207053548060293,261.45764333870767,209.65572438241446,-0.07360673180155874,0.15528732364211165,0,0.001518050832055362
2019-02-04,243.91673278808594,243.9795212802583,241.58482730961643,242.25749077240113,60744800,233.23833435058594,243.6013232421875,238.5543182674607,235.56666632460366,235.6848068509894,0.007035687140540148,0.007011052175546994,77.47176306461833,2.987651942857042,1.947734286951977,1.039917655905065,0.1155181258703128,0.7229863834001123,244.33590300196178,227.1947763193273,0.07270418419987874,1.9021837424017918,2.9956000428701555,0.012281240440657768,1946960400.0,1496211150.0,89076215.0,0.6819418629316479,261.45764333870767,209.65572438241446,-0.06708891859741198,0.16341556380868952,0,-0.004927456285379717
2019-02-05,244.93919372558594,245.24413121006558,243.84499340092543,244.3472465954503,79552800,233.4269219970703,243.637940826416,239.53660679947996,236.2609276135653,236.04772398332653,0.0041918441831061415,0.004183082879757047,75.82026631092393,3.275679185914669,2.2133232667445153,1.0623559191701535,0.11451120062140553,0.7167921971929785,245.32228809121,227.88736614462982,0.07368793848779298,1.912108727825695,2.8841304045514358,0.011774883229927788,2026513200.0,1550289110.0,87896900.0,0.9050694620629397,261.45764333870767,209.65572438241446,-0.06317830070747925,0.16829242057237617,0,0.0036615856820829684
2019-02-06,244.61619567871094,245.1543316898616,243.8807714132307,244.66105631256863,58347800,233.5929995727539,243.68301742553712,240.31808201166933,236.87983635913162,236.38374248118475,-0.0013186866583584367,-0.0013195568907365843,74.07830577835865,3.4382456525377165,2.4583077439031555,0.979937908634561,0.11360836196778075,0.712512605173214,246.20689482545464,228.43508210325632,0.07488512852232437,1.641972561099799,2.8713164924564074,0.011738047370451766,1968165400.0,1596324050.0,85688660.0,0.6809279080802524,261.45764333870767,209.65572438241446,-0.06441367498359696,0.1667518089443061,0,0.00824968013869487
2019-02-07,242.2843780517578,243.54896103786973,240.62513634791188,243.00187466224952,95482000,233.74400665283204,243.71661155700684,240.62058909475985,237.28017278080762,236.61513995454055,-0.00953255617635318,-0.009578281810114013,64.33708924781155,3.3404163139522325,2.6347294579129708,0.7056868560392617,0.12180430883235359,0.7655089163570278,246.55202890046957,229.18145651212808,0.07302648613551434,1.0172688028188834,2.902700595519505,0.011980552022629449,1872683400.0,1632834560.0,85712430.0,1.113980784350648,261.45764333870767,209.65572438241446,-0.07333220418464369,0.15562968178168277,1,0.015695586486982993
2019-02-08,242.58029174804688,242.6789358806665,240.21250411634384,241.03764969516837,75788900,233.8251382446289,243.76754768371583,240.92208181065016,237.6727741857883,236.84906747585455,0.0012213486427334885,0.0012206034032163978,59.16783094927669,3.249307624861842,2.757645091302745,0.49166253355909717,0.12178005525609488,0.7669630378736153,246.88230472577962,229.89066738115397,0.07127768702800819,0.9872634657940815,2.821342102803204,0.011630549549068716,1948472300.0,1668293320.0,84660680.0,0.895207787133295,261.45764333870767,209.65572438241446,-0.07220041972995969,0.15704110852502945,1,0.02551135878290145
2019-02-11,242.71484375,243.49512877232434,242.18568525636323,243.2350520120421,68021400,233.8929119873047,243.81628448486327,241.19789133978088,238.04626082017435,237.0790979179779,0.0005546699650804676,0.0005545161925547599,71.0638364686932,3.1516305196065275,2.8364421769635015,0.315188342643026,0.12174787482649183,0.7690882512054913,247.1007183011649,230.7162281099679,0.06858061571177154,0.9292618809828844,2.5689373308344647,0.010584178911943718,2016493700.0,1703460245.0,84368845.0,0.8062383691515511,261.45764333870767,209.65572438241446,-0.07168579716916954,0.1576828844762918,1,0.026716398768809935
2019-02-12,245.8360595703125,246.21273575207329,244.25753401047314,244.32930010178086,72270200,233.91289916992187,243.86878616333007,241.9114556829396,238.6232829498142,237.42250817885378,0.01285960006437592,0.012777617501383925,75.03500198019171,3.2881727331253785,2.926788288195877,0.3613844449295014,0.12313805618303707,0.7803257437358962,247.48110890780413,231.83363718594586,0.06529100908903708,1.5794721682038648,2.5542055675760906,0.010389873528075943,2088763900.0,1745786090.0,84436945.0,0.8559073282435787,261.45764333870767,209.65572438241446,-0.05974804778668508,0.1725702233720301,1,0.015723930166955613
2019-02-13,246.6342010498047,247.47727446830802,246.24854737579935,246.67008408505103,65277200,233.95954803466796,243.924174118042,242.63803189322653,239.21668429055424,237.78375103653812,0.003246641200185252,0.003241382240207015,75.88211610868917,3.4213476026722844,3.0257001510911588,0.3956474515811257,0.11919770788009697,0.7579302158928836,248.16703725860063,232.46074289276655,0.06535741384273543,1.6096249886313243,2.535619638521181,0.010280892219036337,2154041100.0,1787115380.0,83440390.0,0.7823213673857469,261.45764333870767,209.65572438241446,-0.05669538706007465,0.17637713816934023,0,0.008837115464246814
2019-02-14,246.08717346191406,247.21725669042593,244.7328691084272,245.54903728782543,83234400,233.96547485351562,243.98588417053222,243.16866905764,239.72560941435867,238.1093754453764,-0.0022179713339114393,-0.002220434675418393,70.99608815239341,3.443059643281316,3.1091720495291906,0.3338875937521255,0.12050594013818017,0.7688532307746277,248.59321731405237,233.23638931436562,0.06374381228727512,1.3472496133871747,2.5112732272621963,0.01020481153866744,2070806700.0,1820401115.0,83720275.0,0.9941964476346978,261.45764333870767,209.65572438241446,-0.05878760965072186,0.1737679673990118,1,0.017348057850504306
2019-02-15,248.7688446044922,248.80472764761052,247.6567166045043,247.8629825182646,97088700,233.9599411010742,244.05892593383788,244.0302345263865,240.39547868770188,238.5273938437731,0.0108972406194634,0.010838293546553612,81.7253033224486,3.6347558386846117,3.214288807360275,0.4204670313243368,0.12289625485958067,0.7867850561113958,249.6092744916487,233.51274546684738,0.06663546002802416,1.791152517998698,2.449765604286467,0.009847557913376383,2167895400.0,1853735365.0,83768790.0,1.1590080267364493,261.45764333870767,209.65572438241446,-0.048530991759065396,0.1865587993711774,0,0.00775112300780556
2019-02-19,249.19931030273438,249.8540183299107,247.96160557911756,247.97058318082802,59120800,234.12441040039062,244.14198516845704,244.82547695351695,241.04761436288948,238.9459003715755,0.0017303842807430136,0.0017288888906812736,83.4570165141289,3.7778625906274783,3.3270035640137157,0.45085902661376265,0.11633519172525705,0.7475578867494858,250.70663389246366,233.43694063146214,0.07134120607914037,1.6508742642733572,2.4523286740498094,0.009840832509009158,2227016200.0,1883630640.0,80329815.0,0.7359758017617742,261.45764333870767,209.65572438241446,-0.046884584743591244,0.18861200206578646,0,0.005290565009050674
2019-02-20,249.70156860351562,250.1589883686266,248.6611795003781,249.16343253351516,76610800,234.30623779296874,244.23011856079103,245.5756448996706,241.68864801034326,239.36769128263197,0.002015488326075676,0.0020134599544616755,80.13371935598092,3.8869968893273494,3.4390022290764426,0.44799466025090684,0.10066625846349421,0.6495397989704538,251.50801253269597,234.03021531154232,0.07199349595501084,1.5865740040557175,2.2319544231967137,0.00893848779436658,2303627000.0,1923133015.0,78383795.0,0.9773805925063975,261.45764333870767,209.65572438241446,-0.04496359175073926,0.1910076356801834,0,0.0028374936340633816
2019-02-21,248.81373596191406,249.42361091649065,247.8540628779286,249.06486255325416,64214700,234.58212493896485,244.29879013061523,246.07381275540035,242.2164323030522,239.7381244073097,-0.003555574947193385,-0.003561911027192684,72.54715782918295,3.857380452348167,3.5226778737307876,0.3347025786173794,0.10322862419149294,0.6687574134977888,251.96748863577176,234.82728217721655,0.07042066795388793,1.2640105747273374,2.1589161927769647,0.008676836849181952,2239412300.0,1955123140.0,77293015.0,0.8307956417536565,261.45764333870767,209.65572438241446,-0.04835929527756793,0.18677291876884283,0,0.004541201576793608
2019-02-22,250.35630798339844,250.5535962624302,248.7957106185881,249.4324908366338,78114600,234.87994659423828,244.37119766235352,246.73265817509235,242.81938605715192,240.15452376323475,0.0061997060392215975,0.006180566925586639,74.94540770349653,3.913272117940437,3.600796722572718,0.31247539536771907,0.10367152639128176,0.6743323730779703,252.53443041440127,235.6585841119659,0.06913595975480274,1.4837302038778961,2.1550705945521815,0.008608013961825511,2317526900.0,1988058790.0,78238540.0,0.9984158702347973,261.45764333870767,209.65572438241446,-0.04245940265333114,0.19413056200051873,0,0.004585505606602869
2019-02-25,250.69708251953125,252.3025130344666,250.6163662193259,251.78233219845353,69030700,235.18351409912108,244.44530906677247,247.34256961269833,243.4029191284393,240.56795743995227,0.0013611581784287452,0.0013602326424074797,72.66204881889925,3.939650484259033,3.6685674749099815,0.2710830093490517,0.10166175048674275,0.6639729743898847,253.19074905488014,236.23457748320578,0.0692901272257919,1.411738309860852,2.1230356717254892,0.008468529631014307,2386557600.0,2019601805.0,76845905.0,0.8983003063077987,261.45764333870767,209.65572438241446,-0.041156038438075235,0.19575596258109737,0,-0.0004294057025077125
2019-02-26,250.51771545410156,251.3966445024455,250.14101202571476,250.34730525682363,56844100,235.459775390625,244.50712394714355,247.8310535882988,243.92994107848833,240.95814402874242,-0.000715473286035162,-0.0007157293591962997,69.7587191643265,3.901112509810474,3.71507648189008,0.1860360279203941,0.09528816238720601,0.6251400751568849,253.34371963958796,237.47716201324408,0.06465314830499257,1.287557073606986,2.112785290839103,0.008433676185372191,2329713500.0,2052583300.0,75407425.0,0.7538262976092871,261.45764333870767,209.65572438241446,-0.04184206567804896,0.19490043113325328,0,-0.0010743133314804476
2019-02-27,250.41009521484375,250.75986584188928,248.86745319974762,249.80019311902595,56921600,235.73548919677734,244.55726654052734,248.22782922315187,244.40995249599612,241.32880878113855,-0.00042959133274356187,-0.0004296836335355061,70.83952137742844,3.817876727155749,3.7356365309432142,0.08224019621253476,0.09481399581905033,0.6248428432007709,253.07666608867768,239.16039445819732,0.05654296576133215,1.2335387104037345,2.1569890312327282,0.008613826169356716,2272791900.0,2086025530.0,74946690.0,0.7594945153681903,261.45764333870767,209.65572438241446,-0.042253682022033195,0.19438711226454683,0,-0.006697509627152098
2019-02-28,249.9436492919922,250.6342675520933,249.62078416056573,250.19477574001166,69268300,236.08925842285157,244.6014091491699,248.491801541435,244.8198559623662,241.6666456639171,-0.0018627281078719138,-0.0018644651432921475,81.81855062615526,3.6719455790687903,3.72289834056833,-0.050952761499539534,0.08294755299188654,0.5493290844390121,253.1386565214793,240.0939408295949,0.05289478336160898,1.0202907273800852,1.9443050355704778,0.007778973544949239,2203523600.0,2111380660.0,73786420.0,0.9387675943622146,261.45764333870767,209.65572438241446,-0.04403770300874155,0.19216229381885172,-1,-0.01316873975561017
2019-03-01,251.5043182373047,251.916877369195,250.06929782160273,251.5222460706085,78880500,236.56537048339842,244.65278076171876,248.9552656484919,245.31500131606538,242.05243674522643,0.0062440832152901304,0.006224669698854324,83.54742453844293,3.6402643324265114,3.7063715389399663,-0.06610720651345492,0.08067191949627857,0.5369304913160999,253.59345984794638,240.57997002265907,0.05266770343640193,1.3578535381216472,1.909076200776202,0.007590629911073376,2282404100.0,2135479210.0,72529840.0,1.0875592721561222,261.45764333870767,209.65572438241446,-0.0380685948756482,0.19960625438758786,-1,-0.02125370246794389
2019-03-04,250.5894317626953,252.804736758652,248.29341047588179,252.56258788608164,106494600,237.0281768798828,244.70788467407226,249.20667581990782,245.7056998676676,242.38722086355855,-0.003637657122634974,-0.003644289486367893,77.96185342795746,3.500975952240225,3.665292421600018,-0.16431646935979316,0.08293956119775807,0.5548182541433465,253.7649945862047,241.24611838986954,0.05058018241679452,0.9853521115819119,2.137782112691139,0.008531014646761276,2175909500.0,2149963905.0,73565445.0,1.4476171523192716,261.45764333870767,209.65572438241446,-0.04156777150298503,0.19524249815195743,0,-0.0034356862107766117
2019-03-05,250.2485809326172,250.9122937500809,249.7014947931696,250.714978161764,59114600,237.5522915649414,244.7562474822998,249.3669689141708,246.04220957618236,242.6955094937177,-0.0013601963485870838,-0.001361122255345672,69.52342373361958,3.3247593379884393,3.5971858048777023,-0.2724264668892631,0.0811297577466335,0.5455188254160962,253.95656599888528,241.68773179164205,0.049506608920691635,0.7910880514238033,1.9744183237509978,0.007889828251544159,2116794900.0,2158455630.0,73483935.0,0.8044561032285492,261.45764333870767,209.65572438241446,-0.04287142752055483,0.19361673367029505,0,0.0016845432803600513
2019-03-06,248.73297119140625,250.37428518602283,248.41010590306792,250.3653075822101,75039800,238.1190335083008,244.7980484008789,249.26943080297625,246.24152525138413,242.93227269754865,-0.006056416925772856,-0.006074831406925634,58.73174076166656,3.027905551592113,3.483329754220585,-0.45542420262847205,0.08436682103226849,0.5700900603226523,254.00386979498685,242.01980574212254,0.048320532441874293,0.24069745269376935,1.9974872083909543,0.008030649088551424,2041755100.0,2159217725.0,73258285.0,1.024318273352973,261.45764333870767,209.65572438241446,-0.04866819720706014,0.18638769308160857,1,0.014459328908400737
2019-03-07,246.65220642089844,248.42802015111022,245.80913283091718,248.28451535167278,94885100,238.73447601318358,244.8324503326416,248.8667808980412,246.27194607875555,243.07815245140551,-0.008365456177929054,-0.008400642979640454,52.08471732741828,2.5948348192856656,3.3056307672336014,-0.7107959479479358,0.09020056050229389,0.6116375534952126,253.92935335496378,242.29792325636436,0.04687944676491367,-0.502580292147919,2.028876549711693,0.00822565741110593,1946870000.0,2158152955.0,75085150.0,1.2636999459946474,261.45764333870767,209.65572438241446,-0.05662652171399478,0.1764630188251,1,0.022363004489007077
2019-03-08,246.15892028808594,246.32933053834026,244.32929555495048,244.79566565679494,85795800,239.45413635253905,244.85537216186523,248.45018695804808,246.26357379796522,243.1989668763734,-0.0019999258874284775,-0.0020019284095821248,38.51609749809323,2.1866131600828567,3.081827245803453,-0.8952140857205961,0.08282787634010952,0.5635650399177706,253.5337582730391,243.08097256192184,0.0420961564855031,-0.8221521756778606,2.0006877411582287,0.008127626408243804,1861074200.0,2157572495.0,74600840.0,1.1500647981979828,261.45764333870767,209.65572438241446,-0.058513198754732376,0.17411017997814943,1,0.029472663830157675
2019-03-11,249.72848510742188,249.88991772435608,246.849493955807,246.8763993919627,65098900,240.03280548095702,244.89949951171874,248.6468482117979,246.52023389496202,243.4550264148459,0.014501058158519653,0.014396923317707547,51.82442584245546,2.1266143168358838,2.890784660009939,-0.7641703431740554,0.09606572157392035,0.6556286388197234,253.17003495355155,244.15951521734686,0.03623560970028176,0.4722080646364603,2.1320152186923003,0.008537332926899404,1926173100.0,2156457535.0,74066340.0,0.8789269187595877,261.45764333870767,209.65572438241446,-0.04486064389439612,0.19113601998252255,1,0.01843689368201762
2019-03-12,250.67013549804688,251.19034361848938,250.0961438904598,250.28448189302557,79667500,240.59640563964842,244.9450213623047,248.95812317891313,246.82763401370906,243.73797186908905,0.0037706967638071465,0.0037636055071603846,53.241111401588185,2.130489165204068,2.738725561048765,-0.6082363958446968,0.0963370008969725,0.6585837942975561,252.6715326778735,245.4535466678296,0.02898061675402833,0.890883314025517,2.129447336036514,0.008495018091427591,2005840600.0,2155924880.0,74648645.0,1.0672330355092179,261.45764333870767,209.65572438241446,-0.04125910301534394,0.1956274327183247,1,0.014862747671372523
2019-03-13,252.32948303222656,253.26225058005173,251.3967154844014,251.5581754968613,80639200,241.1989324951172,245.00131446838378,249.47679392557674,247.2351783854511,244.0748938754866,0.006619645897915971,0.006597832254820694,61.18709178728949,2.2416155401256503,2.639303556864142,-0.3976880167384915,0.08895434057498985,0.6091838459738488,252.94196933422484,245.8324523576697,0.02850794534506771,1.6553992032519507,2.1826337186377884,0.008649935363910807,2086479800.0,2155810675.0,75067095.0,1.0742283286705048,261.45764333870767,209.65572438241446,-0.03491257776945518,0.20354206294875438,0,0.005154304087311434
2019-03-14,252.1680908203125,252.77796581174132,251.7286261015987,252.35642893251165,67518400,241.75930694580077,245.059672164917,249.89083960168995,247.60057930655194,244.39227414783272,-0.00063960901427218,-0.0006398136513808946,56.32065940079444,2.2902602951380118,2.569494904518916,-0.27923460938090416,0.08890715168878922,0.609890499024254,253.17765265986924,246.15015800907605,0.02814781993167379,1.4253645766243874,2.13202329480211,0.008454770339365921,2018961400.0,2149056690.0,75179155.0,0.898100011898245,261.45764333870767,209.65572438241446,-0.03552985638427458,0.20277226659623657,1,0.017157841589612755
2019-03-15,253.41387939453125,254.22462535705967,252.53105124035966,252.72024637494718,81309000,242.33993438720702,245.13808898925782,250.43284572366554,248.03119412788374,244.7460625888797,0.004940310132682368,0.004928146844407169,58.91498796300376,2.4016515957818,2.5359262427714926,-0.1342746469896925,0.08896828693922536,0.6113791569486882,253.50134722968076,246.55913403252626,0.027765494204347443,1.949602333080195,2.1399039723506093,0.008444304540317096,2100270400.0,2150529875.0,75082885.0,1.0829232254461187,261.45764333870767,209.65572438241446,-0.03076507476110022,0.20871433461221126,0,-0.007323034837026565
2019-03-18,254.33270263671875,254.62999354582587,253.4048437987981,253.63005252150992,62199800,243.046025390625,245.2052374267578,251.0328237102891,248.4979725359456,245.12200925742243,0.0036257810518618427,0.003619223753183476,61.93922156460682,2.5348511743435154,2.5357112290858974,-0.0008600547423820437,0.08225373169305973,0.5662377050760231,254.21801672230197,246.39885034312772,0.03123812597449817,2.058669124966345,2.137726634514682,0.00840523696855511,2162470200.0,2150258615.0,73338440.0,0.8481200309142108,261.45764333870767,209.65572438241446,-0.027250841134366266,0.21309686814376202,-1,-0.011652964120118403
2019-03-19,254.39578247070312,256.16141126187534,253.50396467411883,255.395723553168,90268100,243.60664855957032,245.28008041381835,251.55020198112203,248.93484734592764,245.4856866383354,0.0002480209321507054,0.0002479901800439853,62.50830835240823,2.615354635194393,2.5516399103075966,0.06371472488679641,0.08227596351757359,0.5672909854226583,254.84128378333517,246.2952304988914,0.03410668766247933,1.7914820796942763,2.192371916344314,0.008617957007981424,2252738300.0,2151544720.0,74895805.0,1.2052490790372037,261.45764333870767,209.65572438241446,-0.027009578981235568,0.2133977415597882,0,-0.00453224738218061
2019-03-20,253.63006591796875,255.3867050444242,252.5220565381343,254.1795895258863,84609200,244.11626098632811,245.33934120178222,251.87018104832924,249.28264131422696,245.80507406106614,-0.003009942009642219,-0.0030144809954371753,61.35579740595238,2.587539734102279,2.558819875066533,0.02871985903574581,0.08341580548619512,0.5761823761083524,255.22694396950982,246.30242004416203,0.035589237901948644,1.2842741792467733,2.324597995970194,0.009165309276550975,2168129100.0,2144769825.0,75295725.0,1.1236919493105353,261.45764333870767,209.65572438241446,-0.02993822372443942,0.20974548472306237,0,-0.006748265842051793
2019-03-21,256.4947509765625,256.90011021839473,252.76528100389675,252.81033924719029,79550400,244.64029663085938,245.40718170166016,252.5816533449805,249.81687165958516,246.2242770773601,0.011294737665369148,0.01123142837776038,64.22955735409671,2.7647816853953486,2.6000122371322965,0.16476944826305218,0.08957419465838089,0.619700977199044,256.1887528913338,246.1087126238029,0.04013574011245801,2.1214273256796057,2.478998077205564,0.00966490763560337,2247679500.0,2145183185.0,76062510.0,1.045855573264674,261.45764333870767,209.65572438241446,-0.018981630442204918,0.22340924261487424,-1,-0.014118684278782934
2019-03-22,251.55812072753906,255.6569081170913,251.49505569291907,255.13443602338907,122659300,245.04407318115236,245.44945526123047,252.42418678845104,249.9458530720262,246.43344741658285,-0.01924651568980651,-0.019434141199123945,52.24678858301269,2.478333716424828,2.5756765329908027,-0.09734281656597465,0.11416858453054489,0.7905491805781432,256.2377085448544,246.17993824469633,0.04003748819105869,0.1389164087866581,2.5138815772679357,0.009993243589185118,2125020200.0,2135557850.0,78289745.0,1.566735209062183,261.45764333870767,209.65572438241446,-0.03786281588388747,0.1998628774318327,1,0.011567007941774898
2019-03-25,251.3689727783203,252.40492739274285,250.10780944374943,251.21581875244794,85575200,245.427744140625,245.48062103271485,252.26184617150784,250.05126934656653,246.62699743076865,-0.0007519055583325995,-0.0007521883810964841,52.61706692899354,2.210576824941313,2.5026565913809047,-0.29207976643959155,0.11414566588364193,0.791638617856641,256.2658829537378,246.2189528616919,0.03998898822784092,0.0503854886599767,2.591475790988087,0.010309449739739688,2039445000.0,2118202220.0,79116970.0,1.0816288844226467,261.45764333870767,209.65572438241446,-0.03858625218050289,0.19896069386505472,1,0.024333731118484137
2019-03-26,253.2427978515625,254.19768100507923,251.83749707879034,253.12568487194653,68125900,245.8470980834961,245.5212882232666,252.41276181459318,250.28767886545512,246.8864405845253,0.007454480370155725,0.007426833043980097,60.360890299837486,2.1250829491380614,2.427141862932336,-0.30205891379427463,0.1169652297255244,0.8124613167227965,256.4667846472813,246.29055940789448,0.040481657243658424,0.7327376426484022,2.6532278584026585,0.010477012104240927,2107570900.0,2107095090.0,79681060.0,0.8549823508874004,261.45764333870767,209.65572438241446,-0.03141941226978465,0.20789832282206,1,0.01725192992265856
2019-03-27,251.9185028076172,253.8192789572887,250.36906550454614,253.23371421295462,72224700,246.26830688476562,245.55171043395995,252.33672196736612,250.40848063894862,247.0837763579799,-0.005229349285271856,-0.005243070187408903,62.53448388572922,1.9282413284174993,2.3273617560293687,-0.3991204276118694,0.11873507652724934,0.8265685420830027,256.5264475998644,246.38173721458872,0.04034418484964032,0.1831143059072687,2.6908260792779077,0.01068133562754941,2035346200.0,2095222805.0,80446215.0,0.8978010960490808,261.45764333870767,209.65572438241446,-0.036484458473959834,0.2015818005909294,1,0.02420893471856078
2019-03-28,252.87338256835938,253.32380006375664,251.39602747893355,252.54909516749842,56238500,246.65569732666015,245.58527252197266,252.4192851367497,250.5910659670531,247.3108197387791,0.0037904312311327626,0.003783265648065745,65.63770228595837,1.828219169696581,2.2275332387628115,-0.39931406906623046,0.11904760550960054,0.8306499122583971,256.6584654301964,246.5426927118935,0.04020568138456656,0.5032946200968759,2.662601916340417,0.010529387827604333,2091584700.0,2089625860.0,79794725.0,0.704789696311379,261.45764333870767,209.65572438241446,-0.03283231907367778,0.20613631377464994,1,0.023048325791636737
2019-03-29,254.4678955078125,254.792182930862,253.26077983651035,254.38682365205014,82186800,247.0636770629883,245.62521629333497,252.73445596306706,250.87823852562786,247.5914893767804,0.00630557840156265,0.006285781419438902,62.1562153632282,1.8562174374391986,2.153270078498089,-0.2970526410588903,0.11908640225836126,0.8327865302152176,256.9659081224443,246.5316077466963,0.04144727648848979,1.0423842420790475,2.5331592682141655,0.009954730293811834,2173771500.0,2084194230.0,79960040.0,1.0278484102809353,261.45764333870767,209.65572438241446,-0.02673376743413937,0.21374170086412772,1,0.021559041754273256
2019-04-01,257.4857177734375,257.7830087899433,256.19753001206976,256.46779707173954,77617900,247.4964971923828,245.68418182373046,253.46541931850865,251.367681432873,247.97949833351208,0.011859343826468471,0.011789572891736714,65.79879287610143,2.097737885635638,2.1421636399255988,-0.04442575428996065,0.1243395549693921,0.8713689523279617,257.86973649462385,246.31740797559098,0.045825557615800455,1.8670333093728462,2.6655346090044025,0.010352164896966498,2251389400.0,2087968225.0,78516205.0,0.9885589860080476,261.45764333870767,209.65572438241446,-0.015191468547449202,0.22813588101119806,1,0.010355692324029997
2019-04-02,257.6117248535156,257.84595069509163,256.81898584322386,257.674789886447,40070400,247.86905639648438,245.74068435668946,254.1033124777405,251.83020316773542,248.35723270684554,0.0004893750269636676,0.0004892553220572954,63.181478601710886,2.2731093100050828,2.168352773941496,0.10475653606358692,0.12397023120449069,0.8709286069609025,258.66554099926594,246.25791786303876,0.04914655050563144,1.6602681639052348,2.5537381639946113,0.009913128625829161,2291459800.0,2096701470.0,77563995.0,0.5166108321264267,261.45764333870767,209.65572438241446,-0.0147095278458156,0.2287369000410829,0,0.00468594090971175
2019-04-03,258.0171813964844,259.224297037764,257.41360983019285,258.82792742524794,68243200,248.31429931640625,245.80078575134277,254.70544615754724,252.28849785134645,248.7360542240863,0.0015739056256049988,0.001572668334228947,64.42035822359858,2.416948306200794,2.2180718803933557,0.19887642580743847,0.12073444504125994,0.8504014880010629,259.34079360823085,246.51108627458166,0.05072515431442648,1.5873289455754647,2.60812012809665,0.010108319585465354,2359703000.0,2112598865.0,77224165.0,0.8837026596532316,261.45764333870767,209.65572438241446,-0.013158773628837144,0.23067081596044597,0,0.006528316120239186
2019-04-04,258.7016906738281,258.95392327859906,257.6477295183286,258.34136230862566,48997500,248.76336700439452,245.86683921813966,255.32025300620583,252.76354917153026,249.12686349662522,0.00265296006118243,0.002649447174300077,63.40764355853381,2.5567038346755737,2.2857982712497993,0.27090556342577443,0.11453118189373442,0.809045926820892,259.7218608033804,247.33496750472509,0.04885800804610653,1.6705646503522924,2.554524358348313,0.009874401484175321,2408700500.0,2135690390.0,74929785.0,0.6539121925947071,261.45764333870767,209.65572438241446,-0.010540723268546104,0.2339357364836519,0,0.0035869421480387853
2019-04-05,259.9539794921875,260.00802739640625,259.08016838557876,259.3684422022816,58621700,249.2349691772461,245.94385887145995,256.0331340040492,253.29617363972707,249.5514562807649,0.004840667314920166,0.004828988957093109,64.01614994551753,2.7369603643221296,2.3760306898642654,0.3609296744578643,0.11360607740220072,0.8049206768986239,260.01594307247,248.42039115604564,0.04561260136539641,1.978625051154878,2.560323428030482,0.00984914111733161,2467322200.0,2166002790.0,73571080.0,0.796803580972306,261.45764333870767,209.65572438241446,-0.005751080088227653,0.2399088088719602,0,0.0055097502140131205
2019-04-08,260.15216064453125,260.26025645144784,258.87296278297543,259.5305822634568,53566300,249.67053314208985,246.01978302001953,256.6668304102772,253.80402452897184,249.9671701773832,0.0007623701423262741,0.0007620796858235208,64.25696011754764,2.862805881305377,2.473385728152488,0.3894201531528889,0.10489864890217643,0.745883192823009,260.70927309641417,248.7694286858124,0.04687082843241361,1.813360229987053,2.469598219510189,0.00949289913023101,2520888500.0,2195738560.0,72994450.0,0.7338407235070612,261.45764333870767,209.65572438241446,-0.004993094397646733,0.24085407832705158,0,0.004085907881904216
2019-04-09,258.8188781738281,259.51251116404137,258.2693820694969,259.18822378928195,66142300,250.1156674194336,246.09671943664551,256.99791468159276,254.17549516933155,250.31429598116534,-0.0051250101763518074,-0.005138188084897964,62.49983458728425,2.822419512261206,2.543192484974232,0.2792270272869741,0.10769827119301084,0.7682554349865813,261.0593756938254,249.23420035597928,0.046346557718343666,1.2421262409298015,2.399464652991938,0.009270825489709478,2454746200.0,2218183840.0,72318190.0,0.9146011535963496,261.45764333870767,209.65572438241446,-0.010092514914399086,0.23449468854825783,0,0.009919611856039623
2019-04-10,259.70159912109375,259.791688074006,258.8187713686155,259.2331475624655,52601500,250.5847332763672,246.1758497619629,257.41386613382366,254.58483620279543,250.68242551606448,0.00341057404117473,0.003404771223745447,58.54086336829374,2.8290299310282307,2.600359974185032,0.2286699568431989,0.10631705109185804,0.7610972875406736,261.6049964159238,249.42579124276762,0.047665250185632425,1.3748697820116813,2.173613759484261,0.008369658742342774,2507347700.0,2239227235.0,70916305.0,0.7417405630482299,261.45764333870767,209.65572438241446,-0.006716362142601568,0.2387050240869886,0,0.004024253158261937
2019-04-11,259.629638671875,260.1971691008526,259.0621082428974,260.1881519539477,55093100,250.9775604248047,246.27121994018555,257.7547542166008,254.9585252745791,251.03329662021392,-0.0002770889723524572,-0.00027712736859470424,79.01568017833694,2.7962289420217132,2.6395337677523685,0.15669517426934476,0.10622974406703455,0.7631801471487656,262.02866360309673,249.74827884075088,0.04799116077291136,1.2185831376240814,1.8975684433636713,0.007308751239152073,2452254600.0,2260891895.0,70295040.0,0.783740929658764,261.45764333870767,209.65572438241446,-0.00699159008506997,0.23836179258481652,0,0.006280190851789991
2019-04-12,261.3862609863281,261.6655176093397,259.67468015426687,261.24212410166086,69727800,251.3633657836914,246.37271018981934,258.3134475657896,255.43465384581975,251.43929522280663,0.006765877437718837,0.006743091608645516,82.36318336835069,2.878793719969849,2.6873857581958647,0.19140796177398434,0.10721145870505636,0.7730195317293445,262.77608448095236,249.798096122075,0.05063847868267247,1.5716366950675613,1.8789085139687631,0.007188245116169437,2521982400.0,2281977495.0,69715980.0,1.0001695450598271,261.6655176093397,209.65572438241446,-0.00106722744961948,0.24674039669699915,0,0.0003788628393930349
2019-04-15,261.2151184082031,261.5574400967974,260.4133620858321,261.4583339542193,49596700,251.7434161376953,246.4833306121826,258.7598584646225,255.8628364059963,251.82266083792024,-0.0006547497082639575,-0.0006549641504632807,78.94041246432812,2.8970220586261917,2.72931301828193,0.1677090403442616,0.10720043598108861,0.7757480107449289,263.4074220088239,249.85500017135186,0.05280893847597753,1.3529411559749136,1.758577784269219,0.006732297100511136,2472385700.0,2297473270.0,69085825.0,0.7178998007188885,261.6655176093397,209.65572438241446,-0.0017212783910221287,0.24592409378598093,1,0.010035519610556598
2019-04-16,261.3862609863281,262.15197615867913,260.7917066463132,262.0979282633414,52153200,252.09280670166015,246.5879721069336,259.16392039103874,256.2719789675024,252.19770398099507,0.0006551786863175924,0.0006549641504631883,87.5093549865252,2.891941423536366,2.7618386993328174,0.13010272420354863,0.10715426928984736,0.7782963572234244,263.9886393107829,249.97283072095533,0.05454030859146723,1.2573019789665638,1.609296074242319,0.006156773765268763,2524538900.0,2311063300.0,67180080.0,0.7763194089676583,262.15197615867913,209.65572438241446,-0.002920882701595677,0.24674039669699915,0,0.007133712896689515
2019-04-17,260.7467041015625,262.53033982323853,260.33230020408183,262.50331587264657,58268300,252.4089569091797,246.6876847076416,259.40742557727316,256.6034400885439,252.532958887684,-0.002446788451513471,-0.002449786730144246,81.99183070158253,2.8039854887292677,2.7702680572121077,0.03371743151716,0.10686666432609246,0.7790835975447098,264.3508252634644,250.32230858663326,0.05451427616548974,0.9723443337878651,1.6286008624090056,0.006245911594628077,2466270600.0,2325970375.0,65863035.0,0.8846889609627009,262.53033982323853,209.65572438241446,-0.00679401749480443,0.24368988669232566,0,0.008982405267324411
2019-04-18,261.2601623535156,261.53042935403886,260.0350399233135,261.33224455017637,68708500,252.7418362426758,246.78739067077638,259.6924620043874,256.9483824785418,252.8752021608539,0.001969184054396056,0.001967247753015187,80.25737303320074,2.7440795258455637,2.7650303509387992,-0.020950825093235537,0.10034990150379797,0.7344333345003208,264.7895831384079,250.36009184938507,0.05602057805574572,1.0216090878827064,1.598357224424916,0.006117875798692,2534979100.0,2340335355.0,65320940.0,1.0518602457343693,262.53033982323853,209.65572438241446,-0.004838212111324425,0.24613894098581382,1,0.011688975073277375
2019-04-22,261.48529052734375,261.63844452957363,260.4043053322833,260.4943943046953,40160100,253.1258544921875,246.8924831390381,259.9682817771499,257.28444974141604,253.21285268502996,0.0008617011173845945,0.0008613300661183047,73.7181575346928,2.6838320357338716,2.748790687897814,-0.06495865216394225,0.06631293992950213,0.48772455278283006,264.8985860556916,251.24380591208177,0.052910903487510576,1.0001170305344433,1.449716218364882,0.005544159732431618,2575139200.0,2362841305.0,61195980.0,0.6562538911869701,262.53033982323853,209.65572438241446,-0.003980680086722227,0.24721274030367785,1,0.012402854691976772
2019-04-23,263.8365478515625,264.0707737387057,261.6205015444346,261.85469994027653,52246600,253.5509796142578,246.99952308654784,260.5633996347519,257.76979034216765,253.62946818175675,0.008991929601381843,0.008951742926582391,79.20612601983396,2.7936092925842217,2.757754408835096,0.03585488374912593,0.06997519790385923,0.5169126914922387,265.21515635538,252.1739931197176,0.0504114291878479,1.5771516756650343,1.5610389583287534,0.005916689598315287,2627385800.0,2392238345.0,59529550.0,0.8776582386394656,264.0707737387057,209.65572438241446,-0.000886981485406591,0.25842758946243505,0,0.0038923607432210794
2019-04-24,263.25091552734375,264.0886851407617,263.106778686655,263.7553807241088,50392900,253.96170104980467,247.09338233947753,260.9768636182275,258.17579961514366,254.00677984236802,-0.002219678543354142,-0.00222214568128358,74.14778247438068,2.801064003083866,2.76641632768485,0.03464767539901592,0.0691883074560674,0.5131197497021637,265.4860047405071,252.90395650216868,0.04854279279705548,1.2894354966332742,1.5018403330812922,0.005704976676236086,2576992900.0,2415709445.0,58642900.0,0.8593180078065716,264.0886851407617,209.65572438241446,-0.0031723040802426215,0.25563428474374034,0,-0.0014370164589160295
2019-04-25,263.0888366699219,263.7464560815874,261.89975542696516,263.1519017144585,57770900,254.30675659179687,247.17542404174804,261.30178254925744,258.53972828586797,254.36293893364464,-0.0006156820275332597,-0.0006158716375430847,71.26698305245219,2.762054263389473,2.7655439148257748,-0.003489651436301866,0.06462765910070628,0.481015781257716,265.2588410122494,254.24815361665688,0.042388986132737796,1.2116734348818978,1.5404479683921335,0.0058552388154911325,2519222000.0,2439903235.0,57920210.0,0.9974221433244113,264.0886851407617,209.65572438241446,-0.0037860329771678553,0.254861213281469,0,-0.0029790410392424027
2019-04-26,264.31402587890625,264.3860805896111,262.3592016461365,263.13393411556547,50916400,254.6603530883789,247.25915382385253,261.76520459997266,258.9674540335004,254.7531776373804,0.0046569410716637005,0.004646131069627479,71.19129268813631,2.7977505664722457,2.771985245155069,0.02576532131717668,0.06498632598684999,0.4852686266627183,265.15711132286697,255.49394763709395,0.037119539159589536,1.6510105911367434,1.591915269884737,0.006022817989288478,2570138400.0,2463830920.0,57654105.0,0.8831357281497996,264.3860805896111,209.65572438241446,-0.00027253594646186767,0.2607050280048372,0,0.0021129097399597008
2019-04-29,264.72845458984375,265.25095443801234,264.31407806603835,264.40416709068575,57197700,255.0331787109375,247.35401023864745,262.22108921379896,259.3941948154518,255.14436496884954,0.0015679406704180998,0.0015667127348309847,71.78440476259654,2.8268943983471786,2.7829670757934912,0.043927322553687365,0.06318975149275288,0.47346472658891625,265.2081844176513,256.46893045051274,0.03350445598652376,1.7804252713598416,1.5597463335014286,0.005891872620636935,2627336100.0,2486509150.0,56404650.0,1.0140600110097306,265.25095443801234,209.65572438241446,-0.001969832113424867,0.2626817386916467,0,-0.0035735274689778773
2019-04-30,264.8634948730469,265.1517686688588,262.97176337987406,264.38605342617814,81111700,255.3550717163086,247.4384008026123,262.62761316137556,259.7993281530514,255.52550731803376,0.0005101086825454182,0.000509978621339768,82.4792239224972,2.828285008324144,2.7920306622996223,0.03625434602452193,0.051414686236439744,0.3866327063281478,265.63063394015785,256.7842586379671,0.03386724011076229,1.6531284090675462,1.580976813069311,0.005969024964452339,2708447800.0,2509362070.0,56579340.0,1.4335921910718648,265.25095443801234,209.65572438241446,-0.0014607282593436062,0.2633258436098449,-1,-0.02071287319909665
2019-05-01,262.87261962890625,265.7012542994581,262.86360248304516,265.4940523837412,71671900,255.62853790283202,247.511861038208,262.6653064640726,260.0269793734851,255.81362936944052,-0.007516608678349135,-0.00754500074554425,65.2255077220643,2.638327090587495,2.761289947957197,-0.1229628573697017,0.0604019145650551,0.45550401657074985,265.60994272436335,257.33103933130076,0.03166285939387841,0.6774465331104967,1.7141721781423445,0.006520923253864242,2636775900.0,2526627875.0,58159415.0,1.2323352977329638,265.7012542994581,209.65572438241446,-0.010645921405263185,0.25382991761018436,-1,-0.014667144968370516
2019-05-02,262.3050842285156,263.67437079078803,260.8096950831011,262.7555016521478,65030200,255.88060821533202,247.58359313964843,262.6098876586023,260.19572788126516,256.06819622665915,-0.002158974948367809,-0.0021613088946744684,62.262461919774864,2.4141597773371473,2.691863913833187,-0.27770413649603976,0.061391673959139324,0.46418835385358326,265.5029438050831,257.8668285337841,0.029180574327685175,0.3248762160981161,1.8377160959803283,0.007006025450804232,2571745700.0,2537230010.0,57998765.0,1.1212342193838092,265.7012542994581,209.65572438241446,-0.012781912076014725,0.2511229302285499,-1,-0.015522942828758324
2019-05-03,264.87249755859375,265.1517541920076,262.4132082639191,263.7824949736138,56543700,256.2017834472656,247.6631472015381,262.95798148937024,260.542155264771,256.41346294555854,0.009787890073230221,0.009740298969531203,64.8731762824936,2.4158262245992432,2.636656375986399,-0.22083015138715556,0.06895720674529217,0.5226122667919552,265.79372837540177,258.19312465194196,0.02901066574303223,1.5151801873423576,1.8956297406965632,0.007156763190475151,2628289400.0,2548209455.0,58376075.0,0.9686108564167769,265.7012542994581,209.65572438241446,-0.0031191299531101546,0.2633687839377248,-1,-0.020168118735268137
2019-05-06,263.7824401855469,264.22384041933424,260.2511558413628,260.5664535046231,107198100,256.4703060913086,247.73463249206543,263.084821288782,260.78217637001364,256.7024424451659,-0.0041154041400833785,-0.004123895721234448,60.15651409640998,2.302644918768351,2.569854084542789,-0.267209165774438,0.06998611586074391,0.531591750679456,265.93800310913883,258.4316959875409,0.028629827903972744,0.8513324117841773,2.144005719715539,0.008127931935906827,2521091300.0,2550897910.0,60804895.0,1.7629847070700475,265.7012542994581,209.65572438241446,-0.007221697612871098,0.2581695108138553,-1,-0.04084409974845038
2019-05-07,259.3774108886719,261.97182004663614,257.46764511719874,261.37726565699415,144729900,256.6439126586914,247.78879653930665,262.5144504579958,260.67811966769204,256.80734316844064,-0.01669947891063739,-0.016840487256817173,44.047033374089324,1.836330790303748,2.423149425694981,-0.586818635391233,0.0934337372115292,0.7104014383913794,266.00218433631846,258.29003978477533,0.02941925970567852,-1.4360214085380432,2.497900402285694,0.009630369868090884,2376361400.0,2543671555.0,65363075.0,2.2142455813163626,265.7012542994581,209.65572438241446,-0.023800577936523314,0.2371587356020124,-1,-0.015732746271772013
2019-05-08,259.01702880859375,260.7286094294374,258.4224745419498,259.01702880859375,91568300,256.81389892578125,247.84257934570311,261.976385588857,260.5550759003514,256.89399750727017,-0.0013894119724743303,-0.001390378100292355,44.78809569349832,1.4213096885055734,2.2227814782570996,-0.8014717897515262,0.09171143266989601,0.6980299795137918,265.97695519300134,258.3350839915689,0.02915008861256494,-1.643048253134613,2.505621492880761,0.009673578236944199,2284793100.0,2535173900.0,66634375.0,1.3741901233409932,265.7012542994581,209.65572438241446,-0.02515692110106087,0.2354398124429157,0,-0.008590428007403839
2019-05-09,258.23333740234375,258.83688139411777,255.20651782330074,256.94515008492795,103471100,256.9703637695313,247.89013557434083,261.4005320217011,260.3830952708694,256.9465206404103,-0.0030256366149158387,-0.0030302231070874095,41.02564102564102,1.0174367508317346,1.9817125327720269,-0.9642757819402923,0.09143251393002855,0.6963691015080187,266.15053817264845,258.01467484004684,0.031043125833703753,-1.8924944752632704,2.6709873182070214,0.010343309446701901,2181322000.0,2518872615.0,69177855.0,1.495725763685503,265.7012542994581,209.65572438241446,-0.02810644201437482,0.2317018205108636,0,0.0036277194305223137
2019-05-10,259.530517578125,260.28721552924605,254.3056591185317,257.2964373238889,112429300,257.1621011352539,247.9379197692871,261.1128374919202,260.3199413677031,257.04785385365403,0.005023287035012647,0.0050107124217085115,44.55063635744913,0.7928961242170658,1.7439492510610348,-0.951053126843969,0.09334109472334899,0.7113914575993053,266.15838667649115,257.9969142268291,0.031141428639934333,-1.248369280419357,3.010088547737307,0.011598206545521943,2293751300.0,2510947450.0,72044665.0,1.5605499727148429,265.7012542994581,209.65572438241446,-0.023224341705133277,0.23788901229683737,0,-0.007844270707416556
2019-05-13,253.00848388671875,255.3776841385173,252.17071400422503,254.41381166197624,127290500,257.1921844482422,247.94244155883788,259.86601386035073,259.7783519246672,256.889447188284,-0.02513012246986701,-0.025451275834180453,25.509395517319447,0.08766193568351355,1.4126917879855307,-1.3250298523020172,0.1257160232846036,0.9578799126310329,267.4145155869315,255.90300760642793,0.04399435321889724,-3.0057843756372127,3.351111430775735,0.013245055577962957,2166460800.0,2493171370.0,74922800.0,1.6989554581515907,265.7012542994581,209.65572438241446,-0.047770833623668234,0.20678070981371516,1,0.011001941721341169
2019-05-14,255.29669189453125,256.8281227413291,253.90040832168697,254.02651095505252,77003200,257.2863296508789,247.96137840270995,259.16304125022464,259.4463771076201,256.82698619637216,0.009043997152431427,0.009003345130855229,33.29586325171948,-0.28333585739545697,1.0734862589093332,-1.3568221163047902,0.13127173568376527,0.9997519715799221,267.7846627206201,254.94101782137213,0.04914105190290599,-1.889229551941547,3.5538066022402797,0.01392030024309299,2243464000.0,2481725285.0,76293125.0,1.0093071951109618,265.7012542994581,209.65572438241446,-0.03915887575449845,0.21769483111687968,1,0.010973679951209458
2019-05-15,256.7919616699219,257.4315466698513,253.45886196816204,253.66606386562466,73956400,257.417197265625,247.99631332397462,258.7982597763319,259.24975374186465,256.825612685531,0.005856988448594391,0.0058399029722492135,37.477544837497454,-0.4514939655327339,0.7684902140209199,-1.219984179553654,0.13348078549086204,1.0159568799723153,267.87226581455144,254.3939847958001,0.05161459697232904,-1.2883434105361111,3.70566260560221,0.014430602038725168,2317420400.0,2471369360.0,77383285.0,0.9557154364795963,265.7012542994581,209.65572438241446,-0.03353124038885812,0.22482685567664432,0,0.0019999859766863803
2019-05-16,259.1701354980469,260.5303771028819,257.42251410676243,257.4945687813976,76749600,257.6259405517578,248.04966339111328,258.8554714258265,259.2438560941745,256.91755475661006,0.009261091401224997,0.009218470436600143,40.218999704054454,-0.38838466834795327,0.5371152375471453,-0.9254999058950986,0.13801844461028137,1.0496270373287633,267.8491215237188,254.25947222628116,0.05205679224634533,-0.5545871965228061,3.827915211994029,0.01476989316164044,2394170000.0,2467764330.0,78307350.0,0.9801072313135357,265.7012542994581,209.65572438241446,-0.024580684869670834,0.23617008913774068,-1,-0.0193253166004258
2019-05-17,257.49468994140625,259.98100350122996,256.846087599335,256.8641218949481,100353000,257.842790222168,248.08851119995117,258.6461204282234,259.11428823100647,256.94018750895503,-0.00646465517109418,-0.006485641549696195,36.874588854951355,-0.46816780278305714,0.3360586294811048,-0.8042264322641619,0.13944550584263973,1.059588544588521,267.8430574808233,253.88898902796578,0.05349132201570617,-0.9664087067973307,3.9849143079075184,0.015475714504304142,2293817000.0,2455706225.0,79889575.0,1.256146374542611,265.7012542994581,209.65572438241446,-0.03088643438921325,0.22817867577864442,-1,-0.010704779779429852
2019-05-20,255.7920684814453,257.60272784879845,255.0443601554767,255.89114711983015,62877600,258.03545318603517,248.12093185424806,258.20703551333446,258.8681978791871,256.8951632333664,-0.006612258529868575,-0.0066342163587199835,34.42615650205772,-0.6611623658526469,0.1366144304143545,-0.7977767962670014,0.14085989826765608,1.0693247068185958,267.9078270504052,253.25489725379398,0.05623168777534602,-1.307395513613803,4.011940193931592,0.015684380746241202,2230939400.0,2438496235.0,81025450.0,0.7760228422057514,265.7012542994581,209.65572438241446,-0.03729446382983456,0.22005764085352436,-1,-0.013382695078005047
2019-05-21,258.0982360839844,258.4765713763025,257.2334147189398,257.48564741091906,46847100,258.2028482055664,248.1580924987793,258.1902971395883,258.8111636721351,256.9423425608416,0.009015790115111999,0.008975390520690326,41.891114419113805,-0.6208665325467564,-0.014881762177867672,-0.6059847703688888,0.14088251065090057,1.0683377633359161,267.5330773965882,253.05581573085323,0.05561878809500813,-0.6068027310240789,4.001000985249036,0.015501853270888384,2277786500.0,2421016270.0,80755475.0,0.5801105126308773,265.7012542994581,209.65572438241446,-0.028614912773067998,0.23105742447179842,-1,-0.028759910151663126
2019-05-22,257.3055419921875,258.2604250284997,256.82810047403143,257.1433982670718,49482500,258.3355563354492,248.18591987609864,258.0541809630651,258.6996361402871,256.95658567579636,-0.0030712882963637167,-0.003076014381524181,41.57315218889719,-0.6454551772220043,-0.14099644518669502,-0.5044587320353093,0.1410077659914243,1.0682062791618043,267.21287577523407,252.78147999869174,0.055505970848716536,-0.7460500524570202,3.8986901885905576,0.015151986849583413,2228304000.0,2403581825.0,80709955.0,0.6130904174088562,265.7012542994581,209.65572438241446,-0.03159831642273038,0.22727649221186644,-1,-0.023107286724321052
2019-05-23,254.16159057617188,255.12546309668002,252.7472730812327,255.08043234488764,98733800,258.3721984863281,248.19341148376463,257.45532090354305,258.3634846170193,256.8469780248307,-0.012218747375876915,-0.012294009974399415,32.29069746320138,-0.9081637134762559,-0.29442989884460724,-0.6137338146316487,0.14638754723249037,1.1072082762305075,267.05976946780083,252.04186169674992,0.05786114652485215,-1.4354129980892736,4.020947256266473,0.015820436310424336,2129570200.0,2384099235.0,82758100.0,1.1930409228824732,265.7012542994581,209.65572438241446,-0.04343097195273492,0.21228071079317729,-1,-0.02434973146596442
2019-05-24,254.73826599121094,256.0174645194902,254.11668728616712,255.60306038858218,55268100,258.4236019897461,248.19961456298827,257.03731245549193,258.09494990399645,256.764283435277,0.0022689321928295314,0.0022663620530960437,34.788214696161575,-1.0576374485045221,-0.44707140877659024,-0.6105660397279319,0.145256682303319,1.096959547816101,266.52311083695315,251.62094433882805,0.0575213257752017,-1.1632567911683587,3.826621221701625,0.015021776201592155,2184838300.0,2364834230.0,82975685.0,0.6660758510158729,265.7012542994581,209.65572438241446,-0.04126058169033472,0.21503129352464231,-1,-0.029033586875507167
2019-05-28,252.36888122558594,255.97222067550697,252.3508744252037,255.01733792058175,70029400,258.4027020263672,248.19450286865234,256.3190922662756,257.67079666855864,256.59191472117146,-0.009301251841396851,-0.009344778596760809,37.34551455658015,-1.3517044022830191,-0.627998007477876,-0.7237063948051431,0.14702399990038564,1.1083880391596639,265.97962075757493,250.92847708178056,0.05823527910940938,-1.6171974232791138,3.6342320204127065,0.014400476012587945,2114808900.0,2339207870.0,83617270.0,0.8374992390925942,265.7012542994581,209.65572438241446,-0.05017805847030727,0.2037299814683914,0,0.0013565913853272882
2019-05-29,250.67535400390625,251.65726088805204,249.27005355583492,251.25190161916805,104972900,258.3295550537109,248.1826544189453,255.4508248412957,257.15261573043625,256.3598927322591,-0.006710523157432702,-0.006733139955103413,35.630201915272124,-1.7017908891405398,-0.8427565838104089,-0.8590343053301309,0.1473967051016099,1.1092993800757331,265.40004285457763,250.08924089786382,0.0594029883424955,-1.8468759220983098,3.6908529334315188,0.014723637064751107,2009836000.0,2304277280.0,84810330.0,1.2377371954572043,265.7012542994581,209.65572438241446,-0.05655186060438,0.19565232355245168,1,0.016853884708423195
2019-05-30,251.3599090576172,252.2697609156449,250.2608896072796,251.4319637385421,62523800,258.2688375854492,248.18270629882812,254.82145318226824,256.72352634726445,256.1638149410967,0.0027308430716339593,0.002727121094243998,38.11889832023958,-1.9020731649962102,-1.0546199000475691,-0.847453264948641,0.14745086832660298,1.1080019669504808,264.93148101764166,249.40653167767084,0.060368664017713215,-1.4967127199793524,3.5621643850795386,0.014171569358194717,2072359800.0,2276056475.0,84352925.0,0.7412167390757345,265.7012542994581,209.65572438241446,-0.0539754517894656,0.19891746241630784,1,0.020678714048331992
2019-05-31,247.9728240966797,249.63937423434137,247.94580014812522,248.81062148447006,86862800,258.15569274902344,248.1705271911621,253.76781793833155,256.0753261805545,255.84259961386465,-0.013475040525102622,-0.013566652800610065,31.36805088527248,-2.3075082422229514,-1.3051975684826456,-1.0023106737403058,0.15278835951251396,1.146499346959242,264.83954955858104,248.0652371235479,0.06540906956061994,-2.022036795893501,3.378775277849369,0.013625586957593593,1985497000.0,2246744040.0,85444555.0,1.016598424557305,265.7012542994581,209.65572438241446,-0.06672317091434445,0.1827620010239949,1,0.04497374862217418
2019-06-03,247.34230041503906,249.125936321561,246.00905456795837,248.0089095929266,96428000,257.97264373779296,248.14720680236817,252.7792767809019,255.4284353831089,255.50925454724404,-0.0025427128312850433,-0.002545951015903318,38.7236911229271,-2.6491586022069953,-1.5739897752275156,-1.0751688269794797,0.14544893589105834,1.0901154868119847,263.92190172422204,247.2298652435514,0.06531146934966199,-1.973056571355826,3.0757094335424164,0.012435032052266808,1889069000.0,2209783020.0,87438770.0,1.1028059978428333,265.7012542994581,209.65572438241446,-0.06909622588280159,0.17975457690763477,1,0.0524452916672451
2019-06-04,252.71124267578125,252.84636242817595,249.18897450974495,249.6393920119291,77231900,257.99570617675784,248.16014030456543,252.7688099954987,255.22716184923277,255.39952859150043,0.021706526751522626,0.02147429472395762,45.416685601511325,-2.458351853734058,-1.750862190928824,-0.7074896628052341,0.17044494167056523,1.2750934521711048,262.4999551018304,247.5446921149665,0.05864295633126047,-0.6181318065831458,3.19602537343717,0.01264694573773889,1966300900.0,2182043500.0,85940460.0,0.8986675193500244,265.7012542994581,209.65572438241446,-0.04888953820683326,0.2053629511915116,1,0.029836458659638687
2019-06-05,254.90020751953125,254.92723146390156,252.52201794105454,254.3326771964583,71169700,258.066330871582,248.17389915466308,253.09671730688834,255.20294300999564,255.37994737299184,0.008661921094497371,0.00862462188972718,46.726923089107906,-2.106225703107299,-1.821934893364519,-0.28429080974277987,0.1653031398982633,1.2342670885802935,261.9897151454933,247.60721173438952,0.05644658612509199,0.028296625880304856,3.0840631463770114,0.012099100178805075,2037470600.0,2165098960.0,82262450.0,0.8651541499189485,265.7012542994581,209.65572438241446,-0.04065109443462987,0.21580370996496298,1,0.0191903809246734
2019-06-06,256.5577087402344,257.2333347577995,254.5488649757681,255.1974670522824,69430400,258.1326290893555,248.19150726318358,253.6291775274031,255.30329602705035,255.42613409327586,0.0065025495147001955,0.006481499144376959,45.36442776101493,-1.6741184996472498,-1.7923716146210653,0.11825311497381552,0.1673033202586765,1.2467419833837625,261.64366895062113,247.70732592242575,0.054721962530647233,0.5402310489524255,3.0087813141678237,0.011727503059415868,2106901000.0,2156204355.0,81155555.0,0.8555224593066981,265.7012542994581,209.65572438241446,-0.03441288067431754,0.22370953378916644,1,0.01678398521782687
2019-06-07,259.1250915527344,260.2061041708792,257.40449400602193,257.57565479541637,74272200,258.2767608642578,248.21924491882325,254.47470276206946,255.58639199191583,255.57119124854876,0.01000703828041849,0.009957299423361293,52.80427057471144,-1.1116892298463767,-1.6562351376661277,0.544545907819751,0.1709710948519752,1.2715322378701377,261.7947116953226,247.64545859276336,0.055548242670215346,1.2452972253777426,3.045458423364244,0.011752850351601188,2181173200.0,2156196915.0,79695610.0,0.9319484473486055,265.7012542994581,209.65572438241446,-0.024750213408146357,0.23595524193790776,0,0.0055975666501904
2019-06-10,260.3142395019531,261.98078942020163,260.2241505215321,260.67456793234,60799100,258.4255780029297,248.24995475769043,255.37309302974387,255.93660291858527,255.75719314083915,0.004589088390063223,0.004578590628455673,57.917935493799284,-0.563509888841395,-1.4376900879011811,0.8741801990597862,0.1708164386271138,1.2677114603733306,261.95375320124776,247.564789279221,0.05648062915228774,1.5442302281878493,3.0666962929460664,0.011780747372150792,2241972300.0,2153607965.0,77114100.0,0.7884303908105003,265.7012542994581,209.65572438241446,-0.020274705935085943,0.24162714978932293,0,0.0013845289383547232
2019-06-11,260.2512512207031,262.50333893893577,259.6026488581999,262.13399325418897,58641300,258.5412451171875,248.2811042022705,256.1235789052761,256.2562064965199,255.93343071259852,-0.00024197017178362312,-0.00024199945128891283,54.09111205181882,-0.13262759124381773,-1.1766775885697085,1.0440499973258908,0.14232473468515724,1.054797023578228,262.66547544608403,247.57734376778313,0.05914098586060352,1.3599673496453066,3.0821382347945416,0.011842933397391312,2183331000.0,2154451475.0,73681640.0,0.7958739789179502,265.7012542994581,209.65572438241446,-0.02051177023279155,0.24132671305459724,1,0.012114921904104792
2019-06-12,259.7918395996094,260.57556171360955,259.2783570106766,260.01704836760047,47096300,258.5873675537109,248.31164299011232,256.6879267044043,256.5181052448969,256.0847408650303,-0.001765261911091276,-0.0017668218219364226,54.785014694930425,0.16982145950737504,-0.9073777789542918,1.0771992384616669,0.1398255351630198,1.0349088961966006,263.17470169910143,247.51763228527355,0.06131703325825495,1.1357611028689214,3.072486816827734,0.011826725664528354,2136234700.0,2149090010.0,72186295.0,0.652427167788567,265.7012542994581,209.65572438241446,-0.022240823497161808,0.23913544628882186,1,0.016193149680970853
2019-06-13,260.86376953125,261.22412549987916,259.99897568740136,260.70162584014724,48945200,258.6524084472656,248.33990768432616,257.3303640623805,256.8400063031453,256.27215375390165,0.004126110863577059,0.004117621811316789,64.01659139820632,0.4903577592352235,-0.6278306713163888,1.1181884305516123,0.13914663947405287,1.0285480803996734,263.7400330561927,247.3594817143151,0.0640992639143191,1.2976393855835453,2.849202316064518,0.010922184867543287,2185179900.0,2142477985.0,70935735.0,0.689993555434366,265.7012542994581,209.65572438241446,-0.01820648073703126,0.2442482565151976,1,0.021686399974543802
2019-06-14,260.5755615234375,261.1791056260825,259.80984621456577,260.5755615234375,52324700,258.70357604980467,248.35665618896485,257.8296252102354,257.116714097241,256.44091484290306,-0.0011048219088851674,-0.0011054326745099483,62.356913841766854,0.7129111129943908,-0.3596823144542328,1.0725934274486235,0.13563020231496561,1.0012634923462826,263.9637717867029,247.2762855863439,0.06528238920129188,1.1878440590098245,2.811236757364065,0.01078856643703791,2132855200.0,2129412245.0,69714490.0,0.7505570219333169,265.7012542994581,209.65572438241446,-0.019291187727114474,0.24287358378130744,1,0.02133022741592816
2019-06-17,260.6746520996094,261.44036744347824,260.5034912289338,260.80977186822014,39205700,258.7430352783203,248.37327911376954,258.2673216547545,257.38026506037943,256.60694375493074,0.00038027578485322344,0.0003802034983422431,69.45212969349139,0.8870565943750535,-0.11033453268837556,0.997391127063429,0.13325436743879654,0.9825118986129099,264.3900966275911,247.1679569612761,0.06733210256584571,1.1370539082583653,2.619488897667005,0.010048882300477924,2172060900.0,2123324440.0,66657125.0,0.5881696817857056,265.7012542994581,209.65572438241446,-0.018918247913815002,0.2433462185088531,1,0.019691546979572205
2019-06-18,263.4041748046875,264.4581639561096,262.1339940288938,262.49435005792014,85434800,258.8120391845703,248.39662551879883,259.05760675474414,257.8264805969948,256.87350183531333,0.010470993950094876,0.010416552798483367,78.43126295124878,1.2311261577493156,0.15795760539916265,1.0731685523501528,0.13470035850477952,0.9919130586109314,265.42144381694703,246.89782040424433,0.07231281236656843,1.5643899751404875,2.6683949110062355,0.010130419963862885,2257495700.0,2124652255.0,67784985.0,1.2603794188344217,265.7012542994581,209.65572438241446,-0.00864534682317197,0.2563652892407328,0,-0.0007727753223527589
2019-06-19,263.9986877441406,264.53017706467074,262.5663634753288,263.5392531233006,78674400,258.8889697265625,248.42818161010743,259.8177730608051,258.283681126413,257.15292089056146,0.0022570368897680826,0.002254493608141916,78.34415479978291,1.5340919343921087,0.43318447119775194,1.1009074631943567,0.13180497685926892,0.9694372915489669,266.3319261341012,246.57738325310584,0.07702937934426221,1.5275540607456326,2.665176502504569,0.010095415720731065,2336170100.0,2127571435.0,69376350.0,1.134023337924235,265.7012542994581,209.65572438241446,-0.006407822800108533,0.2592009520455734,0,-0.004017127382275887
2019-06-20,266.5209655761719,266.92635222484796,264.06170421417744,266.68313673041985,116570000,259.0430114746094,248.47230529785156,260.8490334477846,258.8938503449137,257.5202951919579,0.009554130187479526,0.009508778123186729,93.27529454318127,1.955183102870933,0.7375841975323882,1.2175989053385448,0.13402520906608953,0.9844877053186161,267.7711567072955,246.05969503830997,0.0845082057460215,1.769671678129489,2.630430471877095,0.009869506761655926,2452740100.0,2138793240.0,72730725.0,1.6027614189188957,266.92635222484796,209.65572438241446,-0.0015187209703993708,0.2712315218736148,0,-0.00994405474457194
2019-06-21,266.1336975097656,267.50961688521704,265.9164543518049,266.25138009533435,83309500,259.1716534423828,248.51671188354493,261.66205868808936,259.4301353200879,257.8580756750092,-0.001453049164702791,-0.0014541058643887542,94.34621442527697,2.2319233680014463,1.0364520316261998,1.1954713363752465,0.12418213797282393,0.911240971890612,269.0306013656715,245.99746107329338,0.08944421468338039,1.4969155190078192,2.5215933847206338,0.009474912077333256,2369430600.0,2150786260.0,71959510.0,1.1577274497839132,267.50961688521704,209.65572438241446,-0.005143438921830598,0.26938435997261245,0,-0.0034018032332152615
2019-06-24,265.8077392578125,266.6586172021475,265.65384032505415,266.34181358325094,47582700,259.29521545410154,248.56295013427734,262.29985569881603,259.902550426586,258.16982718806037,-0.0012247913548834033,-0.0012255420248202026,90.56108368052142,2.397305272230028,1.3086226797469656,1.0886825924830625,0.12482364201868199,0.9150684390044704,270.0758629473574,246.0591468182676,0.0930636971903754,1.2891411685273073,2.20021587500324,0.00827747108171747,2321847900.0,2157636740.0,71575240.0,0.6647927411769768,267.50961688521704,209.65572438241446,-0.006361930637188208,0.2678296289824938,0,0.006879113955151173
2019-06-25,263.20062255859375,265.8891152812311,263.09200105464896,265.86195990524493,82028700,259.33150268554687,248.6000143432617,262.4384352157049,260.146852065994,258.36711328102245,-0.009808279873634751,-0.009856697909240094,75.0581337500046,2.2915831497109025,1.505214773739753,0.7863683759711495,0.12545241225739873,0.918769380420057,270.5118683230789,246.70631557584687,0.09205226532361852,0.7715058175060855,2.228208782412892,0.008465818814379317,2239819200.0,2163887255.0,72175205.0,1.1365218844892786,267.50961688521704,209.65572438241446,-0.016107810914596742,0.255394401149347,1,0.019501057329546656
2019-06-26,262.93817138671875,264.60376601063865,262.8295498541817,264.09684710879384,51584900,259.3659637451172,248.63825172424316,262.51531770355314,260.35361646012177,258.546370461638,-0.000997152549730651,-0.0009976500370757135,71.0336598920324,2.1617012434313665,1.6365120676780758,0.5251891757532907,0.12169357749614317,0.8907860804825823,270.6584569114041,247.78600872580293,0.08823490152407816,0.6498541017230796,2.163190666300429,0.008226993649845143,2188234300.0,2172807170.0,69505805.0,0.7421667873640194,267.50961688521704,209.65572438241446,-0.017088901519603336,0.25414258142132334,1,0.02867783245925759
2019-06-27,263.87066650390625,264.3775856429344,263.3184975801518,263.6986731219123,40355200,259.41565185546875,248.67893211364745,262.72383290360744,260.6141386855873,258.7551663848642,0.0035464425430113966,0.0035401687443913856,67.53414864611922,2.109694218020138,1.7311484977464884,0.37854572027364974,0.12175574785316429,0.890547700307056,270.8329774933569,248.86256388847903,0.08455109522956462,0.732420587906036,2.0054062966983435,0.007599959189357852,2228589500.0,2180618655.0,68397375.0,0.5900109470575442,267.50961688521704,209.65572438241446,-0.013603063783954324,0.2585903260270781,1,0.023876211846762807
2019-06-28,265.2283630371094,265.72622092796087,264.33220778357355,264.8481600545442,59350900,259.5052850341797,248.72218467712403,263.1091452318385,260.95593308199636,259.00901723397186,0.0051453105841268165,0.0051321187051501845,67.93354300682478,2.1532121498421475,1.8155612281656204,0.3376509216765271,0.10640765723796887,0.7778627527080922,270.4032349141375,251.01786036174138,0.07435592739929135,0.9322111132857738,1.9339674793117265,0.007291706879181454,2287940400.0,2195740825.0,67021780.0,0.8855464596732584,267.50961688521704,209.65572438241446,-0.00852774518789172,0.26506616415266476,1,0.013037505567539132
2019-07-01,267.6362609863281,268.7768423916626,266.43230780847284,268.55957168944997,78705600,259.63280700683595,248.7771659088135,263.8056245786831,261.45077218602097,259.34734051837796,0.009078583910280491,0.009037621302359376,73.01222921698778,2.35485239266211,1.9234194610649185,0.43143293159719165,0.10580762517359962,0.7730614434093681,269.604827759354,253.84566357365378,0.06021262544072995,1.500337263745884,1.9802381417272557,0.007398990459773363,2366646000.0,2219619675.0,66135660.0,1.1900629705668622,268.7768423916626,209.65572438241446,-0.004243599988694121,0.27655117347598146,0,0.005174742485807959
2019-07-02,268.33331298828125,268.38762376676675,266.74918415742064,267.59102884896026,61504500,259.7697674560547,248.82804359436034,264.50219202631354,261.96059002322545,259.6997315956291,0.0026044751910083708,0.0026010894229897973,76.22742359584464,2.5416020030880873,2.0470559694695525,0.4945460336185348,0.08250091640642689,0.6027294256069362,269.6900876322716,255.32261073198623,0.05473192151370453,1.6222650211922174,2.004612063613909,0.007470604530200301,2428150500.0,2242712155.0,65349290.0,0.9411655428850106,268.7768423916626,209.65572438241446,-0.001650177148576898,0.2798759193373523,0,0.0073540165950432
2019-07-03,270.4786682128906,270.4967902221676,268.8673840130453,269.01222196219044,40898900,259.90260986328127,248.88942543029785,265.4216499011715,262.5915587780155,260.12243499238446,0.007995113244485763,0.007963321665685107,77.69762163055537,2.8300911231560235,2.2036630002068467,0.6264281229491768,0.08192769013564631,0.5984773247303695,270.3741667773167,256.1963776562771,0.05384953363196555,2.0294831394802895,2.0568400160150913,0.007604444482091934,2469049400.0,2264291095.0,63835750.0,0.6406895822481916,270.4967902221676,209.65572438241446,-6.699528398130256e-05,0.29010867225134485,0,0.0017070882524008457
2019-07-05,270.1708984375,270.33385839622804,267.9531346730237,269.24758758810736,51677300,260.0410095214844,248.95610374450683,266.15230352214513,263.15299134538475,260.516492382389,-0.001137870788199713,-0.0011385186546705496,77.6101525838087,2.999312176760384,2.3627928355175545,0.6365193412428294,0.08206331647907045,0.5994135322515737,270.948388144122,256.9834752591983,0.052904224400848604,1.777301952455806,2.1394310251829602,0.007918806346486965,2417372100.0,2279814650.0,62948095.0,0.8209509755616909,270.4967902221676,209.65572438241446,-0.0012047898402044797,0.28864069527958686,0,0.007337094034085778
2019-07-08,268.686279296875,269.98979283576267,268.1431440515041,268.85827258499256,45841800,260.15295837402346,249.00839057922363,266.54214594902663,263.5628645269766,260.8368761829571,-0.005495111239630535,-0.00551026490293829,71.35068226215978,2.9792814220500077,2.486090552824045,0.49319086922596256,0.08195689726284043,0.5985784135741101,271.3396334638889,257.5483487138454,0.05215200652983971,1.2304258185268846,2.2173508945723484,0.008252564665285227,2371530300.0,2289332505.0,61526575.0,0.7450731655386311,270.4967902221676,209.65572438241446,-0.006693280625642766,0.2815594713111106,1,0.01324044400062152
2019-07-09,269.0212097167969,269.31991891337793,267.47329772086357,267.52760848387834,41101300,260.2471020507812,249.06097633361816,266.92354037483744,263.96718639288923,261.1578304391861,0.0012465482822507923,0.0012457719860010015,67.15921443447746,2.9563539819482116,2.5801432386488785,0.37621074329933313,0.08131859653309786,0.5939779312060662,271.77659250145473,257.982086697764,0.052078451360315525,1.2010202249879334,2.0790015614304997,0.007728021012243233,2412631600.0,2297865470.0,60541685.0,0.678892567988486,270.4967902221676,209.65572438241446,-0.005455075840858496,0.2831569970686757,0,0.008715087778764286
2019-07-10,270.306640625,271.25713436614035,269.5553232105845,270.08939754131563,58448500,260.35866577148437,249.10951499938966,267.4440173364009,264.4367755952678,261.51660730921805,0.004778176819427493,0.00476679756622791,68.48937414910003,3.0072417411331003,2.665562939145723,0.3416788019873773,0.08171373852955532,0.5970132455932241,272.3247055071614,258.439512632487,0.0523215107579883,1.418642606755327,2.098438065716323,0.007763176150109882,2471080100.0,2312252925.0,60532045.0,0.9655794711710136,271.25713436614035,209.65572438241446,-0.0035040322289086093,0.2892881480877554,0,-0.00291338052847967
2019-07-11,270.9403991699219,271.1847977257083,269.9356219266685,270.9494601766245,50826100,260.4802038574219,249.16241264343262,267.9819222338657,264.91852548968666,261.8861677743437,0.002344591103853322,0.002341846838747186,64.56655213203402,3.0633967441790446,2.7451297001523876,0.31826704402665706,0.08055621074931323,0.5887355315334721,272.7817784816144,259.09729561506526,0.05145712073666478,1.461761374218836,1.9785460170257838,0.007302513848386733,2521906200.0,2331536500.0,60718535.0,0.8370771791513085,271.25713436614035,209.65572438241446,-0.0011676566478467168,0.29231100161006557,0,-0.0016039332407842277
2019-07-12,272.1531677246094,272.22560047004487,271.12123591463904,271.4290060202442,40326000,260.66581481933594,249.225698928833,268.62365230936473,265.45442491449575,262.2887952233737,0.004476145153705646,0.00446615701048167,68.81637138594328,3.169227394868983,2.829949239095707,0.33927815577327625,0.08068157895314146,0.5898944505244849,273.4451207305104,259.5628931855053,0.05209012691202227,1.6277389912129492,1.956548786076557,0.0071891457389038375,2562232200.0,2350389115.0,60287575.0,0.6688940465759321,272.22560047004487,209.65572438241446,-0.0002660761710523342,0.29809557323700286,-1,-0.011574902878083049
2019-07-15,272.2438049316406,272.587791549062,271.7368860086016,272.587791549062,33900000,260.8645892333984,249.29064186096193,269.180598866638,265.9573419528028,262.6791877609528,0.00033303748690127755,0.00033298204222719847,70.4190169686478,3.2232569138352005,2.9086107740436056,0.31464613979159495,0.08007545814184046,0.5857927670826008,273.8905446826909,260.28429357414507,0.05094306258582641,1.5158872963819177,1.9455579763170598,0.0071463810785541365,2596132200.0,2373552965.0,59366340.0,0.5710306547447594,272.587791549062,209.65572438241446,-0.0012619296538064217,0.2985278877244715,0,-0.009476526151833586
2019-07-16,271.3657531738281,272.3614966723665,271.0579829333727,272.15328696925974,36650100,260.9944543457031,249.35507331848146,269.5167764523595,266.35796500621205,263.01983738498717,-0.0032252405450804433,-0.0032304528436624446,79.09692995334574,3.1588114461474674,2.958650908464378,0.2001605376830895,0.08216062679094753,0.6013443976421274,273.96825425852984,261.27569410572795,0.04742719723068789,1.1798341533777776,1.838872227203605,0.006776360707630204,2559482100.0,2392924025.0,59238560.0,0.6186865447100672,272.587791549062,209.65572438241446,-0.004483100172202375,0.29433982293206484,0,0.0008338850394726816
2019-07-17,269.5191345214844,271.50156073888,269.5191345214844,271.3386284093714,36036300,261.1091882324219,249.40666053771972,269.51713923222485,266.59212571104706,263.27471178249687,-0.0068049067752512515,-0.006828165730094833,71.07245810328823,2.925013521177789,2.95192343100706,-0.026909909829271328,0.08148718768280407,0.5967211779234328,274.0017789149536,261.8536654209839,0.045341009865167516,0.5240031232113863,1.853744374413513,0.006877969453652071,2523445800.0,2406221530.0,56768635.0,0.6347924342376736,272.587791549062,209.65572438241446,-0.011257499868717706,0.2855319611015169,1,0.012426849349999047
2019-07-18,270.5058288574219,270.8860319344416,268.57774095793843,269.0212881936159,51392600,261.3317565917969,249.46304740905762,269.669245328409,266.88202964781556,263.55828500112136,0.0036609435455827732,0.0036542586022597374,71.172516949037,2.7872156805934196,2.918981880924332,-0.13176620033091258,0.08188910420772953,0.5999710029775692,274.13506714057905,262.3710913066866,0.04385401974858697,0.7659824075914213,1.9158069972911929,0.0070823131811365726,2574838400.0,2418154945.0,55404545.0,0.9275881608629761,272.587791549062,209.65572438241446,-0.007637769394618653,0.2902382210371519,0,0.003914965531674142
2019-07-19,269.0030212402344,271.6281418260375,268.83102800918203,271.60098645402906,58678600,261.5314764404297,249.50741737365723,269.56674931484366,267.03914013614286,263.7718040693219,-0.0055555461541628715,-0.0055710355955409935,61.93425008587319,2.5276091787008,2.840707340479626,-0.313098161778826,0.07903437323217125,0.5793765211995742,274.2098238951329,262.544540118539,0.043466004409781725,0.21459888852067882,1.983061239634111,0.007371892072034124,2516159800.0,2421325930.0,52509975.0,1.1174752987408583,272.587791549062,209.65572438241446,-0.013150883568394904,0.283070243050315,1,0.016287468273136207
2019-07-22,269.66387939453125,270.2070145971142,268.8854067833321,269.4013589820321,43638100,261.7600872802734,249.55584922790527,269.5816924040264,267.23356526639384,264.00286584678105,0.002456694171128593,0.0024536814312481918,57.20682316648552,2.3481271376325594,2.742191299910213,-0.39406416227765373,0.07898758368330364,0.5793792673436019,274.3136780785491,262.7937041235993,0.04289635308201407,0.38548291772640475,1.8239989867218875,0.006763972211692798,2559797900.0,2430844295.0,50526405.0,0.8636692042507279,272.587791549062,209.65572438241446,-0.010726497096273942,0.2862223542375653,1,0.011950754305003475
2019-07-23,271.592041015625,271.592041015625,269.95360174897894,270.78641288658775,44564500,262.0013177490234,249.6132085418701,269.8909768058108,267.5564153218924,264.3004805592847,0.0071502406085048875,0.007124798842634743,60.65050867743866,2.334561483918378,2.6606653367118462,-0.3261038527934681,0.08186380084812984,0.6007293377766223,274.60322962185603,263.08258275607363,0.0428527091493526,0.9545071063226137,1.8446934161324333,0.006792148286945956,2604362400.0,2444970020.0,50375495.0,0.8846463940453587,272.587791549062,209.65572438241446,-0.003652953522893811,0.2954191535464015,0,0.002299560156448832
2019-07-24,272.868408203125,272.868408203125,270.7411443378768,270.83167149437855,47213200,262.39851623535156,249.68711540222168,270.3490431746284,267.94989627605776,264.63647772178825,0.004699575078588536,0.004688566552418672,58.28075926611326,2.3991468985706206,2.6083616490836015,-0.20921475051298088,0.07183146707532825,0.5274867621977151,274.70279984684436,263.9497910955385,0.039925580725392096,1.317626652237512,1.8421067469439956,0.006750897837805831,2651575600.0,2465557840.0,48634720.0,0.9707714982218465,272.868408203125,209.65572438241446,0.0,0.30150707311673436,-1,-0.013303133575325088
2019-07-25,271.5648498535156,272.470066019694,270.75919420561445,272.4157552597237,55394100,262.72387939453125,249.76172721862793,270.5360903559956,268.2176706151287,264.90817858969916,-0.004777241741517391,-0.00478868923368873,54.51840421006815,2.3184197408668865,2.5503732674402584,-0.23195352657337187,0.07497854330948323,0.5506806372630862,274.2949440192439,265.2203147698186,0.033639935485025155,0.7966035453414124,1.812369636775685,0.006673800522244659,2596181500.0,2485955200.0,48825180.0,1.1345395961673874,272.868408203125,209.65572438241446,-0.00477724174151739,0.2952894592001609,-1,-0.017199937473570404
2019-07-26,273.3843994140625,273.5835481165805,272.126135424287,272.25287897362153,45084100,263.05572814941405,249.8454367828369,270.97429174954436,268.6003912669016,265.2405794063409,0.00670023959849142,0.006677892757077766,64.90502100962377,2.373900482642739,2.5150787104807546,-0.1411782278380156,0.07686201129632678,0.5646236846086835,274.12015989624325,266.3464721838349,0.02876657780884628,1.6214098065052154,1.8117227708520431,0.006627015933370961,2641265600.0,2506589005.0,49061625.0,0.9189279808811877,273.5835481165805,209.65572438241446,-0.000727926455698843,0.30396820892620224,-1,-0.031091640564127387
2019-07-29,272.8865661621094,273.38445182636275,272.3343973413195,273.2667692579935,38126500,263.33005676269534,249.928529586792,271.2684878130159,268.9178857035837,265.54042202421414,-0.00182100095331017,-0.0018226609911392451,62.137578387329235,2.3506021094322023,2.4821833902710444,-0.13158128083884213,0.07679872542356492,0.5641445532457782,273.8871077743953,267.3453446181828,0.024173580602175247,1.3882128779156646,1.7548251488898197,0.006430602918896926,2603139100.0,2522348940.0,48000405.0,0.7942953814660522,273.5835481165805,209.65572438241446,-0.002547601854239205,0.30159368157466154,-1,-0.058515332287252475
2019-07-30,272.2165832519531,272.623941541799,271.103157518043,271.4833604302327,45849000,263.62449462890623,250.04884368896484,271.4143486497755,269.1622336701296,265.8022322684392,-0.002455169998211826,-0.0024581888703136497,56.238524245366335,2.25211497964591,2.4361697081460174,-0.1840547285001075,0.0723585874047192,0.5316737979807048,273.86972651494494,267.8207581041957,0.022333670546205858,0.9068263203617088,1.7225025770843112,0.006327691562751082,2557290100.0,2531881145.0,46357575.0,0.989029301036562,273.5835481165805,209.65572438241446,-0.004996517056811087,0.2983980478177974,-1,-0.042963598738250175
2019-07-31,269.2384033203125,272.65108551133346,267.2197892073229,272.460970250692,104245200,263.8934213256836,250.18159690856933,271.0795878298581,269.16787586643943,265.936984074395,-0.010940479437596018,-0.01100076659964171,45.17904716790307,1.911711963418668,2.3312781592005476,-0.4195661957818797,0.08318759270750778,0.6112856331043011,273.7808375659628,268.00015608638097,0.021339550657220995,-1.1431825196054324,2.02122547029651,0.0075071960217052,2453044900.0,2533125865.0,48494610.0,2.149624463419749,273.5835481165805,209.65572438241446,-0.01588233220228742,0.28419295067383205,-1,-0.03180527665702004
2019-08-01,266.8939514160156,272.3524042081393,266.09735670920367,269.3923570646518,142646600,264.0693356323242,250.2857749938965,270.43564376619,268.99943701825987,265.97451220543894,-0.008707717306983498,-0.008745851010392503,36.000623876940274,1.4362067479301572,2.1522638769464697,-0.7160571290163125,0.0835069926681783,0.613684446564593,274.10915795962717,267.31336401302906,0.025103477121113636,-2.2468659868514638,2.3762144844974142,0.008903215947346582,2310398300.0,2525193310.0,53581995.0,2.6622114387491544,273.5835481165805,209.65572438241446,-0.02445175065027775,0.27301056149174335,0,-0.0041379755101461635
2019-08-02,264.8844299316406,266.24225458999433,263.32745655172783,265.99785609649547,116749700,264.2209133911133,250.38681579589843,269.58161086856705,268.6946216785103,265.93176388097623,-0.007529288219959351,-0.007557776397727417,32.22599589612962,0.8869891900567382,1.8992089395685234,-1.0122197495117853,0.08700699080461437,0.6393707930284166,274.7292075994244,266.1646675226459,0.031668097831004716,-2.59792473474602,2.570185150485084,0.009703043516556929,2193648600.0,2514007135.0,56835615.0,2.0541644530458587,273.5835481165805,209.65572438241446,-0.03179693459210854,0.26342569806721977,0,-0.0034171558042165318
2019-08-05,256.91851806640625,260.8924035858546,255.01755815476298,260.7837820409055,178745400,264.27605194091797,250.4212767791748,267.6334427451577,267.82231770724337,265.57830326079704,-0.030073160084532535,-0.030534633096707817,24.00687868628512,-0.1888749620856629,1.4815921592376862,-1.670467121323349,0.13464660993176406,0.9879620421032994,277.25839203721966,262.4587069618037,0.05484237984256533,-3.497380211448687,3.1818535817625024,0.012384679803189906,2014903200.0,2496175780.0,63480795.0,2.8157397839771856,273.5835481165805,209.65572438241446,-0.060913860372455206,0.225430494794332,1,0.01497439155138558
2019-08-06,260.52117919921875,260.738449845443,257.33482851295753,258.81033515709356,120711700,264.39171020507814,250.47352821350097,266.53924835347476,267.2814926325749,265.37998467014694,0.014022582567914776,0.013925175698037617,34.773250043122104,-0.7422442791001345,1.036824871570122,-1.7790691506702565,0.14613400566294105,1.070180751629289,277.9308757367622,260.93622021050345,0.06307549915024631,-2.09768741909378,3.3131039790225794,0.012717215503193588,2135614900.0,2482324945.0,67461315.0,1.7893469761151262,273.5835481165805,209.65572438241446,-0.04774544744114356,0.24261419508882626,1,0.016504860510277997
2019-08-07,260.6752014160156,261.44464098020467,255.3072741020519,257.4435718214311,140572300,264.5578366088867,250.54460609436035,265.63708728617337,266.79213772764456,265.19548336606334,0.0005912080440841905,0.0005910333494590161,32.88174250926777,-1.1550504414711895,0.5984498089618597,-1.7535002504330492,0.14447044973765164,1.0558712473833325,278.29097024929825,259.6129817770689,0.06944729965960086,-1.7725194782514102,3.586609400568981,0.01375892060727731,2276187200.0,2472580300.0,71567505.0,1.9641917096313473,273.5835481165805,209.65572438241446,-0.04718246688965498,0.24334883859665596,-1,-0.014133663786518147
2019-08-08,265.78955078125,265.78955078125,261.61651775871724,262.16868632785787,87713900,264.8601205444336,250.6419248199463,265.66054320849287,266.7178720279116,265.2187801274432,0.01961962372121584,0.019429639824623625,45.02949759213927,-1.0573288194187285,0.2672940832857421,-1.3246229027044705,0.162845383547833,1.1871424823522227,278.0864840746119,259.30238311288804,0.06990878341054256,-0.6185833046363268,3.752126225453188,0.014116906456346215,2363901100.0,2464680045.0,73411895.0,1.1948186325935326,273.5835481165805,209.65572438241446,-0.028488545415052906,0.26774287496413307,-1,-0.03054954926819231
2019-08-09,263.9792785644531,265.44572513695664,262.19600063523114,264.848278825007,93730000,265.1125079345703,250.7357199859619,265.4018871094098,266.5150132528406,265.17017222301223,-0.006810923196475693,-0.006834223391362215,41.50913982366718,-1.1131261434308044,-0.008789962057567186,-1.1043361813732373,0.16282353905797853,1.183748563790277,277.75513171425797,258.8163465572264,0.0705918444194654,-0.9095537088936444,3.9144078206129547,0.01482846624136528,2270171100.0,2450076990.0,76082095.0,1.2319587151221323,273.5835481165805,209.65572438241446,-0.035105435316727385,0.25910837560987304,0,-0.009498994979579956
2019-08-12,260.7657165527344,263.9701629838489,259.8152226790869,262.47656132527663,65527600,265.3683657836914,250.81968963623046,264.6886301006905,266.0891394232031,264.9974484712366,-0.012173538882273016,-0.012248243303923967,34.42713623868876,-1.4005093225126188,-0.2871338341485775,-1.1133754883640412,0.16698221341070235,1.2103498584743848,277.5550986089622,257.86857082463155,0.07353626262042684,-1.4113444968553344,4.074114553775274,0.015623658691158393,2204643500.0,2430502555.0,77663475.0,0.8437376772028292,273.5835481165805,209.65572438241446,-0.0468516168171931,0.24378057084239063,1,0.014787523270079372
2019-08-13,264.821044921875,266.26939667676976,260.1229696286607,260.46695627826205,94299800,265.71794067382814,250.96089576721192,264.70900161164195,265.9952064971788,264.99053068498716,0.015551616304287252,0.015431929209688824,39.28138240965657,-1.286204885536847,-0.48694804442623146,-0.7992568411106156,0.1782254626177743,1.2877867405550931,277.1512519601447,257.6179466482538,0.07305321758516153,-0.5249606947450363,4.361197638265334,0.016468470772600163,2298943300.0,2417475615.0,80545960.0,1.1707576643198492,273.5835481165805,209.65572438241446,-0.032028618880882424,0.26312336904685873,0,-0.008408837593930851
2019-08-14,256.99090576171875,261.3721494020812,256.8641898428909,260.7656699423151,135622100,265.80353393554685,251.04172958374022,263.5216022501153,265.3282212575151,264.67681990368254,-0.029567662050673627,-0.030013597557451487,33.46341659354533,-1.8066190073998314,-0.7508822370209515,-1.0557367703788798,0.2042094355357399,1.4698900783087683,277.5061663155682,256.01020941685374,0.08058218220276504,-1.8175105483689933,4.778886286942018,0.01859554630066555,2163321200.0,2399469385.0,85525250.0,1.5857550840248933,273.5835481165805,209.65572438241446,-0.060649269552536265,0.22577576414257294,1,0.030115978025616164
2019-08-15,257.6697998046875,258.565982676383,255.6240298665411,257.87800948700215,99556600,265.85892578125,251.1471347808838,262.6213249508187,264.7609307795279,264.40203480176115,0.0026417045418649643,0.002638221373407806,31.69532977384702,-2.1396058287091932,-1.0286269553585998,-1.1109788733505934,0.20384669359480354,1.4617847430889643,277.43968559821286,254.79308722893558,0.08510035279857578,-1.491894980369959,4.844833040283232,0.01880248691913291,2262877800.0,2383871355.0,87933450.0,1.1321812120416064,273.5835481165805,209.65572438241446,-0.05816778246150893,0.2290139015460165,1,0.02708565962883802
2019-08-16,261.47174072265625,261.90622687818694,257.72413188114456,259.3263824546937,83018300,265.95720642089844,251.27810371398925,262.4444658387937,264.51728707161146,264.28712130846293,0.014755089346328631,0.014647292093919774,37.654100534776305,-2.0728212328177733,-1.2374658108504346,-0.8353554219673387,0.21218770978561582,1.515786295003279,277.1594298072351,254.32021496815557,0.08594577445663655,-0.7475005939326029,5.072431082315818,0.019399538429264365,2345896100.0,2375358170.0,89150435.0,0.9312158712405609,273.5835481165805,209.65572438241446,-0.044270963942477766,0.2471481114712078,-1,-0.013848074430321766
2019-08-19,264.6217956542969,265.30070769157317,263.8161677350632,264.4950797723394,53571800,266.0671405029297,251.40739059448242,262.7794396565634,264.5250284481067,264.3002457926133,0.01204740108026403,0.011975408780480134,42.20396389713465,-1.7455887915432982,-1.3390904069890075,-0.40649838455429066,0.2171331647926197,1.5451463871851907,276.7642979326064,254.21113846876085,0.084949916390473,-0.15357893382899263,5.218542391233716,0.01972075799096777,2399467900.0,2367341670.0,89647120.0,0.597585287737074,273.5835481165805,209.65572438241446,-0.032756912921038744,0.2621730049765952,-1,-0.014811800127019215
2019-08-20,262.5942077636719,264.6490389340067,262.4674918396257,264.11496460228994,51596400,266.11273986816406,251.51378845214845,262.7509424422724,264.3820046937041,264.2333423404979,-0.00766221046007054,-0.007691716009756998,43.04399418003178,-1.6310622514317288,-1.3974847758775517,-0.23357747555417707,0.21625539897058782,1.5330505192345047,276.00262701480796,254.07302606136392,0.08274140050078004,-0.44572060917224704,4.986417447688743,0.01898906106937588,2347871500.0,2354517125.0,89998715.0,0.5733015188050185,273.5835481165805,209.65572438241446,-0.04016813302028607,0.25250196977544487,-1,-0.011099648366059145
2019-08-21,264.7304382324219,265.1015524936121,264.0696205874962,264.7575936082407,49524700,266.20232360839844,251.61802734375,263.05548025614155,264.407814585461,264.252836297044,0.00813510125353778,0.00810218968945691,47.725035202363856,-1.352334329319433,-1.3884546865659282,0.036120357246495205,0.21791902426507753,1.5389244281407162,274.9576199304298,254.30423614867178,0.07804599384797252,0.019272424103156036,4.718724392760497,0.017824638618312794,2397396200.0,2341808155.0,90114290.0,0.5495765432985157,273.5835481165805,209.65572438241446,-0.03235980359603392,0.26269120011982355,-1,-0.012172312384296946
2019-08-22,264.6489562988281,266.07015215515014,262.8747405410961,265.4365174827469,51666400,266.2994659423828,251.72908134460448,263.30063041655484,264.42567693459927,264.268370414761,-0.0003077920851783933,-0.00030783946288414715,49.74193220402473,-1.125046518044428,-1.3357730528616283,0.21072653481720027,0.21758375303521585,1.5306532053852806,274.08386861647165,254.48639810716116,0.07415275411076869,0.07425916253112619,4.692218446315228,0.017729971475938917,2345729800.0,2329285570.0,89927905.0,0.5745313426349696,273.5835481165805,209.65572438241446,-0.032657635589787536,0.2623025537624023,0,0.0007528813654309463
2019-08-23,257.8508605957031,265.01112462198813,256.60165772038295,263.34552999656404,149161500,266.23920776367186,251.79945732116698,262.46220429026994,263.9386535020884,264.0167033630333,-0.025687219017213603,-0.02602289651845321,51.048645249603716,-1.4764492118184762,-1.363908284652998,-0.11254092716547826,0.2318897268642896,1.6241664694477795,272.7149866174437,254.30192622435317,0.06987654454504333,-1.2290397583422397,4.58811809808148,0.017793689295749194,2196568300.0,2307050705.0,95131775.0,1.5679461462797262,273.5835481165805,209.65572438241446,-0.057505970769021954,0.22987751159791936,1,0.026680452494225237
2019-08-26,260.7022705078125,260.7022705078125,258.5116351075703,260.0414527243702,72423800,266.2417419433594,251.87637748718262,262.19144524681496,263.6989214284383,263.886725604005,0.011058368800948903,0.010997672101726507,50.20718232044199,-1.5074761816233604,-1.3926218640470704,-0.11485431757628994,0.2370732575563643,1.652994084534271,271.0441635403721,254.75431973599507,0.0619623080799754,-0.5394701523758738,4.518937964729527,0.017333711578066624,2268992100.0,2290343355.0,96846640.0,0.7478194390636578,273.5835481165805,209.65572438241446,-0.04708352420109339,0.24347795070116257,0,0.00951421402059216
2019-08-27,259.67950439453125,262.4675872370418,258.9191256988522,262.09644508349237,66668900,266.22183898925783,251.92192405700683,261.80499280800205,263.4011868333341,263.72173653696683,-0.003923119316487145,-0.003930834935212479,48.88304934000393,-1.5961940253320677,-1.43333629630407,-0.16285772902799778,0.2371535476567066,1.646016556219329,269.24313501796365,255.30164037266132,0.05315654754132358,-0.7439326603079794,4.334016154732159,0.016689866090269047,2202323200.0,2272595010.0,97887635.0,0.6810758069698998,273.5835481165805,209.65572438241446,-0.05082192923429891,0.23859963833314102,1,0.024993365986702765
2019-08-28,261.508056640625,261.6709890109611,258.21305470705283,259.01871080208196,59696700,266.18391662597656,251.97888725280762,261.75931032071327,263.2609549672075,263.6349255606397,0.007041573228342424,0.007016897122926236,44.8148750434262,-1.501644646494242,-1.4469979663421044,-0.05464668015213747,0.23700165885875438,1.6374970598679466,268.0396826483954,255.7320580742608,0.04699613826875641,-0.12279013494588259,4.215700793208863,0.016120730073728665,2262019900.0,2263043760.0,95660210.0,0.6240494349740608,273.5835481165805,209.65572438241446,-0.04413822234226548,0.24732132838706222,1,0.030910961903099166
2019-08-29,264.84820556640625,265.373246555172,263.0649281304495,264.06973271239076,57899400,266.2009069824219,252.06476692199706,262.23452497389684,263.3785290856667,263.682505168709,0.012772642528453337,0.012691760321440251,51.014717737193344,-1.1440041117698456,-1.3863991954276527,0.24239508365780704,0.2403965360192194,1.6532555446012767,267.64810579127834,255.91906034641696,0.04480435826939045,1.0451396103529025,4.2351036338180155,0.01599068275641435,2319919300.0,2263519810.0,91422850.0,0.6333143191226264,273.5835481165805,209.65572438241446,-0.03192934154963122,0.2632529178326658,1,0.018695528029695208
2019-08-30,264.7304382324219,266.35075503127933,263.798066829308,266.3326606557337,62901200,266.1650964355469,252.17319671630858,262.6185116290545,263.47867050394484,263.72360058297227,-0.0004446597390853624,-0.0004447586295433008,54.99078796334854,-0.8601588748903168,-1.2811511313201855,0.4209922564298687,0.23887151914617688,1.6352670361070978,267.62364500857063,255.92812195920285,0.04467761847927325,1.010490846814883,4.120005942146951,0.015563023162941935,2257018100.0,2266688285.0,88730425.0,0.7089022733746626,273.5835481165805,209.65572438241446,-0.03235980359603392,0.26269120011982355,1,0.019661458678566834
2019-09-03,263.1826477050781,263.94302628282526,261.85197828776654,263.02877636345954,69101400,266.10607543945315,252.2761612701416,262.7053017945966,263.45674288921396,263.7023867446235,-0.005846666283175428,-0.005863824949841819,47.79861422628181,-0.7514410946173484,-1.1752091239796183,0.42376802936226987,0.2123149705198696,1.4479638876379488,267.49582098137296,256.6823589502677,0.041258726307590504,0.4045171604459794,3.8865797204716848,0.014767613877138956,2187916700.0,2275338960.0,83248225.0,0.8300645449197265,273.5835481165805,209.65572438241446,-0.038017272906594214,0.2553086660540207,1,0.025417415113621056
2019-09-04,266.1697692871094,266.18786366543446,264.60373537433054,265.35508026239984,46887300,266.1133160400391,252.40235404968263,263.2382967934447,263.65770780757657,263.7991468443288,0.011349994416723908,0.011286066496350415,64.17810963566342,-0.41941101413186743,-1.0240495020100682,0.6046384878782007,0.21039255910071816,1.4294896933756642,268.01820060734826,256.7248383330814,0.04304340004993926,1.3453034528800922,3.532891211998272,0.013273074630002208,2234804000.0,2280298415.0,79557005.0,0.5893547651774975,273.5835481165805,209.65572438241446,-0.027098774325099228,0.269556412404999,1,0.0211197141524202
2019-09-05,269.5915222167969,270.50577188502655,266.133589357725,268.65915054275484,83258100,266.24113403320314,252.53308296203613,264.21571608934505,264.09724961566695,264.0262988197197,0.012855528029543262,0.012773597158369066,66.9763674273601,0.11846647367809737,-0.7955463068724351,0.9140127805505325,0.2144205293432318,1.4512775529471138,269.2529223152936,256.3817487052142,0.048973837989378786,2.105227358329745,3.6350504775311054,0.013483548917417048,2318062100.0,2282392160.0,76691295.0,1.0856264716875625,273.5835481165805,209.65572438241446,-0.014591615348458539,0.2858772304497578,1,0.01165115364261271
2019-09-06,269.7996826171875,270.4424060217157,269.22941960508075,269.9083317683097,49584300,266.3783642578125,252.6616876220703,265.0747878628593,264.519652060224,264.25270602746355,0.0007721325903684573,0.0007718346493566819,63.211020011386395,0.5551358026352773,-0.5254098849708926,1.0805456876061699,0.20378458426421173,1.3744365983679288,270.06422591343255,255.97145829066906,0.053581032792807654,1.9249137415016648,3.419090430612215,0.012672699972977666,2367646400.0,2282579425.0,74784815.0,0.66302631088945,273.5835481165805,209.65572438241446,-0.013830749419846768,0.2868700981666008,1,0.010199873405064341
2019-09-09,269.9354248046875,270.876829563597,268.9939924207777,270.7863300627405,51260300,266.4996594238281,252.81161308288574,265.8225781616021,264.9208204116658,264.47555774421744,0.0005031221170581635,0.0005029955935618943,59.32064935190073,0.901757749936337,-0.2399763579894467,1.1417341079257837,0.20179236714514648,1.3563388093880953,271.00706019912883,255.62423862899612,0.05841970123827809,1.7213423060842448,3.280081157319529,0.012151354938659275,2418906700.0,2290016205.0,72661330.0,0.7054687823633287,273.5835481165805,209.65572438241446,-0.013334585858717145,0.28751755097476933,0,0.006573023875881878
2019-09-10,269.8720703125,269.9354420671524,267.91680029395496,269.17503626132765,57947100,266.59253356933596,252.9834243774414,266.4455769540479,265.28757966357944,264.6871856880717,-0.00023470240052170244,-0.0002347299474404107,63.71092649552994,1.1579972904684723,0.03961837170213711,1.1183789187663353,0.19566000147639168,1.3108530842909365,271.89290312763256,255.64903107646904,0.061583244849228995,1.5023765736962447,3.2684450629492767,0.012111090485075247,2360959600.0,2297832010.0,72282305.0,0.8016775336647054,273.5835481165805,209.65572438241446,-0.013566158599927824,0.2872153675148417,0,0.009358637085714161
2019-09-11,271.79119873046875,271.8726648838631,269.5281579417055,270.1799147938697,68821100,266.6756323242187,253.1608187866211,267.26798030426653,265.76932922408974,264.9657744348324,0.007111252438040339,0.007086086718509838,63.4116311773892,1.498651080176785,0.3314249133970667,1.1672261667797184,0.18999857667019346,1.2688305524877426,272.99439584544075,255.24455373952014,0.06720383689944377,1.728854575827573,3.2568137923933755,0.011982778719862482,2429780700.0,2304373880.0,71008370.0,0.9691970115635664,273.5835481165805,209.65572438241446,-0.006551378540306098,0.2963690809353646,0,0.0028309956351040277
2019-09-12,272.7325744628906,273.7916618607953,271.9359798516439,272.69635808283294,72908700,266.76361755371096,253.3508115386963,268.108687097901,266.2851251677046,265.2703548280896,0.0034635990305020847,0.0034576145858766514,64.86879419088442,1.8235619301963766,0.6298523167569288,1.1937096134394478,0.15080013459567115,1.0048253755593473,273.91075660956335,255.90235984551475,0.0679801847283088,1.738303822633867,3.1714603292699826,0.011628461820212486,2502689400.0,2321342290.0,67872700.0,1.0741977260371254,273.7916618607953,209.65572438241446,-0.0038682237096143665,0.3008591836272653,0,-0.0006971096580347114
2019-09-13,272.5516052246094,273.52925441617066,272.18046318198077,273.1762067567145,62104800,266.8050762939453,253.52095100402832,268.7922129635484,266.7493088756235,265.5558940593257,-0.0006635409746622578,-0.0006637612154060132,85.74033844382319,2.04290408792491,0.912462670990525,1.130441416934385,0.1513654636411805,1.006271174175908,274.59623500076793,256.70506199630233,0.06734850114459351,1.5428740693098018,2.6671263530260325,0.009785766445323474,2440584600.0,2330227630.0,66000110.0,0.9409802498814017,273.7916618607953,209.65572438241446,-0.004529197959346124,0.29999601025666295,0,-0.00475793729483609
2019-09-16,271.709716796875,272.5968386795519,271.06702098519503,271.4200409627346,58191200,266.83585266113283,253.68286880493164,269.24105970713714,267.1167464994199,265.7972204411904,-0.0030889138482255163,-0.003093694389598267,79.65924415353749,2.1243132077172504,1.1548327783358703,0.9694804293813801,0.14591304329196703,0.9677853079692201,275.2714780340782,257.05361657041396,0.06844637477479724,1.2179628227989039,2.5727269089008553,0.009468659933219013,2382393400.0,2332052495.0,64758755.0,0.8985842918073395,273.7916618607953,209.65572438241446,-0.007604121505273606,0.2959804345779433,0,-0.0019084878288974094
2019-09-17,272.397705078125,272.4882046094224,271.33858983685184,271.5105831463322,41475500,266.9100811767578,253.820673828125,269.7266974565199,267.507928616361,266.05606297597217,0.0025320709518987794,0.0025288706613495115,84.89842402317909,2.218768840158873,1.367619990700471,0.8511488494584021,0.14101761220113304,0.9331556021495897,276.03928502827995,257.0634005185951,0.0711903542193518,1.2323772945543106,2.401380711356637,0.008815715648808089,2423868900.0,2333272545.0,64153940.0,0.6464996538014657,273.7916618607953,209.65572438241446,-0.0050913047285530795,0.29926194899056724,-1,-0.01224141624265851
2019-09-18,272.5606384277344,272.6692599657147,269.97170539749584,272.0084421096551,73375800,266.9808697509766,253.96196823120118,270.1626883751683,267.8822034172035,266.31114436623733,0.0005981450892276197,0.0005979662717560447,83.37913885617066,2.2804849579647453,1.550192984153326,0.7302919738114193,0.13689777455480212,0.9039970907566075,276.7078891502319,257.3914394630494,0.0723327989845452,1.1411981413146235,2.3470678730931076,0.008611176898587283,2497244700.0,2340741205.0,65242910.0,1.124655537283668,273.7916618607953,209.65572438241446,-0.004496204978246528,0.3000390961449763,0,-0.006993184729557456
2019-09-19,272.5424499511719,273.9455514745746,272.20752441574757,272.94980824425716,76560500,267.0255859375,254.09572631835937,270.5288055407073,268.22740686416415,266.55550929113673,-6.673185338657017e-05,-6.673408005575876e-05,79.06963337384154,2.301398676543158,1.7004341226312925,0.6009645539118658,0.13502604866101828,0.8898697016619115,277.3325980968245,257.54793168833174,0.07397788966608893,1.0315433077753715,2.1951276691131096,0.008054259692412628,2420684200.0,2341905605.0,66594700.0,1.1496485456049805,273.9455514745746,209.65572438241446,-0.005121826274784153,0.29995234212661565,0,-0.00899540471259097
2019-09-20,271.25482177734375,273.42829301296234,270.46365116105824,273.1463545293492,89565000,267.03187438964846,254.2067727661133,270.6405003463437,268.45165982069597,266.73979605530167,-0.004724505023194769,-0.004735700773890543,72.64778353824543,2.18884052564772,1.7981154032345779,0.39072512241314206,0.13670561586885913,0.8991112428141615,277.71148139683424,257.8296349361736,0.07424956125422053,0.7009939679461851,2.2245529298225954,0.00820097101038297,2331119200.0,2341175075.0,68489630.0,1.3077162192291008,273.9455514745746,209.65572438241446,-0.00982213320401579,0.2938107107563246,0,-0.009655421321850599
2019-09-23,271.191162109375,271.90959322004414,270.336327054296,270.5909570013887,43476800,267.01263427734375,254.3578493499756,270.72521754065616,268.6545859161537,266.9143594299712,-0.00023468584835328876,-0.00023471339138638841,80.99296341875335,2.0706316245024823,1.852618647488159,0.21801297701432332,0.09301259962675021,0.6112803368703996,277.3086526152233,259.5664938691517,0.06609417054319894,0.6208013141977713,2.1313248027577947,0.007859123380643956,2287642400.0,2345728780.0,63205395.0,0.6878653317489749,273.9455514745746,209.65572438241446,-0.010054513936705506,0.29350707169206214,0,-0.004829068985477969
2019-09-24,269.06317138671875,272.6734770496111,268.09921319736446,272.28244316672976,94869400,266.9490216064453,254.50011421203612,270.4695181323581,268.6848515065659,266.99862656552995,-0.007846829174315118,-0.007877777542376096,61.995106361982465,1.7846666257921697,1.839028243148961,-0.05436161735679135,0.09425287419385692,0.6189401786217867,276.94547503294206,260.7657615393236,0.06017993448215395,0.05131193469315166,2.243399652178531,0.008337817623334784,2192773000.0,2341917825.0,64327675.0,1.4747835981947117,273.9455514745746,209.65572438241446,-0.017822447057728473,0.283357142664726,0,-0.00888896500739167
2019-09-25,270.6545715332031,271.1001669203276,267.66264939196464,269.1449700706574,71854000,266.93479797363284,254.6782901763916,270.4979878863343,268.8307566937242,267.1419969564191,0.005914596703378239,0.005897174140829956,55.195537392238165,1.6672311926100747,1.804668833041184,-0.1374376404311093,0.0930736578163159,0.6107224015780103,276.26969299594816,262.5390502901846,0.0509666662868978,0.3642072455203432,2.1766378665400583,0.008042124890815062,2264627000.0,2345033015.0,64586930.0,1.1125161081351909,273.9455514745746,209.65572438241446,-0.01201326294096403,0.29094768258998766,-1,-0.0321212239433728
2019-09-26,270.0908203125,270.8728881544537,268.68126652638114,270.6637446747886,56179700,266.9462316894531,254.85141815185546,270.435346721129,268.92409473955945,267.25763708803015,-0.00208291778524039,-0.002085090075482583,51.37510738522033,1.5112519815695578,1.745985462746859,-0.2347334811773012,0.09226493631918278,0.6048721207063701,275.6067011655392,264.06031848778105,0.04279076636988312,0.08913977405110107,2.2465403816427414,0.008317722087124077,2208447300.0,2342354385.0,64411080.0,0.8722055273719987,273.9455514745746,209.65572438241446,-0.014071158087165912,0.2882587447021061,-1,-0.022155204051010013
2019-09-27,268.6357421875,270.9547201008358,267.08068181796534,270.8455691998778,84746600,266.90882995605466,255.01700332641602,270.1584844851861,268.90273529125875,267.3116804252642,-0.005387366084180334,-0.005401930272804805,44.541595533613254,1.255749193927329,1.647938208982953,-0.392189015055624,0.08544849803650836,0.5597993657259115,275.33781842803535,264.7079548873943,0.03936652804588239,-0.5219801606631662,2.3887690345035373,0.008892223406505027,2123700700.0,2332543455.0,65753440.0,1.2888542409340105,273.9455514745746,209.65572438241446,-0.019382717691502283,0.2813184232332493,0,-0.0035546089725646546
2019-09-30,269.8815612792969,270.59088936551007,269.1085965366539,269.1540552559003,51662400,266.92640075683596,255.18288787841797,270.1158809150493,268.9752409200023,267.41246006659884,0.00463757756749783,0.004626857136426701,50.03625883444752,1.1406399950469677,1.546478566195756,-0.4058385711487884,0.08642539923185956,0.5657614386675608,274.97901219548737,265.58187342462986,0.03476810483643247,-0.16978850278511007,2.3842337062758685,0.008834370510434598,2175363100.0,2328460705.0,65191500.0,0.7924714111502267,273.9455514745746,209.65572438241446,-0.014835028980767726,0.28726063680965747,-1,-0.012433568282346763
2019-10-01,266.6714782714844,271.4185301350152,266.45323194525736,270.7637634037494,88242400,266.866552734375,255.33312324523925,269.58597281603926,268.8045918349269,267.3834019569865,-0.011894413951794358,-0.011965718474453583,32.1969254801417,0.7813809811123633,1.3934590491790777,-0.6120780680667144,0.09500026600716198,0.6212409842259663,274.2078050405119,266.7019636362459,0.027752656132011576,-2.01624620670933,2.571433081104459,0.009642700065908873,2087120700.0,2323420905.0,66148550.0,1.3340035420277543,273.9455514745746,209.65572438241446,-0.02655298895687792,0.27194942593159305,-1,-0.016062065225339817
2019-10-02,261.9608154296875,265.09824519659725,260.6694876361952,265.0891423486225,122539500,266.67392822265623,255.4816513824463,268.41287167967744,268.2976454345388,267.1707515049356,-0.017664666924001482,-0.017822549207805082,20.322529112540465,0.11522624513861501,1.1378124883709853,-1.0225862432323702,0.10684967170713412,0.6978010526017775,275.2665392986256,265.22233399238996,0.03716711222962604,-3.2988657479467256,2.857256474316078,0.010907190335430108,1964581200.0,2309909765.0,69931160.0,1.7522875353418992,273.9455514745746,209.65572438241446,-0.043748606175119484,0.24948086297833655,1,0.011143145122771259
2019-10-03,264.1069030761719,264.1341838568683,259.0142779097758,261.73336414528853,85278800,266.4986981201172,255.66369232177735,267.7504149714458,267.9872200746598,267.05060058616056,0.008192399473807566,0.008159023929196773,29.007022037179766,-0.23680510321395332,0.8628889700539976,-1.0996940732679508,0.10002395747335988,0.6524662063124141,275.6925748194033,264.24783655754976,0.04239259748188601,-2.0492570388606794,3.126621810951978,0.011838470613735604,2049860000.0,2296499660.0,70032195.0,1.2177085124920046,273.9455514745746,209.65572438241446,-0.03591461275952077,0.2597171093427329,0,0.009710367905729544
2019-10-04,267.68084716796875,267.9354770605933,264.70710305303584,264.7616923717053,65091200,266.42101806640625,255.8648509979248,267.73971223244934,267.96452578527527,267.0753161383883,0.013532187345993485,0.013441445010452163,41.18224613674739,-0.2248135528259354,0.6453484654780111,-0.8701620183039465,0.11251186557871644,0.7328133149631886,275.6776563737229,264.0508714583083,0.043083825722967956,-0.7511678467194959,3.2908186888137316,0.012293814531858363,2114951200.0,2283864900.0,70807540.0,0.9192693320513606,273.9455514745746,209.65572438241446,-0.022868428681848026,0.27676383726931203,0,0.006557131466182087
2019-10-07,266.5259704589844,268.50847634083834,266.2440597044821,266.8806484903429,59610500,266.2838494873047,256.0772666168213,267.55298272883937,267.8579661314759,267.05377317056855,-0.004314379311044614,-0.004323713101480345,37.40625298635539,-0.30498340263653745,0.4552820918551013,-0.7602654944916387,0.11331257801886645,0.7370229535008044,275.6953120017168,263.6922703957442,0.04450618441240969,-1.0556726678724966,3.370447393369854,0.012645849811804855,2055340700.0,2265686600.0,71225050.0,0.8369316694056375,273.9455514745746,209.65572438241446,-0.027084144917311558,0.27125539378470737,0,0.009792497254544452
2019-10-08,262.38818359375,265.40738677887896,262.35179996128653,264.67077779882845,95708100,266.0738818359375,256.28722816467285,266.7583982465179,267.4527970546073,266.8708088734384,-0.01552489184490613,-0.01564666496551745,31.360224752527287,-0.6943988080893746,0.22534591186620614,-0.9197447199555807,0.12503132625986887,0.8119612780085902,276.1502766898027,262.4889170357833,0.050725457089479065,-2.0294944112606483,3.4759199597612116,0.013247242738426453,1959632600.0,2245620250.0,73113100.0,1.3090417449130183,273.9455514745746,209.65572438241446,-0.04218855834166465,0.2515192912889463,1,0.03587139983363441
2019-10-09,264.8798828125,265.8165600063333,263.77952092519905,264.4070066694013,62359400,265.9271478271484,256.53222717285155,266.4693958720536,267.2622108144512,266.7927333416369,0.009496232584192299,0.009451426801624233,37.12626552131839,-0.7928149423975697,0.02171374101345097,-0.8145286834110206,0.1274418358141762,0.8262541223771521,275.9753891072055,261.9726730265836,0.052059732402714304,-1.169529748272436,3.5966591993152326,0.013578453603670585,2021992000.0,2225230815.0,72790015.0,0.8567026672545678,273.9455514745746,209.65572438241446,-0.033092958119876566,0.2634040095626296,1,0.024479168586881483
2019-10-10,266.6714782714844,267.55359417676493,264.63443855313955,264.7981232978098,55296300,265.87580932617186,256.81470504760745,266.50048547196604,267.2184528483055,266.78797824084666,0.006763803426523607,0.006741031533529722,42.42783892387353,-0.717967376339459,-0.12622248245713102,-0.591744893882328,0.12958336191835632,0.8386944576516502,275.5101601884048,261.83179232624366,0.05091122253957374,-0.5847182954587474,3.5934101830096097,0.013475045049067248,2077288300.0,2203960760.0,71909395.0,0.7689718429698928,273.9455514745746,209.65572438241446,-0.02655298895687792,0.27194942593159305,1,0.020597162534413238
2019-10-11,269.4360656738281,271.6731738889568,269.3087645612626,269.4269628255784,98720400,265.9266516113281,257.0579102325439,266.95211319532945,267.3827204650109,266.89182480684593,0.01036701570135401,0.010313646728490595,47.33796885602693,-0.43060726968144536,-0.1870994399019939,-0.24350782977945146,0.13583116063790282,0.8789653805690932,275.12013087118925,261.9102676883811,0.04919596066904144,0.27884206854240756,3.8382980009899166,0.014245672684504138,2176008700.0,2190731965.0,73740175.0,1.3387600449822636,273.9455514745746,209.65572438241446,-0.01646124850895779,0.285135745601554,0,0.005703893845663943
2019-10-14,269.13592529296875,269.79069193177,268.79035015685406,269.1177195999643,40394800,266.01168151855467,257.29113922119143,267.28808428727393,267.51258748930405,266.9798287474782,-0.0011139577031336056,-0.0011145786151717867,50.116826780775334,-0.22450320203012097,-0.19458019232761933,-0.02992300970250164,0.135520134444045,0.8771436153943546,274.8276352156693,261.9453841935104,0.04799887683005483,0.23269709210202943,3.583017852609154,0.013313041908875035,2135613900.0,2178392990.0,72850355.0,0.5544900913660613,273.9455514745746,209.65572438241446,-0.017556869077511656,0.28370415873816884,1,0.013650909633536434
2019-10-15,271.8004150390625,272.54612678764573,270.06346449166466,270.1816904704129,46754500,266.3093194580078,257.5391255950928,267.98228901831834,267.8302043448417,267.16887134714824,0.00990016380456571,0.009851478249158642,51.77867447608996,0.15208467347662236,-0.125247219166771,0.27733189264339336,0.14011010072288993,0.9072175718158246,274.72458609636465,261.98870430890884,0.04745879043851854,1.0815960426818958,3.581066707345871,0.013175354080424083,2182368400.0,2166317965.0,73114305.0,0.639471304555244,273.9455514745746,209.65572438241446,-0.007830521152708625,0.29641304018627895,0,0.0004350825410526227
2019-10-16,271.3639221191406,272.0550723707066,270.9274295413768,271.3366413330304,48928200,266.52617431640624,257.7751983642578,268.5025402645987,268.091961217012,267.33338314212835,-0.001605931763787538,-0.0016072226544424956,51.98405413452018,0.41057904758667974,-0.01808196581608086,0.4286610134027606,0.1401885557699966,0.9080919703814303,274.5192515756131,262.0743671988009,0.046384764713514264,0.9858228129985861,3.5050682217213915,0.0129164857080099,2133440200.0,2148127740.0,71891925.0,0.6805799121389502,273.9455514745746,209.65572438241446,-0.00942387763385005,0.2943310893060554,0,0.0049597095293967275
2019-10-17,272.1641540527344,273.03716682784426,271.4730039064605,272.5279070629822,45736600,266.7559533691406,258.01410659790037,269.0658654627734,268.39360513076923,267.52282513862275,0.002948925293180249,0.002944585742235665,55.61339575025077,0.6722603320041571,0.11998649374796674,0.5522738382561904,0.14062968366374803,0.9117873239222904,274.44807709948145,262.1077120850889,0.04599844140400309,1.2596902780937114,3.3478686807094755,0.01230091704163508,2179176800.0,2136052370.0,70350730.0,0.6501226071143824,273.9455514745746,209.65572438241446,-0.00650274265178402,0.2981479749930597,0,0.0036422962960886984
2019-10-18,270.972900390625,272.27333084102725,270.11806538415243,271.6276670391448,64304000,266.8596203613281,258.27383033752443,269.3592554516736,268.5846640389067,267.65812220732874,-0.004376967518942898,-0.004386574484439997,51.739245044797926,0.774591412766938,0.250907477551761,0.523683935215177,0.14048121175599948,0.9116632718894303,274.40657279113674,262.1210242547617,0.04579652045493579,0.8820450658015396,3.362162843485529,0.012407745714197817,2114872800.0,2125240050.0,69087680.0,0.9307592902236694,273.9455514745746,209.65572438241446,-0.010851247877355962,0.2924660234717336,1,0.012182348939774101
2019-10-21,272.80987548828125,273.00994384916356,271.8550201651412,272.29154052140666,39048600,267.0362322998047,258.50605659484864,269.8901200726902,268.8976426647863,267.86015174775827,0.0067791838040192065,0.006756308463392593,60.23038104218736,0.9924774079038912,0.399221463622187,0.5932559442817041,0.142526811650856,0.9257824659458055,274.68925202732567,262.0002163564634,0.04728632260690564,1.4075589070121104,3.1530017912555803,0.011557506067594755,2153921400.0,2118554000.0,68866270.0,0.5670206909710661,273.9455514745746,209.65572438241446,-0.004145626677200269,0.30122788820529833,1,0.01103380818069688
2019-10-22,271.9186706542969,273.637415698397,271.8277254489955,273.34640214246485,48594700,267.25929138183596,258.72490272521975,270.20220477755277,269.1214225158612,268.0193093519362,-0.0032667616316648385,-0.0032721091466577043,69.01706587280032,1.0807822616915814,0.5355336232360659,0.5452486384555155,0.13994303493467322,0.9098918267467228,275.02566408912566,261.9493542214212,0.048703606021917784,1.0495809697651954,2.853551763692171,0.010494136930082403,2105326700.0,2114181685.0,66552535.0,0.7301705336994301,273.9455514745746,209.65572438241446,-0.007398845534696809,0.29697708686605706,1,0.014046212718839657
2019-10-23,272.7098083496094,272.76436991569955,271.45483682438083,271.6640079961112,34352200,267.4170666503906,258.9369869232178,270.58798994248457,269.3872288739166,268.20325048909984,0.002909464412314433,0.002905240112381206,67.32611196884619,1.2007610685679424,0.6685791123024413,0.5321819562655011,0.1388214576866108,0.9035148784136853,275.3332351019107,261.8473068902768,0.05021003985594861,1.2218772894667909,2.581382273994044,0.009465674482396158,2139678900.0,2107934280.0,64677445.0,0.5311310612223473,273.9455514745746,209.65572438241446,-0.0045109078001578816,0.30075059554388095,1,0.014205662278687026
2019-10-24,273.15545654296875,273.792045273886,272.32790229380925,273.64653848531685,35453100,267.7403576660156,259.14591773986814,270.9829848040975,269.666356849402,268.3974546480751,0.0016341480200376957,0.001632814253012792,62.61540019465432,1.316627954695491,0.7981888807810513,0.5184390739144398,0.1385612402049386,0.9027438931730901,275.76363332812775,261.7233722871066,0.052244094812859604,1.2569435058804983,2.412494345112281,0.00883194637824408,2175132000.0,2106268515.0,63641115.0,0.5570785489851962,273.9455514745746,209.65572438241446,-0.002884131271170381,0.30287621455415187,0,0.009854472660304259
2019-10-25,274.27398681640625,274.81963026068695,272.52793334522363,272.58249491439386,45205400,268.07244140625,259.35636054992676,271.48929280599117,270.0076627728838,268.6279068899704,0.004094848726778233,0.004086487650852963,67.88407651029215,1.4816300331073649,0.9348771112463141,0.5467529218610507,0.13720777667600062,0.8954451028019628,276.4674825982578,261.58334747986726,0.05532613012130974,1.4105144126105669,2.4144429364770708,0.008803032925223246,2220337400.0,2111100350.0,61664055.0,0.733091587959955,274.81963026068695,209.65572438241446,-0.0019854602226308067,0.30821129556246857,1,0.01505305755495745
2019-10-28,275.82000732421875,276.3201921595279,275.4653570434433,275.4926378342722,42147000,268.3594067382812,259.5740850830078,272.15555657802616,270.4382068137234,268.9099500442547,0.005636774109559983,0.005620946946619649,85.21714360699391,1.717349764302753,1.091371641857602,0.625978122445151,0.13759719419076352,0.8998265146553126,277.3583876444526,261.2862870381646,0.059676077242416255,1.617130240897296,2.2624454254359136,0.008202615348263956,2262484400.0,2115456415.0,61188285.0,0.6888083233579761,276.3201921595279,209.65572438241446,-0.001810163895009056,0.31558538712312895,1,0.01341879405669566
2019-10-29,275.73809814453125,276.66570031313864,275.4198038269224,275.54713265499714,44284900,268.58173278808596,259.7984852600098,272.70671681902695,270.8307913567462,269.17772055799105,-0.0002969660558062026,-0.0002970101589569951,82.58725605489428,1.8759254622807475,1.248282405942231,0.6276430563385165,0.1289284377331855,0.8451693062926767,278.19582897019103,261.3555076997308,0.062423425264397085,1.4162270926773488,2.1065540021239793,0.007639691490944444,2218199500.0,2122010355.0,58990410.0,0.750713548185205,276.66570031313864,209.65572438241446,-0.003352790633452231,0.31519470291963875,1,0.012598576308748832
2019-10-30,276.5838317871094,276.9566598852974,274.6286073436417,275.93814036739496,49643900,268.8615252685547,260.01388511657717,273.3031960448858,271.25694249973606,269.4681562924663,0.003067162819607283,0.0030624686717541333,81.53916664077308,2.046253545149739,1.4078766337837325,0.6383769113660063,0.10670639076276102,0.7015570751732643,278.6030597700342,262.41057853562984,0.059859789431984146,1.5011936823775383,2.0643323534118605,0.007463676889836451,2267843400.0,2137173465.0,55345630.0,0.8969795808630239,276.9566598852974,209.65572438241446,-0.001346160436591269,0.3192286192129783,0,0.00973254291936998
2019-10-31,275.8472595214844,276.5747934558149,274.39224715798696,276.5747934558149,69053800,269.08386169433595,260.22277687072756,273.69459042590097,271.5969659828285,269.71831720340816,-0.0026631067364485395,-0.0026666591135012263,73.4218706101134,2.0976244430724478,1.5458261956414756,0.5517982474309722,0.10630772393029159,0.7012026181032563,278.9347265821841,263.2529473680112,0.05784631398910571,1.2124702127876383,1.8636101399582887,0.006755949445323895,2198789600.0,2144619945.0,54534380.0,1.2662434229563075,276.9566598852974,209.65572438241446,-0.00400568220411278,0.3157153725902365,1,0.0159893341747277
2019-11-01,278.40264892578125,278.4481076482956,277.1294716644442,277.2931841211673,71141500,269.358935546875,260.4355665588379,274.41890711819025,272.10109064526944,270.05887923173657,0.009263783909724932,0.009221138234785707,79.06461653910799,2.3178164729208106,1.7002242510973427,0.617592221823468,0.10123053251823551,0.6700718918457611,279.9403547897112,263.3194993362653,0.06118933813059435,1.6299334002712695,1.9779320222365218,0.007104573285736999,2269931100.0,2152368940.0,54836895.0,1.2973291066169956,278.4481076482956,209.65572438241446,-0.00016325743025616995,0.3279038754886158,0,0.009146088141907205
2019-11-04,279.52117919921875,280.0941033965786,279.1483233286738,279.95769948115407,60606900,269.79234191894534,260.6382536315918,275.2038720537331,272.6507268344509,270.4299498186966,0.004017671088092589,0.004009621799998393,76.81634712411704,2.5531452192822144,1.8708084447343172,0.6823367745478972,0.09864120544450466,0.6553729924339512,280.934810199815,263.62456480018506,0.06357523603236077,1.673342354280012,1.8551643776736901,0.00663693671795613,2330538000.0,2166128805.0,54886715.0,1.1042180243434134,280.0941033965786,209.65572438241446,-0.002045470398741845,0.3332389564969325,0,0.0031888725728355105
2019-11-05,279.2120056152344,280.0213818195309,278.92099207531345,279.72126543380665,42933200,270.16253662109375,260.855538482666,275.82050798627176,273.1367474848793,270.7743441636589,-0.0011060828552243995,-0.001106695016307928,77.50179662234999,2.6837605013924417,2.033398856065942,0.6503616453264995,0.0741160815757157,0.4945971035383961,280.95993188789896,265.28182531424943,0.05740354473796668,1.5540465894889608,1.8532177287370928,0.006637313910100639,2287604800.0,2182527415.0,52247970.0,0.821719963474179,280.0941033965786,209.65572438241446,-0.00314929079422737,0.3317642837452339,0,0.006416285368182839
2019-11-06,279.27569580078125,279.5485036742687,278.32991558505597,279.2120313794404,46487100,270.55446044921877,261.07067543029785,276.35207534235013,273.59148439716836,271.1077305023696,0.00022810690180219417,0.00022808088937853634,76.27720682259495,2.760590945181775,2.178837273889109,0.5817536712926663,0.07077093832751218,0.47442640106025874,281.11711842291487,266.56422007806174,0.05314367067786146,1.4938677973302192,1.8207422559163149,0.0065195156015836215,2334091900.0,2198132410.0,51454355.0,0.9034628847256952,280.0941033965786,209.65572438241446,-0.0029219022673910963,0.3320680683699299,0,0.0065125130773684425
2019-11-07,280.25787353515625,281.59468781901455,279.7849972333301,280.61255157596486,54272300,270.92945678710936,261.2900954437256,276.9529673720126,274.08529099998225,271.46655964091025,0.0035168750777212487,0.0035107053338126527,84.84645797351097,2.8676763720303597,2.316605093517359,0.5510712785130005,0.06919410711079964,0.46602398096309977,281.5094636476371,267.53051437970663,0.050921425861030094,1.6418643232380736,1.832437010299064,0.0065383961820048506,2388364200.0,2213686205.0,51403155.0,1.0558165155426744,281.59468781901455,209.65572438241446,-0.004747299369217841,0.3367527853614083,0,0.004445151026461591
2019-11-08,280.9489440917969,281.0035056590973,279.2119935258601,279.91221880793387,49032100,271.2514715576172,261.50297035217284,277.5677330212102,274.5937097475241,271.8384178546705,0.0024658381508555482,0.0024628029604640152,83.42042410070951,2.9740232736861003,2.448088729551108,0.5259345441349925,0.06264898991663384,0.4238505764785035,282.21725985953486,267.9740060096057,0.05177564506564454,1.6438129144519609,1.814899058491822,0.0064598892313288934,2437396300.0,2226755585.0,48918740.0,1.0023173123428772,281.59468781901455,209.65572438241446,-0.002293167290260488,0.3400490013778148,0,0.009224826705235056
2019-11-11,280.41253662109375,280.58532425042506,279.4303724383061,279.56680417389765,35797300,271.56511352539064,261.7222222137451,278.00539511349996,275.02473396038107,272.17465780629493,-0.0019092702855215693,-0.0019110952653229284,85.92400802306761,2.980661153118888,2.554603214264664,0.4260579388542238,0.06325112369962173,0.4296802564791549,282.5770491653454,268.7418778366078,0.05018935737966633,1.3742000025312784,1.79410487306963,0.006398090808236247,2401599000.0,2240054840.0,48688865.0,0.7352256003503059,281.59468781901455,209.65572438241446,-0.004198059299615021,0.3374904856383413,1,0.011901541025262086
2019-11-12,281.0035095214844,281.9038031468933,280.230516970667,280.7761604037485,46484600,271.92153076171877,261.9459982299805,278.4666434839591,275.4676062241665,272.520887285322,0.0021075124083669294,0.0021052947194159267,85.68157469067076,2.999037259792601,2.6434900233702514,0.35554723642234976,0.05608558925475743,0.382631137967327,283.1792653714719,269.05997107872344,0.05113470163224028,1.3836077621843803,1.8200872362773168,0.006477097881719376,2448083600.0,2253340600.0,48675370.0,0.9549922270750073,281.9038031468933,209.65572438241446,-0.003193620005686222,0.3403092634328969,0,0.009482160091912162
2019-11-13,281.094482421875,281.4946191287311,279.7849491544516,280.01229829459345,53917700,272.22002502441404,262.15152923583986,278.8709263974846,275.8844118684412,272.8571067024417,0.0003237429331239827,0.00032369053968830686,85.23084923700306,2.9865145290434043,2.712094924504882,0.2744196045385223,0.05499736261147617,0.37692768377957714,283.62689553046994,269.58539694999877,0.050763508950650835,1.2785917841004268,1.8376248787203662,0.006537392206661687,2502001300.0,2271768655.0,48924845.0,1.1020515241284872,281.9038031468933,209.65572438241446,-0.00287091098447014,0.34074317908513396,0,0.005402727028747556
2019-11-14,281.503662109375,281.5855322127574,280.1759510531311,280.8125396739401,51219900,272.4582678222656,262.3485675811768,279.2759626608524,276.30065262702885,273.1961873066351,0.0014556660236606511,0.0014546075689209944,84.23854918805173,2.9753100338235186,2.7647379463686095,0.21057208745490907,0.05482752870665757,0.3773337243758109,284.0922671809627,270.05397610517014,0.05066637641552657,1.262415899805952,1.7746166104462955,0.0063040622532178235,2553221200.0,2290470875.0,49199010.0,1.0410758265257776,281.9038031468933,209.65572438241446,-0.0014194240483865349,0.342694853377383,0,0.0023260271335141525
2019-11-15,283.5406494140625,283.58610812310604,282.1492743359799,282.8403965773181,62023600,272.73308715820315,262.55520782470705,279.9320683151924,276.8369486853276,273.6018524873185,0.007236095223145167,0.007210040301202143,84.93893041215757,3.0951196298647687,2.8308142830678413,0.2643053467969274,0.053246007028943214,0.36801064940457506,284.67127417001007,270.73174401846654,0.05019609074869351,1.6755630224744937,1.7772052297755383,0.006267902797881495,2615244800.0,2315489475.0,49084990.0,1.2635960606287178,283.58610812310604,209.65572438241446,-0.00016029949190533,0.3524107211920485,0,-0.0026613755588705823
2019-11-18,283.7498779296875,283.9863298938384,282.8495843009252,283.3042825380905,49228000,273.00937622070313,262.75437355041504,280.5194236404993,277.34901751824316,273.9998142693722,0.0007379136503262718,0.0007376415259099217,85.84340474799163,3.1704061222561677,2.8987326509055067,0.271673471350661,0.050726214609379726,0.3521065821334717,285.3183000018409,271.1787184307763,0.05081637853474558,1.5563031152437092,1.7694087373967509,0.006235804400364204,2664472800.0,2341017045.0,49593960.0,0.9926208756066263,283.9863298938384,209.65572438241446,-0.0008326174159132229,0.3534086835240637,0,0.004326991123602353
2019-11-19,283.66802978515625,284.35917997236,283.02236607228707,284.3500771269776,67804700,273.28529541015627,262.9480177307129,281.0038245858311,277.8170925009775,274.37895997587356,-0.00028845173477587416,-0.0002884933449794044,84.01873459422545,3.186732084853645,2.9563325376951344,0.23039954715851074,0.047654811293630514,0.3322502753758309,285.6387041538254,272.03325019187776,0.04879375358909866,1.4206222370524435,1.698605977283693,0.005988006398077989,2596668100.0,2365584115.0,50554460.0,1.3412209328316433,284.35917997236,209.65572438241446,-0.0024305534545109903,0.3530182904414405,0,0.006892672094107599
2019-11-20,282.6131591796875,283.59532300669514,281.0580988316027,283.0769603064734,79406200,273.5017346191406,263.1380025482178,281.25141452334753,278.17235669940044,274.7018697485721,-0.0037186799170413343,-0.0037256113965087583,81.52649047116607,3.079057823947096,2.9808775949455266,0.09818022900156942,0.0518266635678686,0.3629786702896449,285.6830949307959,272.979194497915,0.04547971349872907,1.0333879682507503,1.728487857600202,0.006116091206146621,2517261900.0,2384463265.0,52807160.0,1.503701392008205,284.35917997236,209.65572438241446,-0.006140194921233762,0.3479868484973863,1,0.015155818133205878
2019-11-21,282.158447265625,282.8314195597847,281.35820164303874,282.72229641818564,54664700,273.6902520751953,263.3373728942871,281.39095802215945,278.4676226672689,274.9942845531624,-0.0016089552071190116,-0.0016102509656130345,71.76057882043412,2.9233353548905257,2.9693691469345267,-0.04603379204400104,0.05321606227580136,0.37448531937802854,285.5386943051778,274.02389419579873,0.041156433063998375,0.8257730891480192,1.6479428425955405,0.005840487352286005,2462597200.0,2398836525.0,53767740.0,1.016682122030794,284.35917997236,209.65572438241446,-0.007739270829761486,0.34581799803836855,1,0.013021092460896666
2019-11-22,282.7860412597656,283.0406712717631,281.7766240612511,282.90426729258405,44850200,273.89494079589844,263.5384016418457,281.6055862125604,278.7875055259724,275.29984363969584,0.0022242608726501523,0.0022217908663827997,70.05718142447365,2.8180806865880186,2.939111454865225,-0.12103076827720649,0.05247508519647842,0.3707675550280551,285.48897549048064,274.92481845483184,0.03770127412916499,0.9765641602749683,1.6174137525751584,0.0057195671517937885,2507447400.0,2413192025.0,53749980.0,0.8344226360642367,284.35917997236,209.65572438241446,-0.005532224114400906,0.3488114483531135,0,0.0021867334143939043
2019-11-25,284.9776611328125,284.9776611328125,283.7136140549297,283.7136140549297,48647200,274.16029968261716,263.7497157287598,282.12436696952227,279.2460355709235,275.6793658943279,0.007750099203212235,0.007720221455433179,78.76691262230533,2.878331398598789,2.926955443611938,-0.048624045013148987,0.05513507546566391,0.3910010912753752,285.93333459720236,275.3962247289695,0.03754339921411495,1.6372160951236856,1.695358761777259,0.0059490935360970104,2556094600.0,2427872535.0,54074990.0,0.8996247618353698,284.9776611328125,209.65572438241446,0.0,0.3592648708842786,-1,-0.012190425767507618
2019-11-26,285.6232604980469,285.80515091180786,284.69568599405943,285.01398034185087,37569000,274.4248107910156,263.94865173339844,282.662658281603,279.71842260256227,276.06932254545416,0.002265438500225203,0.0022628762634229796,79.93219109677159,2.9442356790407302,2.930411490697696,0.013824188343034116,0.05468947210547595,0.38927473059252576,286.3354510352969,275.9826245262265,0.03682195881301588,1.7248324258690624,1.6875642495298078,0.005908357206577535,2593663600.0,2446645740.0,53739195.0,0.6990986746265924,285.80515091180786,209.65572438241446,-0.000636414050554004,0.3623442018547834,0,-0.00834175365409151
2019-11-27,286.8963928222656,286.8963928222656,285.88694836384724,286.1051946240128,44444600,274.71152587890623,264.1499626922607,283.31400205708957,280.25012410031803,276.4939135367017,0.004457383204710785,0.00444747849401454,80.46814816474826,3.0638779567715346,2.957104783912464,0.10677317285907062,0.055346092510788286,0.39539007831606476,286.98492887677116,276.36440278826785,0.037704938983820976,1.9666547379162183,1.6128599856716253,0.005621750659900432,2638108200.0,2465158980.0,53479230.0,0.8310628256988741,286.8963928222656,209.65572438241446,0.0,0.3684166920191661,-1,-0.010967425772158146
2019-11-29,285.83245849609375,286.57817040881315,285.6051093338683,286.3326155519564,36592700,274.9773260498047,264.34868911743166,283.7014568938594,280.66363035185697,276.86013098608964,-0.003708426988940916,-0.0037153202516918794,71.6716459145339,3.037826542002449,2.973249135530461,0.06457740647198795,0.056584106030299904,0.4058227821790805,287.03598317958176,277.3118683829182,0.034461422222980334,1.504931930500906,1.5771293681830636,0.00551767065392476,2601515500.0,2485295275.0,51856175.0,0.7056575229468814,286.8963928222656,209.65572438241446,-0.0037084269889408822,0.363342018626365,0,0.0017815202348712145
2019-12-02,283.4044189453125,286.1507871631629,282.9770013590079,286.0871227294909,75767800,275.2203179931641,264.52186698913573,283.6557587479291,280.86665172914996,277.1167697295886,-0.008494625010596613,-0.008530909968494808,61.3684645070318,2.7891070187791343,2.9364207121801957,-0.14731369340106149,0.060436445786075925,0.4350783034016396,286.9738276809912,277.8742008834619,0.03221973464492998,0.4309647788725518,1.695358950373365,0.005982118968654868,2525747700.0,2498086105.0,52087490.0,1.4546256692345898,286.8963928222656,209.65572438241446,-0.012171550302887314,0.3517609394169442,0,0.007187671349114355
2019-12-03,281.503662109375,281.5855322127574,279.30293822530007,280.6852108487473,73941700,275.42656799316404,264.68338874816897,283.3246669573823,280.9138376832407,277.28880472487435,-0.006706870849124913,-0.0067294629790775745,51.72842188300854,2.4108292741416335,2.831302424572484,-0.4204731504308503,0.06491655217670239,0.4689970406105014,286.8893458390981,278.1569310163706,0.030908671308566563,-0.466984832300465,1.8688014177866583,0.006638639809454973,2451806000.0,2504149505.0,52754230.0,1.401625992835077,286.8963928222656,209.65572438241446,-0.018796788136097132,0.342694853377383,1,0.012857219053301838
2019-12-04,283.24066162109375,283.8408667166338,282.2039639124934,282.5495390662209,49080000,275.7101177978516,264.85108421325685,283.31174305949173,281.0861950119705,277.5222108776673,0.006170433090294525,0.006151473918927536,56.659154609499275,2.2255480475212153,2.71015154916223,-0.48460350164101484,0.06780893316996892,0.49165713799798344,286.8103006823417,278.638841773713,0.028902542404204746,0.2526307229025215,1.9136253201423261,0.006756181507238129,2500886000.0,2514813565.0,53061570.0,0.9249632078357274,286.8963928222656,209.65572438241446,-0.012742339369308929,0.35097986213083077,0,0.009503589502684484
2019-12-05,283.7498779296875,283.9590491097116,282.4403447864453,283.94087117115305,40709000,275.97202392578123,265.0257649230957,283.3791484241372,281.28350485772734,277.76643311500146,0.0017978220559129454,0.0017962079081846073,56.92654869588457,2.0956435664098763,2.5872499526117596,-0.49160638620188335,0.06788519257833302,0.4944639936552344,286.71651952705594,279.1800411418894,0.02663553344893174,0.4254494228323468,1.921419831830897,0.006771526549544525,2541595000.0,2525188720.0,52772665.0,0.7714031497177564,286.8963928222656,209.65572438241446,-0.010967425772158151,0.3534086835240637,1,0.016377110741804923
2019-12-06,286.3416748046875,286.7418114894914,285.6505245759209,285.6596274218507,48927000,276.297041015625,265.20569175720215,283.8349217134526,281.6581841130577,278.1027171028323,0.009134089832603332,0.00909262633038142,58.351622753858976,2.1767376003949153,2.505147482168391,-0.32840988177347574,0.07355436024932452,0.5381110625409659,287.08788519881415,279.41705559708424,0.027081245190740778,1.6108841236315576,1.986383227978958,0.006937108366547978,2590522000.0,2535296610.0,52505400.0,0.9318470100218263,286.8963928222656,209.65572438241446,-0.0019335133917901045,0.3657708400195979,0,0.007780903103579151
2019-12-09,285.4414367675781,286.62364136052076,285.3686694911169,285.9506966924689,34838500,276.6331549072266,265.3794135284424,284.08207787562577,281.9384250504296,278.39051003086155,-0.0031439294951509655,-0.003148882024479031,54.84399824518781,2.1436528251961704,2.4328485507739472,-0.28919572557777684,0.07484126552677833,0.5498756760021899,287.2704589770326,279.6837310864439,0.026763107226491355,1.03567269744362,1.994827962014004,0.006988571752594914,2555683500.0,2541210970.0,51795720.0,0.6726134900721527,286.8963928222656,209.65572438241446,-0.005071364057159323,0.3614769527920432,1,0.01790503825102152
2019-12-10,285.1230163574219,286.0505905779489,284.4682499215874,285.38674905100623,52649800,276.93798400878904,265.552440032959,284.2422222574406,282.1743207027994,278.6545298868051,-0.001115536741133738,-0.0011161594153645431,54.11084458684619,2.067901554641196,2.359859151547397,-0.29195759690620093,0.07451190804067931,0.5498316597787856,287.28322284166666,280.1420151954427,0.02517056756561445,0.7900049447927595,2.0123655874631896,0.007057885445980787,2503033700.0,2546282705.0,52638345.0,1.0002176170242434,286.8963928222656,209.65572438241446,-0.006181243505359684,0.35995817522899687,1,0.019264873656615222
2019-12-11,285.9324645996094,286.1870945138328,285.0412460235377,285.577786637345,53429100,277.32320373535157,265.7300518798828,284.5022595408512,282.4527017321927,278.9399390912288,0.0028389438794824695,0.0028349216890241296,59.51008217175453,2.0495578086585056,2.297798882969619,-0.24824107431111342,0.07472138319038447,0.5537568614496368,287.4211156219204,280.4970179230014,0.02438414021295315,1.140017320273527,1.9077882686590126,0.006672163901816761,2556462800.0,2551701665.0,52985570.0,1.008370769626523,286.8963928222656,209.65572438241446,-0.003359847829294286,0.3638190201669154,1,0.016442827128850368
2019-12-12,288.3968811035156,289.17894867633004,285.70507556448115,285.9414997537219,96389600,277.85192504882815,265.92231803894043,285.1014320889534,282.89301131525366,279.3107995622989,0.008618876164891542,0.008581945699411146,66.02786554911754,2.2084207736997428,2.279923261115644,-0.07150248741590115,0.07954754862303293,0.5918679159524688,288.04481389847047,280.6035595146154,0.026171724854119838,2.1892515345906207,2.050692211166364,0.007110660154574625,2652852400.0,2559244220.0,55109165.0,1.7490666026240826,289.17894867633004,209.65572438241446,-0.0027044415798390597,0.37557360741305773,1,0.011887910389940304
2019-12-13,288.5696716308594,289.7973623184911,287.3874396620907,288.1604321507903,81503900,278.3411804199219,266.1076448059082,285.6350074030928,283.3135046719652,279.67389258459536,0.0005991414563242259,0.0005989620427410495,65.21494792887627,2.321502731127623,2.2882391551180397,0.03326357600958341,0.079582709413704,0.5944933826887776,288.6065134592761,280.7484609059583,0.027603350834261443,1.9812463303608805,2.1325404573012503,0.007390036677274988,2734356300.0,2568300975.0,56623365.0,1.4394040340061034,289.7973623184911,209.65572438241446,-0.004236376334862769,0.37639777058748447,1,0.015715772171113862
2019-12-16,290.5522766113281,291.14337897879915,288.5061338182906,290.2976466182981,82749700,278.7986090087891,266.3074590301514,286.3915103582059,283.84971000080685,280.10049587976135,0.006870455128787478,0.006846961100342036,64.8281605901749,2.5418003573990404,2.33895139557424,0.2028489618248006,0.07922786349858715,0.5943611567027853,289.7092634071485,280.3468736778124,0.03284725527984526,2.360170095965112,2.164370834977084,0.007449161507938771,2817106000.0,2578394035.0,57659670.0,1.4351400207458698,291.14337897879915,209.65572438241446,-0.002030279271829387,0.38585424970966886,1,0.010326214651536825
2019-12-17,290.6158752441406,291.2342582653961,290.53403288126106,290.9341696015044,61097700,279.2804071044922,266.509295501709,287.0414126483497,284.350907426239,280.5128636979723,0.00021888877813736052,0.00021886482548401088,63.704383781048854,2.690505222110687,2.4092621608815294,0.28124306122915765,0.07929235920828565,0.5974527330148955,290.6293897891352,280.11334702727106,0.036850377879611554,1.9948594552930294,2.1351394397189836,0.007346947023886067,2878203700.0,2589080580.0,58253155.0,1.0488307457338577,291.2342582653961,209.65572438241446,-0.002123318269418475,0.3861575976530644,1,0.010136616982576951
2019-12-18,290.6340026855469,291.2342076616224,290.57944111977423,291.0068585533776,48133000,279.84532348632814,266.7188006591797,287.5941188079185,284.81632188989147,280.9097711092498,6.237595035374355e-05,6.23740050550451e-05,61.01864480583276,2.777796918027036,2.4829691123106308,0.2948278057164053,0.07921428307872674,0.5994779650494364,291.40788137206187,280.0314527343835,0.039816750295873816,1.7279010090460711,2.0909704552639425,0.007194514186030325,2926336700.0,2605564010.0,57269570.0,0.8404637925516116,291.2342582653961,209.65572438241446,-0.0020610747630596493,0.3862440605505581,1,0.01545042025012866
2019-12-19,291.8253173828125,291.89808464078646,290.5703458322475,290.8249757300014,85310500,280.38423217773436,266.94466621398925,288.24507243482526,285.3355067412189,281.3378317474287,0.0040990203701476435,0.00409064227300734,67.53552217054929,2.909565693606339,2.5682884285697725,0.34127726503656675,0.0775864629238417,0.5897446086498326,292.2859297537635,280.0746201729943,0.042669990383969895,1.8491194184363275,2.093574406702633,0.007174067094241555,3011647200.0,2630283275.0,57564785.0,1.481991116617564,291.89808464078646,209.65572438241446,-0.00024928994674121616,0.3919263031927511,1,0.011054394380065835
2019-12-20,293.1047668457031,294.23795375085035,291.88018760229625,292.8580047434994,147142100,280.91289794921875,267.17939544677733,288.9927177288065,285.9110074896992,281.7992801826552,0.004384299053848961,0.0043747160144826545,80.42925932662575,3.081710239107281,2.6709727906772742,0.4107374484300066,0.07719759852137945,0.5893577480013883,293.26264204229005,280.1925398424755,0.045583692022303265,1.951683561115278,2.0392065898371237,0.006957261772923016,3158789300.0,2665092880.0,62188655.0,2.366060176088388,294.23795375085035,209.65572438241446,-0.003851260147447759,0.39802892436686654,0,0.0010912641911979826
2019-12-23,293.5525817871094,293.945538202169,293.4063596093835,293.89070837165036,52990000,281.39522827148437,267.3985159301758,289.6942352762377,286.4770500302481,282.2601939710652,0.001527832338673596,0.0015266663902774116,91.58747379841368,3.217185245989583,2.7802152817397365,0.4369699642498466,0.07720030854260918,0.5920899380575405,294.1957392249869,280.3360967125131,0.048246734629972685,1.8143797896336622,1.8062987781552278,0.006153237580670282,3211779300.0,2700309475.0,62595645.0,0.8465445159962806,294.23795375085035,209.65572438241446,-0.002329311888572077,0.4001648781679153,0,0.0019924876789805257
2019-12-24,293.5617370605469,293.82673861863617,293.2601450957839,293.7810563883531,20270000,281.8837445068359,267.6129739379883,290.2892355507468,287.0018416621221,282.70339173928016,3.1187848465785706e-05,3.118736213495146e-05,90.44818175077201,3.287393888624706,2.8816510031167306,0.40574288550797544,0.07422230782382813,0.5721603202104165,295.0767976306108,280.3134458996626,0.05131596128696423,1.5895076946578537,1.679826557840475,0.005722225841353473,3232049300.0,2734107210.0,61176785.0,0.33133483559163823,294.23795375085035,209.65572438241446,-0.0022981966863325582,0.40020854629796265,1,0.011331023633310622
2019-12-26,295.1244201660156,295.13356776697475,293.9364033804754,293.9455230924072,30911200,282.350224609375,267.82694862365724,291.033110106942,287.60351414389197,283.1904908932698,0.0053231838764684625,0.00530906581304652,91.17672403316931,3.4295959630500192,2.9912399951033883,0.4383559679466309,0.07542693016031823,0.5855516905940569,296.1861069482297,280.1542525488406,0.05563328729356697,1.735105682100102,1.6836212994948718,0.00570478477703671,3262960500.0,2767572055.0,60843895.0,0.508041110780301,295.13356776697475,214.31950984244187,-3.099478323776192e-05,0.37703011911037826,0,-0.0016409467132310063
2019-12-27,295.05126953125,295.91030727604016,294.52123861313635,295.8554774530982,42528800,282.8239715576172,268.0413645172119,291.65128847991247,288.1551997281407,283.6556194673082,-0.00024786371363128,-0.0002478944369184445,88.56119073869901,3.496088751771765,3.0922097464370637,0.40387900533470145,0.0749503754094552,0.5860290727597162,297.1325583375598,280.023288830409,0.059288213369417656,1.5134125844581918,1.5691309497162942,0.005318163694767975,3220431700.0,2796688230.0,60748105.0,0.7000843894636714,295.91030727604016,218.54382721026855,-0.0029030342089057526,0.3500782579750972,0,0.0024161584735173935
2019-12-30,293.42462158203125,295.2706521393171,292.94027282858093,295.1335775655158,49729100,283.24918090820313,268.2414182281494,291.9241089571615,288.5455272728733,284.0387175894542,-0.005513102695009597,-0.005528355933284015,83.20896564506587,3.3785816842881786,3.149484134007287,0.2290975502808914,0.0768359507324006,0.6047751632327809,297.67151675708755,280.243546719475,0.060313257566851304,1.0252691123714286,1.6459457669543187,0.005609433039667974,3170702600.0,2825147585.0,61404925.0,0.8098552355531743,295.91030727604016,218.54382721026855,-0.00840013217819457,0.34263513789258077,0,0.005139086700298945
2019-12-31,294.1374816894531,294.38424384860156,292.5747755339869,292.9220497660977,57077300,283.7124725341797,268.4404421234131,292.26462783905254,288.95974611854587,284.4347475541601,0.002429448843039861,0.0024265025032224356,86.30747522026432,3.304881720506671,3.1805636513071645,0.12431806919950672,0.0675467292165959,0.5354467857755475,298.08939993142604,280.8989698195505,0.05938091681969084,1.0804376115468406,1.6621691711152582,0.005650994091498196,3227779900.0,2860249195.0,60470400.0,0.9438882494575859,295.91030727604016,218.54382721026855,-0.005991091026556404,0.34589700127495854,0,0.008046649734906541
2020-01-02,296.8880920410156,296.90638723763493,294.7496457130046,295.67266069366184,59151200,284.19403686523435,268.65290367126465,292.9759300239699,289.5470310016917,284.92311400462506,0.009351444554987154,0.009307990492790318,88.15902481334717,3.4288990222781877,3.230230725501369,0.19866829677681874,0.06448796749828864,0.5148878916974248,298.5973136973509,281.9294990467898,0.057423065686742845,1.5898150552405943,1.7781018181071684,0.005989131480091564,3286931100.0,2902005450.0,59730875.0,0.990295220018123,296.90638723763493,218.54382721026855,-6.161941071568452e-05,0.35848308245910493,0,0.005479301951013982
2020-01-03,294.64013671875,295.76420421374337,293.4429720669676,293.4978019068177,77709700,284.6484661865234,268.85795402526855,293.23196182316684,289.9242980918442,285.30417371890445,-0.00757172612350876,-0.007600537166776667,72.07850653681533,3.3076637313226342,3.245717326665622,0.06194640465701218,0.07254540026257095,0.58327952258674,298.6906057893317,282.9761544645745,0.05403248869815975,0.9689823747980574,1.7760480225499617,0.006027855004171736,3209221400.0,2937422220.0,61162360.0,1.2705477682679347,296.90638723763493,221.6828869633961,-0.007632878968922592,0.3291063679056132,1,0.010235253710912495
2020-01-06,295.76416015625,295.8464049037738,292.76664728278183,292.8854545477704,55653900,285.10955322265625,269.054301071167,293.6215307974873,290.3568804669854,285.71436926546704,0.003814902647065077,0.003807644359877845,73.83860262220685,3.2646503305019223,3.2495039274328823,0.015146403069040026,0.07282924083825437,0.589972972941664,298.8348824782061,284.0333059983564,0.05078876072662827,1.1701634410884183,1.8238933771636465,0.006166715318719135,3264875300.0,2973586235.0,61909605.0,0.8989542091247392,296.90638723763493,225.7368234968738,-0.0038470950120407035,0.31021671863095923,1,0.013317099343761685
2020-01-07,294.93255615234375,295.67278681667864,294.4847419794395,295.19755772617054,40496400,285.54509521484374,269.271173248291,293.82322700592675,290.6958194066416,286.0758667904426,-0.0028117132362045494,-0.00281567352707605,65.71232153921267,3.1274075992851635,3.2250846618033386,-0.0976770625181751,0.06977558828799306,0.5696268745893657,299.0129003828302,284.7143762284979,0.04899042661613675,0.8585271634181428,1.72690573547093,0.005855256394885475,3224378900.0,3005279080.0,61488075.0,0.6586057540425522,296.90638723763493,227.80860912598874,-0.00664799132027896,0.2946506160758497,1,0.01462498771257259
2020-01-08,296.5043029785156,297.71973440629677,294.8776200458571,295.12435421537083,68296000,285.9897015380859,269.496849899292,294.2357002324789,291.12607744900265,286.48482507232785,0.005329173715769908,0.005315023918413513,69.05992429450859,3.1096227834762544,3.201992286137922,-0.09236950266166755,0.06879017527672643,0.565859573650314,299.17506697564846,285.6584962567734,0.04622364914957311,1.2096326638197048,1.879897805206976,0.0063402041262894965,3292674900.0,3042128650.0,63160950.0,1.0813010253962299,297.71973440629677,229.15395132370935,-0.004082468467214361,0.2939087511507286,1,0.011527346080678624
2020-01-09,298.51483154296875,298.58795656529105,297.4821567426061,298.0670453650865,48473300,286.44359802246095,269.72321006774905,294.8940281264004,291.6733925670742,286.95659003196084,0.0067807736490044235,0.006757887601852645,72.59470933172808,3.22063555932624,3.205720940775586,0.014914618550654346,0.0698826157601109,0.5792464054057839,299.4436916600655,286.72905309091107,0.04338188250139806,1.7077824544512288,1.9819611655589224,0.006639406006443722,3341148200.0,3084034375.0,62952125.0,0.7700026011830419,298.58795656529105,229.15395132370935,-0.0002449027856430354,0.30268245351474765,1,0.013072119932928006
2020-01-10,297.6558532714844,299.2551218137174,297.1897996894312,299.0997799160431,53029300,286.881953125,269.9518968200684,295.3189243025672,292.1165378044379,287.3761689825304,-0.002877506176307776,-0.002881654156341579,67.04116709985746,3.2023864981293286,3.2050540522463344,-0.0026675541170058104,0.07221235664189225,0.6031353391246407,299.38132603589156,287.9637575822725,0.03887856993127298,1.395502545813682,2.034645688112294,0.006835564178395461,3288118900.0,3120617180.0,62932135.0,0.8426426340056634,299.2551218137174,229.9701558557848,-0.005344164312176854,0.2943238315590199,1,0.01915838757577082
2020-01-13,299.702880859375,299.7120005705417,297.8477308070792,298.2772496807154,47086800,287.34433410644533,270.18604431152346,295.9933791574607,292.67848914184066,287.859569448289,0.006877162217346244,0.006853622400398724,68.45648354762763,3.314890015620051,3.227021244921078,0.08786877069897336,0.07034212927989351,0.5920663927725982,299.9859699876139,288.4897136061361,0.03907130473521537,1.9015021513972228,2.0091821831851138,0.0067039134806577035,3335205700.0,3154734845.0,60466995.0,0.7787190350702892,299.7120005705417,229.9701558557848,-3.042824828283054e-05,0.3032251065104285,1,0.010214889746762434
2020-01-14,299.2459411621094,300.3151505804677,298.6884674529028,299.264208473107,62832800,287.8123077392578,270.4099345397949,296.49377331202203,293.16496706926796,288.30609382922313,-0.001524642325610559,-0.001525805775434682,65.91754547626361,3.3288062427540694,3.247378244487676,0.08142799826639324,0.071274401688115,0.6045901407354269,300.2814248498117,289.2618856970633,0.03738330655478525,1.6241281327747132,2.0653187382636133,0.006901743529897289,3272372900.0,3181635675.0,59533440.0,1.055420281441825,300.3151505804677,231.22576641958676,-0.0035602913016265217,0.2941721236165864,1,0.011879733921862368
2020-01-15,299.9222106933594,300.6807085322573,299.07232051640693,299.1545652539482,72056600,288.24269897460937,270.6221170043945,297.02122521684316,293.66550363401547,288.7616278238952,0.0022599121265396427,0.0022573623658972176,67.1431861551622,3.355721582827698,3.2690469121556807,0.0866746706720174,0.06878331790300814,0.5880094267253884,300.83213299045497,289.6481709646232,0.03788089780783815,1.674561735217448,2.139732630620622,0.007134292007497523,3344429500.0,3208001850.0,58998785.0,1.2213234560677817,300.6807085322573,233.15405813629934,-0.002522602273356575,0.28636924911694267,1,0.0107560645760707
2020-01-16,302.41705322265625,302.41705322265625,301.07366684721774,301.3021337281493,54050300,288.70061645507815,270.84614364624025,297.8513526023529,294.3137665665074,289.297134702278,0.00831829867994549,0.008283892303479916,68.71519755648667,3.537586035845493,3.322754736893643,0.21483129895184971,0.07253684467554959,0.6246873252860966,301.8423789138782,289.8180428390515,0.04064607208033905,2.1911704074173444,2.205662046539836,0.007293444675277307,3398479800.0,3234015655.0,58646415.0,0.9216300774736188,302.41705322265625,233.15405813629934,0.0,0.29706965274379443,0,-0.006496930956460201
2020-01-17,303.35845947265625,303.5686312399201,302.3531992084545,303.12999249847564,95846000,289.18354553222656,271.0728500366211,298.6985998131688,294.98374381881473,289.8485592030772,0.0031129403582506043,0.003108105191205954,70.40934146677944,3.7148559943540818,3.401174988385731,0.3136810059683506,0.07226260392942932,0.6269851867285757,302.84522486939363,290.08764256224697,0.04303213064375281,2.160919079726939,2.1932594300085344,0.00722992671383284,3494325800.0,3262415110.0,61032065.0,1.5704204011448737,303.5686312399201,233.78187434995297,-0.0006923369071612824,0.2976132572987786,-1,-0.025456191621103685
2020-01-21,302.7643127441406,303.5685206625626,302.32567416247394,302.39877129641013,77742400,289.65331787109375,271.29316314697263,299.3240941102414,295.56008225772774,290.35505934194236,-0.001958563244118694,-0.001960483737123677,74.17237059725801,3.7640118525136472,3.4737423612113143,0.2902694913023329,0.07329256902534885,0.6405942866915065,303.589462578404,290.4373043893695,0.04428136548852856,1.7490450391022938,2.1155785149622823,0.0069875425402270265,3416583400.0,3282661920.0,60653660.0,1.2817429319187004,303.5686312399201,233.78187434995297,-0.0026495441656610966,0.295071799667952,-1,-0.013310982049053455
2020-01-22,302.8009033203125,304.27224473675494,302.6455614379162,303.62337862619233,48914900,290.1041784667969,271.5073977661133,299.8589878348677,296.09643937347477,290.8431316548196,0.0001208549839981643,0.00012084768162293208,73.23546407413531,3.762548461392953,3.5315035812476423,0.23104488014531066,0.07290005533994615,0.6418356404476426,304.28719420212695,290.7091864131074,0.04564063994802703,1.5621475826288609,2.1025224424068614,0.006943580482594353,3465498300.0,3297997370.0,55742300.0,0.8775185092828964,304.27224473675494,233.78187434995297,-0.004835608379973638,0.29522831554957724,-1,-0.014245458155365043
2020-01-23,303.148193359375,303.5594449783584,301.03716121185505,302.15208091700214,51963000,290.54816345214846,271.7223779296875,300.3650194540227,296.6187915205785,291.32568309421396,0.0011469253732545592,0.0011462681568194552,69.27448316298054,3.7462279334441746,3.574448451686949,0.17177948175722557,0.07292026745775863,0.6464269240154089,304.9467908534531,291.0091509190079,0.04677406149519242,1.4838157667950966,2.084906600858399,0.006877516167107062,3517461300.0,3313281470.0,55690950.0,0.9330600393780318,304.27224473675494,234.7953014949871,-0.0036942290886650855,0.2911169492284208,-1,-0.012178916722705657
2020-01-24,300.4522705078125,303.8884219479204,299.16371371777205,303.80617720247466,87578400,290.94895812988284,271.93054489135744,300.37844269306726,296.9027529270403,291.68358848298254,-0.00889308566113256,-0.008932865164723138,67.41482416195754,3.47568976602696,3.554696714554951,-0.07900694852799095,0.08183442994329097,0.7295800629600697,305.0491329198982,291.59586219728925,0.04509640014651128,0.633235736498284,2.176305762008423,0.007243432570271869,3429882900.0,3323173150.0,59056370.0,1.4829628031658566,304.27224473675494,234.7953014949871,-0.012554461654060304,0.2796349356003923,-1,-0.021413030892148632
2020-01-27,295.6361083984375,297.11656914672125,294.86846311743926,295.2065895983411,84062500,291.2416101074219,272.11021743774415,299.64885280158575,296.80892740640303,291.8385892639808,-0.016029707817600825,-0.016159573257182716,49.68583125934045,2.8399253951827177,3.4117424506805047,-0.571817055497787,0.10045529368909609,0.8980428222231948,305.02722636967985,291.6689375707498,0.044774173544925515,-0.812072148397472,2.35516645982137,0.007966437092478712,3345820400.0,3327316145.0,61713935.0,1.3621315834098084,304.27224473675494,234.7953014949871,-0.02838292511953927,0.25912276146952357,0,0.0019169222218873294
2020-01-28,298.7342224121094,299.61152758511525,295.72758990467884,297.0618289224419,63834000,291.5944049072266,272.3057403564453,299.508140433974,296.9515418512701,292.10900625018195,0.010479484493472135,0.010424955323402086,58.39369433592565,2.5565985827038844,3.2407136770851808,-0.6841150943812964,0.10696081355485938,0.9587372347225199,305.02925779569455,292.03520143282105,0.043526477458274745,0.06218005898959315,2.5477379605261734,0.008528443577554104,3409654400.0,3336777280.0,62779195.0,1.0168018242349237,304.27224473675494,235.4142104107552,-0.01820087904973672,0.26897276885228044,0,0.00663801319103241
2020-01-29,298.48736572265625,300.3242481211235,298.28631377909755,300.0957812711259,53888900,291.9340789794922,272.49124588012694,299.35109817069434,297.0653065824839,292.3591379942006,-0.0008263421828939022,-0.0008266837917990475,54.65047541755588,2.2857915882104294,3.0497292593102303,-0.7639376710998009,0.10465255920881637,0.9406204660993248,304.82273843832763,292.7479952042505,0.040412766403313594,-0.09871881919380004,2.4902965306394793,0.00834305507239919,3355765500.0,3346030425.0,62987185.0,0.8555533955041807,304.27224473675494,237.0016686699602,-0.01901218107850604,0.2594314942917924,1,0.019105017015931258
2020-01-30,299.4561767578125,299.6663763797536,295.6727787860852,296.42212914324796,75491800,292.2523895263672,272.682451171875,299.36726410717404,297.2424080769527,292.63745323983244,0.0032457354863604237,0.0032404794569865537,52.32094432923911,2.1248560302213377,2.864754613492452,-0.7398985832711142,0.10485314529734927,0.9451637950810795,304.68147480026033,293.4211283491538,0.03765356108404554,0.1438233484980692,2.6267211025604076,0.00877163774345783,3431257300.0,3356204295.0,63907910.0,1.1812590960962421,304.27224473675494,239.7102773173702,-0.01582815410294529,0.24924212724238043,1,0.019225932425519066
2020-01-31,294.0186767578125,298.9901194730198,293.1048090217675,298.8347496867189,113845600,292.4577655029297,272.8456132507324,298.5444045149645,297.0036131644238,292.6916188679885,-0.018157915655209966,-0.01832479379854543,42.68405719526163,1.540791350540701,2.5999619609021023,-1.0591706103614014,0.11989486200713867,1.08334600462421,304.90442106920915,292.91124055188465,0.04012333997675021,-1.6306446964727137,2.932867217686038,0.009975105153275293,3317411700.0,3357728325.0,66642630.0,1.7082999275388742,304.27224473675494,240.21250411634384,-0.03369866347097629,0.22399405409557005,1,0.03254285371466681
2020-02-03,296.20281982421875,298.067117900778,295.3803444015998,295.49915167501734,69083000,292.7084613037109,273.0228938293457,298.18416071638825,296.94429513922347,292.8293130231348,0.007428586137762094,0.007401130081038497,42.99847625745389,1.2398655771647782,2.3279426841546376,-1.0880771069898594,0.11991423230522819,1.0849403903094608,304.7859190966632,293.1860108349774,0.03879750095631359,-0.9597128107761012,3.0751739208223348,0.010381987324250639,3386494700.0,3366591990.0,66211295.0,1.0433718295345227,304.27224473675494,240.21250411634384,-0.026520410757535768,0.23308659935852766,1,0.03258014084933669
2020-02-04,300.71722412109375,301.58540936360026,299.4926450715204,299.81250426028714,62573200,293.07054260253904,273.2201791381836,298.57386277865066,297.2237713601027,293.1386428701136,0.015240922755408226,0.015125946648371212,52.53211427418957,1.3500914185479473,2.1323724310333,-0.7822810124853525,0.1307372619168585,1.182217244338792,304.8751570082394,293.59207931988556,0.03770658443252725,0.5259578981846991,3.343452950237808,0.011118262214642736,3449067900.0,3375801620.0,66557260.0,0.9401408651738368,304.27224473675494,240.21250411634384,-0.011683683533924903,0.2518799769700799,1,0.01884187604057752
2020-02-05,304.1899719238281,304.4001715229161,302.18862743263116,303.6507933581962,65951100,293.5111730957031,273.433702545166,299.4378795702164,297.73978621667493,293.57202832320047,0.011548217142813177,0.011482045439424266,56.700005557546476,1.6980933535414806,2.045516615534936,-0.3474232619934554,0.13524298701699214,1.2220520188497792,305.3711673964679,294.0218105088056,0.037869502333262105,1.5836960680979113,3.491635763521519,0.011478470974696876,3515019000.0,3390333625.0,67829995.0,0.9722999389871693,304.4001715229161,240.21250411634384,-0.0006905370586236114,0.2663369587808702,1,0.013699553668214515
2020-02-06,305.2135009765625,305.4054053572776,304.1351160486289,305.1495235533158,50359700,293.95972229003905,273.64058731079103,300.3264367096543,298.29339471740735,294.02855666254806,0.0033647692139919805,0.0033591210443722,54.60280847968785,2.033041992246922,2.043021690877333,-0.00997969863041126,0.1346995890481948,1.2162220983585432,306.1040638307128,294.1598338743653,0.03979659613717413,1.7017596415652514,3.4041676763323614,0.01115339808180297,3565378700.0,3403968815.0,66933180.0,0.7523876797725731,305.4054053572776,240.21250411634384,-0.0006283594767766933,0.2705978903943163,0,0.00922206015336502
2020-02-07,303.5868835449219,305.22268676878366,303.0385573065691,304.1534770985751,64139400,294.33190673828125,273.8422671508789,300.82804391508006,298.685505000927,294.4033930108764,-0.005329441281057612,-0.005343693413062002,50.3676806498295,2.1425389141530786,2.0629251355324825,0.07961377862059615,0.13524036640430873,1.2205172823787638,306.4976527709396,294.2734501343338,0.040695042013474673,1.0475389475796542,3.4733603499572894,0.01144107515252165,3501239300.0,3411973370.0,67716485.0,0.9471755658906394,305.4054053572776,240.21250411634384,-0.005954451952899477,0.2638263135456241,1,0.01625523286993724
2020-02-10,305.8531494140625,305.91712682849703,302.6637609595158,302.70032346619564,42070000,294.73650451660154,274.0560887145996,301.6011370687697,299.2164416241222,294.85240306590333,0.007464966347287216,0.007437241377820608,54.71794857452368,2.384695444647491,2.1272791973554845,0.2574162472920065,0.1364097023664564,1.2304256523691337,307.2277860301633,294.3630464893679,0.04276906776293923,1.572587812348847,3.616968876306759,0.011825834990536993,3543309300.0,3424732890.0,67168520.0,0.6263350748237418,305.91712682849703,242.18568525636323,-0.00020913315674018923,0.2628869831439654,0,0.00612540405316353
2020-02-11,306.38330078125,307.9916890041701,305.85324188570775,307.20577615157714,54864500,295.12624267578127,274.2664350891113,302.3368545629974,299.7473200802057,295.30459513317186,0.001733352650457043,0.0017318521284572447,55.390546934697,2.5895344827916915,2.219730254442726,0.3698042283489653,0.13488102952462908,1.2160652527510134,308.00169235815775,294.257182153561,0.04564319692504355,1.5290071295823942,3.653530039968818,0.011924703567892386,3598173800.0,3437881295.0,67557405.0,0.8121167472314841,307.9916890041701,244.25753401047314,-0.005222180598835318,0.2543453450574551,0,0.009186749868121735
2020-02-12,308.35723876953125,308.5674104828042,307.4524908196525,307.81803230663076,43992700,295.57673828125,274.4845790100098,303.26306751784875,300.3850918349706,295.8164635110683,0.006442707494983768,0.006422041968852022,57.47241567101583,2.877975682878173,2.3513793401298155,0.5265963427483573,0.1357576676215997,1.2234165136000128,309.1086525434657,294.0613517289952,0.04989406206504076,1.8002528732562757,3.6293747496153066,0.011770032589790867,3642166500.0,3456370975.0,66615400.0,0.6603983463283265,308.5674104828042,244.32929555495048,-0.0006811209030275741,0.2620559399934122,0,-0.0013929782022416015
2020-02-13,308.0281982421875,308.99689562686603,306.6573968990736,306.9315460120865,54501900,296.0692138671875,274.70040252685544,303.99616455236236,300.9512478651348,296.29535506915147,-0.0010670757354578342,-0.0010676454661036616,61.65947757604905,3.0449166872275555,2.4900868095493633,0.5548298776781921,0.13603562771260608,1.2251836924977086,309.99477128287793,293.98583174446577,0.053011435990395206,1.5086312775482853,3.4590026423041706,0.011229499968001391,3587664600.0,3468532730.0,65737665.0,0.8290817752653673,308.99689562686603,244.32929555495048,-0.0031349744880553765,0.26070923072305474,-1,-0.010620928307297328
2020-02-14,308.5217590332031,308.64056630335443,307.24234975663256,308.43951428210545,64582200,296.60957580566406,274.92864822387696,304.69240985710707,301.5120264701769,296.77482189127113,0.0016023234036111056,0.0016010410531102858,72.87473738613745,3.1803833869301457,2.62814612502552,0.5522372619046259,0.13355163237784834,1.2022514304790581,310.81738792526687,293.7736856831316,0.05638092583938714,1.4612370338529532,3.1600318677576444,0.010242492709947117,3652246800.0,3481221080.0,66264260.0,0.9746158789066686,308.99689562686603,244.32929555495048,-0.0015376743274361838,0.2627292946285909,-1,-0.044964504674300465
2020-02-18,307.72662353515625,308.58566124480814,306.33752704004746,307.52557156291806,57226200,297.0992950439453,275.1557559204102,305.15921196142233,301.97236699350873,297.2043043086784,-0.0025772428516501744,-0.00258056965923172,67.38488369486082,3.1868449679136006,2.739885893603136,0.44695907431046455,0.13390343962333898,1.2049446577251293,311.36793134274353,293.65995867190486,0.058536054165734215,1.1774760721737003,3.0366543690492813,0.009868026153097405,3595020600.0,3486255820.0,64333270.0,0.8895273005709177,308.99689562686603,244.32929555495048,-0.004110954218917854,0.25947493458044,-1,-0.07151126593257595
2020-02-19,309.1979675292969,309.8742206443196,308.41205476200304,308.6953514933789,48814700,297.6082568359375,275.3773832702637,305.7805589718646,302.50759666282636,297.67464404282026,0.004781334735479925,0.004769940460015605,69.77060431977269,3.2729623090382347,2.846501176690156,0.4264611323480789,0.13423276620679142,1.2071366574155118,312.18173280650586,293.4895226866582,0.06172394661400159,1.3614954551784584,3.0444874238448114,0.009846401799379042,3643835300.0,3497618415.0,62886885.0,0.7762302107983247,309.8742206443196,244.32929555495048,-0.0021823471265748308,0.2654969058336159,-1,-0.07932836014611033
2020-02-20,307.9277038574219,309.4721423570291,304.9393389090685,308.64963919276863,74163400,298.0399774169922,275.59810958862306,306.11088895425803,302.90908608464827,298.07672481986344,-0.004108253628008263,-0.0041167156860833784,65.46540222469584,3.2018028696097645,2.9175615152740777,0.28424135433568676,0.1354697754531767,1.2167497107836445,312.711299276125,293.47263627075,0.06347467122505851,1.005420404032844,3.0830021277228234,0.01001209728485596,3569671900.0,3502827095.0,64149310.0,1.1561059659098438,309.8742206443196,244.32929555495048,-0.006281635119082721,0.2602979235789918,-1,-0.11704990250416869
2020-02-21,304.75665283203125,306.885952596677,303.934149476926,306.57524088234,113788200,298.42628173828126,275.8250057983398,305.90254493545393,303.0459428807507,298.33868278112493,-0.01029803744731883,-0.010351429104109867,71.37149479351412,2.8566020547032167,2.9053696231599058,-0.04876756845668906,0.1411375076027966,1.2659451503374948,312.820553551049,293.52422794309166,0.06364803061521458,0.328406996610632,2.9145868880407426,0.009563653035811288,3455883700.0,3499748215.0,67240570.0,1.692255137040034,309.8742206443196,244.32929555495048,-0.016514984052714815,0.2473193283671972,-1,-0.11161118680395654
2020-02-24,294.64923095703125,304.82970245486194,293.5708458942109,295.307216805096,161088400,298.61680603027344,276.003166809082,304.1712658618505,302.4239642197345,298.19399839586634,-0.033165549565773667,-0.03372799732239254,47.649316515735556,1.7473016421159855,2.673756026951122,-0.9264543848351363,0.18238318781586133,1.6313314771216874,313.20059136526015,292.5638861738023,0.06813441843039435,-1.595798890282556,3.429616560732569,0.011639658958528592,3294795300.0,3492993835.0,70916070.0,2.27153591562533,309.8742206443196,244.32929555495048,-0.04913280509631018,0.20595129735788745,-1,-0.041343684237891254
2020-02-25,285.720703125,296.65055194836293,284.84339802698764,296.0382762665826,218913200,298.61257080078127,276.14060363769534,301.33271774848885,301.18668562012454,297.70484956171475,-0.03030222683097139,-0.030770830086536208,29.983070952100093,0.14603212836431112,2.1682112472337596,-2.0221791188694485,0.20384816572534448,1.8167362268655989,314.89180242983616,289.88113458188263,0.08271093601355674,-2.6653851035901335,3.888514016589267,0.013609493376082308,3075882100.0,3479496920.0,77658605.0,2.818917491500137,309.8742206443196,244.32929555495048,-0.0779461985224113,0.16940828759824447,-1,-0.039692834047672765
2020-02-26,284.6697998046875,290.7104521537765,283.93871677139504,287.1189586441504,194773800,298.5380291748047,276.2663000488281,298.7691919109809,299.9632125967588,297.19367113987056,-0.0036780790079909975,-0.0036848597724834435,22.144084618553677,-1.1940206857779003,1.4957648606314278,-2.689785546409328,0.19883100071946316,1.7655569690519899,316.4336057139511,286.93288903702546,0.09778705623719228,-2.3068521019085932,4.109141729486347,0.014434765234336896,2881108300.0,3453069615.0,84205595.0,2.3130743271869285,309.8742206443196,244.32929555495048,-0.08133758525386435,0.16510711152385862,0,0.004365859567798669
2020-02-27,271.8847961425781,284.7246265399028,271.8847961425781,279.1500278323521,284353500,298.20433166503904,276.3606816101074,294.63313102353436,297.8833298964491,296.20116623801596,-0.04491169653711491,-0.045951478416930175,14.391819588566676,-3.250198872914723,0.5465721139221976,-3.7967709868369206,0.24952022276834301,2.2036484918923747,320.2254550699857,280.48078272298307,0.132326484549343,-2.8651208899134963,4.9355375215346315,0.01815304714187256,2596754800.0,3415119080.0,95728825.0,2.970406249110443,309.8742206443196,244.32929555495048,-0.12259627284499598,0.1127801744978646,1,0.01663800502877888
2020-02-28,270.7424011230469,272.2320096468705,260.9457401669116,263.83356488451,384975800,297.8081341552734,276.43791015625,290.95763411576706,295.8728907280489,295.2027832923309,-0.004201761318540886,-0.004210613522898396,14.542285770763996,-4.915256612281837,-0.5457936313186094,-4.3694629809632275,0.2478339401388076,2.1761807887479554,322.805711077828,275.02914915166417,0.15983197068107982,-2.358899665730101,5.58569037994494,0.020631014413609924,2211779000.0,3354145165.0,111203025.0,3.4619184145395328,309.8742206443196,244.32929555495048,-0.12628291388649945,0.10810453780462033,0,0.004050864283196676
2020-03-02,282.46734619140625,282.53132361972916,269.0974581232793,272.5244617816566,238703600,297.64516357421877,276.56628707885744,289.6514359735577,294.8798874290383,294.70335438641223,0.0433066450608548,0.042395135742905946,29.03509098310782,-5.228451455480638,-1.482325196151015,-3.746126259329623,0.2956729943959292,2.576940662796305,323.26300083827124,273.41672633458035,0.16707882716199934,-1.273717448438041,6.312868924764127,0.022349021966193518,2450482600.0,3310798710.0,117445925.0,2.0324553619037866,309.8742206443196,244.32929555495048,-0.08844515815457775,0.1560928277136476,-1,-0.11278277939776726
2020-03-03,274.379638671875,286.8082453931347,271.9396274475978,282.84206278668677,300139100,297.3200762939453,276.64233459472655,287.30192869637574,293.3613504840633,293.9063459270186,-0.02863236274415537,-0.02905026519490991,24.73311494874322,-6.0594217876875405,-2.3977445144583203,-3.66167727322922,0.30813150382433013,2.6647687815622088,324.37894021516496,270.1184688424523,0.1825423308697848,-1.6858729956959788,7.222160235866222,0.026321779089821806,2150343500.0,3248991150.0,128998730.0,2.326682596022457,309.8742206443196,244.32929555495048,-0.11454512704748704,0.12299115850463417,-1,-0.03936826149899586
2020-03-04,285.9126281738281,286.1319753809504,277.20347032348707,279.753168952443,176613400,297.20182250976563,276.7844242858887,287.08819015444533,292.8095932758977,293.59286679944256,0.0420329640995889,0.04117357824305949,34.60384036803492,-5.721403121452397,-3.062476235857136,-2.6589268855952612,0.3426478581369965,2.9369133372148575,324.0450655680707,268.9718838948199,0.18573898005152092,-0.769583033695982,7.905605022117738,0.027650422692457353,2326956900.0,3192885600.0,134700740.0,1.3111538956653097,309.8742206443196,244.32929555495048,-0.07732683416086791,0.17019380555421532,-1,-0.12305821939557793
2020-03-05,276.4084167480469,281.9007705498337,274.1694576163429,278.7113812011502,186366800,296.8678955078125,276.88750602722166,285.4451480919225,291.5946913108717,292.91896679742706,-0.03324166367357129,-0.033806725489313814,30.735024567507367,-6.149543218949248,-3.6798896324755583,-2.4696535864736893,0.35529136382024956,3.017477946483673,323.8034083166375,266.435385628675,0.1943891973094463,-1.3046278638591384,8.577295867095794,0.031031239815371512,2140590100.0,3124164155.0,140721525.0,1.3243659774153242,309.8742206443196,244.32929555495048,-0.10799802522032165,0.13129461663708558,-1,-0.179693212728534
2020-03-06,271.8391418457031,273.04545418535724,265.2318946775306,267.9003733681207,228667200,296.4336267089844,276.95621055603027,283.3519163617349,290.1313172764148,292.0923069953987,-0.016530881932255936,-0.016669041678811728,28.70784936553069,-6.779400914679911,-4.299791888916429,-2.479609025763482,0.3564380793082154,3.000295897325393,323.5122171564622,263.3891408757643,0.2048830709210816,-1.4378197860717632,9.275746261652538,0.03412218784488911,1911922900.0,3041491365.0,149636900.0,1.5281471348310476,309.8742206443196,244.32929555495048,-0.12274360454874363,0.11259331889886119,-1,-0.09460131067484323
2020-03-09,250.60989379882812,259.71200626207275,249.89707826656843,251.5877108251812,309417300,295.57458984375,276.92273231506346,278.31468212128766,287.2038044262232,290.4655456935724,-0.07809489061337904,-0.08131297895775728,23.20357682520111,-8.88912230493554,-5.217657972120252,-3.6714643328152885,0.4397361494185095,3.657844830707504,325.9999709918047,255.6036880658125,0.24207647881740132,-2.283753292482821,10.682455502679252,0.042625833085641746,1602505600.0,2946554680.0,161900795.0,1.9111536790168324,309.8742206443196,246.00905456795837,-0.19125284679139662,0.018701910134770267,-1,-0.12536901857468075
2020-03-10,263.5777893066406,263.6691537844827,249.94286810623316,260.123369795359,276444100,294.9436572265625,276.9698133087158,276.0474678421112,285.45372923218,289.411123874477,0.051745345370211915,0.050451017873957546,30.681177303153447,-9.406261390068835,-6.055378655709969,-3.3508827343588656,0.48745807762054333,4.003090963794291,325.1357583064991,252.24036474037592,0.2525057433322544,-1.3778797801615028,11.509504686185409,0.04366644365772225,1878949700.0,2863336700.0,173619500.0,1.592241078911067,309.8742206443196,246.00905456795837,-0.14940394603144172,0.07141499230398858,-1,-0.12350072369573539
2020-03-11,250.72872924804688,257.6558620446888,247.54848749515548,256.5226750190865,255316300,294.0572064208984,276.949765625,272.1522772891782,282.8815070111331,287.89416722246017,-0.048748644915772577,-0.04997694527718785,27.941112778670146,-10.729229721954937,-6.990148868958963,-3.739080852995974,0.5080223233101745,4.116737990563857,325.06218944532554,246.7484764482291,0.27391483813866085,-1.7967021279268398,12.330683140722877,0.04917937875609016,1623633400.0,2764609680.0,183642090.0,1.3902929333901612,309.8742206443196,246.00905456795837,-0.19086935103311234,0.019184963286726194,-1,-0.12523705619325698
2020-03-12,226.7397003173828,243.69194779831977,226.3467299817304,233.95011542645673,392220700,292.7235079956055,276.821619720459,265.165726985825,278.72285466344795,285.4959528340258,-0.09567722455503547,-0.10056892983466159,24.075339989581295,-13.55712767762293,-8.303544630691757,-5.253583046931173,0.5885122678047123,4.693586809071341,327.5844594326643,236.06445261567558,0.324741181471986,-2.407550332225467,13.787000632567205,0.06080541084454382,1231412700.0,2644071990.0,201053490.0,1.950827613089432,309.8742206443196,226.3467299817304,-0.2682847258286788,0.001736143198022521,-1,-0.03063155144080809
2020-03-13,246.122802734375,248.09675988860485,227.1143558727971,240.429398147559,329566100,291.7632144165039,276.79885696411134,262.2360463317558,276.3080360020352,283.9519077320787,0.08548614287599543,0.08202794459465905,34.8112169622281,-14.071989670279379,-9.457233638609281,-4.6147560316700975,0.6868646781177764,5.376239544181606,325.3920377498184,232.06633474774011,0.3348257290816348,-1.3975306893656347,14.50830084760799,0.05894740628021327,1560978800.0,2542737700.0,214806700.0,1.5342449746679223,309.8742206443196,226.3467299817304,-0.20573320935632103,0.08737070225949735,-1,-0.14545728232480493
2020-03-16,219.19117736816406,234.7726107780124,216.91564173418007,220.40660915986865,297240000,290.2092761230469,276.63801330566406,255.61375879889553,272.0771575847114,281.41227124721934,-0.10942352787716525,-0.11588630445064389,31.285372044784154,-16.463398785815883,-10.858466668050601,-5.604932117765282,0.7695207405917699,5.898522277078797,325.7682676740421,222.7570466570126,0.3755933165733843,-2.1384652759768996,15.751158496095107,0.07186036721559601,1263738800.0,2423312300.0,226439590.0,1.3126679835447503,309.8742206443196,216.91564173418007,-0.29264468366422625,0.01049041745349353,-1,-0.06499496377040359
2020-03-17,231.02574157714844,234.10548499816915,216.65060754197967,223.93411978479276,262070500,288.93698822021486,276.5532778930664,251.83098691862673,269.0363119545216,279.43632890721653,0.05399197335897554,0.052584834681231596,35.773150427446865,-17.205325035894845,-12.12783834161945,-5.077486694275395,0.8076774227820108,6.057342096498657,322.85575968767404,217.9994664475799,0.3877425535456407,-1.5030808460396445,16.51424007279568,0.07148225111218152,1525809300.0,2319851735.0,236681805.0,1.1072693145972923,309.8742206443196,216.65060754197967,-0.2544531742692955,0.06635169039340612,-1,-0.03251675324128922
2020-03-18,219.3282012939453,226.97726785182797,208.3800724838191,215.90119814872742,327597100,287.40826904296875,276.41320739746095,246.83055836098345,265.35422968336775,277.0791474321863,-0.05063306020942637,-0.05195989568465245,35.980690153930595,-18.523671322384303,-13.40700493777242,-5.116666384611882,0.8154269242491256,5.984876393837214,319.7575317260719,212.1107177856469,0.40478751660491125,-1.7318087458111073,17.2146571225103,0.07848811516690955,1198212200.0,2197570580.0,250620925.0,1.3071418517827273,309.8742206443196,208.3800724838191,-0.2922024915854649,0.0525392312212404,1,0.03433850523306381
2020-03-19,219.7943115234375,226.0725919909202,212.21835456333,218.64284326233184,289322000,285.90550415039064,276.2486227416992,242.67113577059175,261.9794209307803,274.83268327890204,0.0021251723524031707,0.0021229173678947947,36.36054366746618,-19.308285160188547,-14.587260982255646,-4.7210241779329,0.8169065497851403,5.870327808052502,315.30595376196436,207.74895651635595,0.41126464977979754,-1.552038256288327,17.398083404483966,0.07915620419789046,1487534200.0,2093463695.0,261378855.0,1.106906677665261,309.8742206443196,208.3800724838191,-0.2906982998894826,0.05477605849525136,1,0.09241185356737236
2020-03-20,210.32244873046875,224.72696071707477,210.0466734873275,222.94363004147445,347158800,284.1818670654297,276.0257339477539,237.6944146874959,258.15297854557207,272.3028701593556,-0.04309421261777624,-0.04405033816188734,30.450044176785198,-20.45856385807616,-15.761521557419751,-4.69704230065641,0.8224434260754905,5.789131661088857,311.1824060363833,202.4290838317808,0.4234847714661438,-1.7096782060396276,17.487113528290923,0.0831443035864465,1140375400.0,1977688280.0,273047385.0,1.271423273290092,309.8742206443196,208.3800724838191,-0.32126509816419535,0.00932131476631707,1,0.1076047694623472
2020-03-23,204.94485473632812,211.13134505091108,200.63361059089686,209.76168442600684,326025200,282.3104675292969,275.7676696777344,232.65602084885472,254.21163604118365,269.66137935845256,-0.025568331039318104,-0.02590088156872859,30.903956234283086,-21.55561519232893,-16.92034028440159,-4.635274907927339,0.8209136687499734,5.6665012576425005,308.3280064262518,196.31304581984193,0.443939152820982,-1.6917622834861217,17.1749075650393,0.08380257990441227,814350200.0,1853666025.0,281294225.0,1.1590184618969692,309.8742206443196,200.63361059089686,-0.33861921682227225,0.021488145145441895,1,0.173581775537764
2020-03-24,223.51353454589844,224.38682507267387,214.91863611227424,215.4885612758454,235494500,280.82762115478516,275.5896118927002,231.24948449455377,251.93770259708847,267.8516599540387,0.09060329830412117,0.08673102780758102,33.47829898741941,-20.688218102534705,-17.673915848028216,-3.0143022545064895,0.9024805793320693,6.097855763592988,304.30962635209465,194.11070903608896,0.44219270158862883,-0.9327363198523314,17.724167109844327,0.07929795905135523,1049844700.0,1752364155.0,282123290.0,0.8347219401843783,309.8742206443196,200.63361059089686,-0.27869593643140733,0.11403834027417777,1,0.060045467755283966
2020-03-25,226.85960388183594,235.6475644145072,220.38814988584195,225.09466188292848,299430300,279.3707556152344,275.4223387145996,230.57411824644333,250.0800656552179,266.2441283433641,0.014970320892359057,0.014859371566100036,36.43848156879778,-19.505947408774574,-18.04032216017749,-1.4656252485970853,0.906810571394002,6.000044796864798,299.6228135102699,193.01650228562852,0.43279660313919655,-0.7301651765954751,17.975327393500045,0.07923547024644736,1349275000.0,1675772490.0,287356115.0,1.042018194044696,309.8742206443196,200.63361059089686,-0.26789778313882284,0.1307158517144734,0,-0.0025933798693805743
2020-03-26,240.1059112548828,241.57667533640435,228.9371176727837,229.369162336313,257632800,278.18795501708985,275.3216120147705,232.0405479400494,249.34123940334123,265.21910022224716,0.05838989025100494,0.056748781855949094,41.708442698971034,-17.300691463291827,-17.892396020800355,0.5917045575085282,0.9275469300820013,6.009625954889073,296.70310484500277,192.75832246212616,0.42473125187719024,-0.1779715072746374,18.228223778075197,0.07591743028236048,1606907800.0,1626280140.0,286020080.0,0.9007507444931838,309.8742206443196,200.63361059089686,-0.22515041504378125,0.19673822620115317,-1,-0.03587309550247941
2020-03-27,232.9541473388672,239.74734053233655,230.77554977075565,232.8162667433577,224341200,276.84859375,275.1874235534668,232.18110169371369,248.1273807318987,263.9538079523107,-0.029785871903935446,-0.030238481232040714,45.02041219279824,-15.946279038185025,-17.50317262427729,1.556893586092265,0.931851733262868,5.913929920565608,293.56458927755125,192.11801265115972,0.41774844815743256,-0.3898467135667256,17.327387914146087,0.07438110938175645,1382566600.0,1584819520.0,277988350.0,0.8070165530318087,309.8742206443196,200.63361059089686,-0.2482299855261047,0.16109233469298273,-1,-0.020637545987612582
2020-03-30,240.51954650878906,241.23655379734308,233.05530959383546,235.050062078814,171369500,275.61064361572267,275.0857024383545,233.46393935757146,247.56383745611282,263.0348173074667,0.032475915352203844,0.031959719045587115,43.29229225612409,-14.09989809854136,-16.822517719130104,2.7226196205887447,0.9250438883653676,5.753934370754589,287.91266308247526,193.57515887797393,0.39185831874373134,-0.00951326721299106,16.93853939844797,0.0704247935118612,1553936100.0,1539992195.0,274621645.0,0.6240203680958942,309.8742206443196,200.63361059089686,-0.2238155661717254,0.1987998710705648,1,0.012267957580080369
2020-03-31,236.93450927734375,242.06386477792154,235.52807082936067,239.517575786038,194881100,274.2821646118164,274.967497177124,233.9978731913826,246.77647981324102,262.0112758160893,-0.014905388287493326,-0.0150175899227874,45.758617997589596,-12.778606621858415,-16.013735499675768,3.2351288778173526,0.9219424720408369,5.623922507824913,283.31268713603777,194.43062188495833,0.372091303311893,-0.08717822780534873,16.260431693953375,0.06862838065906103,1359055000.0,1500427770.0,269358745.0,0.7235001781731646,309.8742206443196,200.63361059089686,-0.235384896540644,0.18093129351326107,1,0.028632305795949664
2020-04-01,226.27127075195312,236.85174851191033,224.20297754937033,227.95348423990177,189554600,272.75230377197266,274.7954802703857,232.8091651237781,245.25757543833083,260.6097069900448,-0.045005003947773514,-0.04604917825102277,49.84311305723126,-12.448410314552746,-15.300670462651166,2.85226014809842,0.9139137916684329,5.470343559202948,274.68551005744456,197.09366322136404,0.32893290433669004,-0.49584157507037274,15.428255441214587,0.06818477392177466,1169500400.0,1442554945.0,270005805.0,0.702038980235999,309.8742206443196,200.63361059089686,-0.26979640229035956,0.12778347598664752,1,0.11326432940402786
2020-04-02,231.49256896972656,232.27391576246694,224.8372560253544,225.38880648912135,177660400,271.3261370849609,274.63592224121095,232.6066118693086,244.23794532954534,259.4678584402284,0.023075391765034148,0.02281318099403193,44.5864912374407,-11.631333460236732,-14.56680306216828,2.9354696019315476,0.916814665620192,5.385866428715512,267.4420313666448,199.84555713433173,0.28931422916306204,-0.12729807612397986,14.433941167349621,0.062351639327296156,1347160800.0,1402883480.0,269570485.0,0.6590498956144994,309.8742206443196,200.63361059089686,-0.2529466682049722,0.15380752152117144,1,0.10471358794950691
2020-04-03,228.14654541015625,232.8622586960982,225.4163970895069,230.50898872250409,135561200,269.82610412597654,274.456661529541,231.92044779866978,243.04598977996096,258.23957165473536,-0.014454129454185116,-0.014559608017657138,54.014366380879416,-11.125541981291178,-13.87855084599286,2.753008864701682,0.9165648427895032,5.28557575439735,260.12018498015516,202.79814387726674,0.24765509390985257,-0.2311584831655005,12.879562639235077,0.056453025033013395,1211599600.0,1367867315.0,264915185.0,0.5117154760305642,309.8742206443196,200.63361059089686,-0.26374467377191785,0.1371302382398919,1,0.1106811669381611
2020-04-06,243.47023010253906,245.43741989221715,228.12810503836027,237.0171664651333,188061200,268.6864633178711,274.34140785217284,233.69733738388044,243.07741498904082,257.66038178994336,0.06716597292689341,0.06500651123208467,55.409207435924166,-9.38007760516038,-12.978856197826365,3.598778592665985,0.9124152723691682,5.167191071478241,258.9244498479735,203.27991263981949,0.24077893557148594,0.8890755124074323,12.869165310497035,0.052857243799692075,1399660800.0,1357725075.0,258847380.0,0.7265331408801589,309.8742206443196,200.63361059089686,-0.2142933684632014,0.21350669703586433,1,0.0714716943055822
2020-04-07,243.71849060058594,252.81897536266575,243.49788162912452,252.0651906394755,201427200,267.6481109619141,274.2293318176269,235.2390532633736,243.12490207137748,257.1136409589882,0.0010196749637207958,0.0010191554483328733,61.773496951964155,-7.885848808003885,-11.96025471986187,4.074405911857985,0.8918967520273994,4.963210121116457,254.22149773616582,205.99693488102167,0.2095724961770822,1.1288251036504025,11.919385036696847,0.04890636326905017,1601088000.0,1343831990.0,255096535.0,0.7896116660306656,309.8742206443196,200.63361059089686,-0.21349220308219402,0.2147440794331392,1,0.04763680451230212
2020-04-08,251.8997344970703,253.71064128342437,243.8287956537258,246.31993213901734,153774500,266.71142120361327,274.1597917938232,237.80223499163463,243.77488965846584,256.90917403891297,0.033568416890830344,0.0330172971656733,64.42337973039207,-5.972654666831204,-10.762734709255739,4.790080042424535,0.8829792248892674,4.830880804994966,254.49558844208914,205.8399447000007,0.21139208355254258,1.7865938051860626,11.643521697786005,0.04622284227902362,1754862500.0,1350393445.0,250019445.0,0.6150501613984465,309.8742206443196,200.63361059089686,-0.18709038146736862,0.2555211151072187,1,0.018501437532093323
2020-04-09,255.7329864501953,258.49071084159345,253.22344715493466,255.16303317810022,189999200,265.85633361816406,274.12245361328127,240.5608121391055,244.66067460600135,256.86304903543385,0.015217371946732117,0.015102749118297717,71.4894287484838,-4.099862466895843,-9.43016026078376,5.330297793887917,0.8050509717692843,4.338707944013798,258.4151218736212,204.81973988174985,0.2313961509234357,1.7998233933190348,11.065713777412853,0.043270576592464464,1944861700.0,1386065895.0,239908370.0,0.7919656992375881,309.8742206443196,200.63361059089686,-0.1747200334430814,0.27462684690278116,1,0.03033804210417146
2020-04-13,253.3980712890625,255.09867337959454,249.49129559193025,254.758558572092,114839100,264.93517150878904,274.07475311279296,242.53577508525274,245.307889175117,256.727167555184,-0.009130285433817331,-0.009172221946592233,73.60918710933016,-2.7721140898642602,-8.09855102659986,5.3264369367356,0.751381536330366,3.994352316842772,259.7865181435916,204.1758704672483,0.2397204990811793,1.5404875056841172,10.7617106630022,0.04246958395640603,1830022600.0,1399518085.0,229172020.0,0.5011043669292613,309.8742206443196,200.63361059089686,-0.18225507510055725,0.26298913996895223,1,0.021512165935957395
2020-04-14,260.8714599609375,261.891804196036,253.26014418169277,258.2883945128071,134143400,264.27222717285156,274.0597570800781,245.35664968151193,246.46074627036296,256.8896888259979,0.029492681747169902,0.02906613890985346,70.40973202550848,-1.1040965888510357,-6.699660139050096,5.59556355019906,0.6286360146390172,3.3054768903282192,264.0005660853164,204.1298507848008,0.2557864780537289,1.7909424592331271,9.989545640002019,0.03829298015772917,1964166000.0,1434539445.0,221017190.0,0.60693650118346,309.8742206443196,200.63361059089686,-0.1581375842801346,0.3002380767241884,-1,-0.03787980350565889
2020-04-15,255.32846069335938,261.0093649327239,253.21418896902438,255.15380261017032,121775000,263.4547399902344,274.01025756835935,246.89077445256538,247.11761400539973,256.82846419334544,-0.02124800953085526,-0.021476997994242204,65.18876718239287,-0.22683955283434898,-5.405096021806947,5.178256468972598,0.6145451748919901,3.197535273169337,266.63553604973424,203.92515273200405,0.26653473106767467,1.2787749167237645,9.456385742504466,0.03703616007720055,1842391000.0,1450368530.0,214002415.0,0.5690356344810408,309.8742206443196,200.63361059089686,-0.17602548491301914,0.27261060567757195,0,0.00482429965901332
2020-04-16,256.56024169921875,257.4151293397029,253.48997925212333,256.60619254108764,131798300,262.57160034179685,273.95487747192385,248.37838479820437,247.81706790864558,256.81794566416403,0.00482429965901332,0.004812700017218863,60.06968794688372,0.5613168895587819,-4.211813439533801,4.773130329092583,0.5775173765306216,2.9759745162939275,268.9274284571434,205.35646436512224,0.2680713600191516,1.2218342486519767,8.685534216290977,0.03385378092398884,1974189300.0,1489167385.0,204212475.0,0.6453978876657755,309.8742206443196,200.63361059089686,-0.17205038494084934,0.278750060588599,0,-7.160728376920389e-05
2020-04-17,263.4914245605469,264.09809932728353,259.5938211171872,262.3331711725406,146684800,261.75762939453125,273.9306680297852,250.70346783856476,248.97813136434198,257.07965071892414,0.02701581046003998,0.026657325628350867,68.7387324121697,1.725336474222786,-3.024383456782483,4.749719931005269,0.580630885671067,2.9633105701731193,272.0839236042342,206.56968052174238,0.273743862023649,1.4753813130776146,8.557498226572235,0.03247733105866538,2120874100.0,1520834380.0,197080615.0,0.7442883207970505,309.8742206443196,200.63361059089686,-0.1496826550699483,0.3132965298512252,-1,-0.012803438278998103
2020-04-20,258.8492126464844,263.6292797051415,258.6286036617239,259.786828884741,100109300,260.83034362792966,273.8725207519531,251.95665934747547,249.7093225704266,257.1490453043187,-0.017618075889205165,-0.01777512148288983,61.666250033262685,2.247336777048872,-1.9700394100162124,4.217376187065085,0.5564271171676077,2.813794047442853,272.5974606175393,210.90881990003885,0.2551720347932801,1.108539412620695,8.323088911210931,0.03215419829218466,2020764800.0,1564853850.0,184728140.0,0.5419277214613865,309.8742206443196,200.63361059089686,-0.1646636105828334,0.2901587719232765,1,0.019389714961298488
2020-04-21,250.9897003173828,255.5859076947366,250.05205605846757,254.38170360611178,126385700,259.7783999633789,273.77661476135256,251.8078964197689,249.80416536649741,256.90750236365454,-0.030363284665792856,-0.030833797908955293,58.48405364017564,2.00373105327148,-1.175285317358674,3.179016370630154,0.5608499866083723,2.8082908450502773,269.78055037321735,218.33021470246624,0.2108141813376049,0.5391076803367849,8.484614814029213,0.03380463343037664,1894379100.0,1618855295.0,174746165.0,0.7232530682433003,309.8742206443196,200.63361059089686,-0.19002716716640247,0.2509853138673003,1,0.046476591905056486
2020-04-22,256.56024169921875,258.30679448549233,254.54710109226127,255.87081075308308,92951600,258.792541809082,273.71598457336427,252.5390264627612,250.3046154652175,256.89388429838255,0.022194302693663737,0.0219515937634944,69.48086946895533,2.234410997543705,-0.4933460543781982,2.727757051921903,0.4781644348869014,2.3750044769217897,270.0874980283171,221.32793776269853,0.19844537519311692,0.8902888987268415,8.097869274038933,0.031563227491547816,1987330700.0,1665729595.0,167619020.0,0.5545408868277598,309.8742206443196,200.63361059089686,-0.17205038494084934,0.278750060588599,1,0.05055557498388841
2020-04-23,256.5418701171875,261.0093977789953,256.23853280732754,257.8380038199027,104709700,257.7957131958008,273.6535878753662,253.15484856344216,250.76663432832638,256.88007982068865,-7.160728376920389e-05,-7.16098476931461e-05,67.26648041602007,2.3882142351157825,0.08296600352059796,2.3052482315951845,0.4779639545702339,2.3550342716026496,270.32235595994774,224.06130645460303,0.1871463522051175,0.8084588662886618,7.907455362221451,0.030823254537785005,1882621000.0,1692396895.0,157882990.0,0.6632107740042167,309.8742206443196,200.63361059089686,-0.17210967216388146,0.2786584927701406,1,0.040848814065153505
2020-04-24,260.1178283691406,260.78888491799785,256.0088167943418,258.0587359112116,85063200,256.83092498779297,273.6026438140869,254.2260762258573,251.4593153683867,257.0070503520005,0.01393908234285357,0.013842826779364081,71.96816525815926,2.7667608574705866,0.6197249743105957,2.147035883159991,0.43848705108069885,2.144844284467816,271.7595669093881,224.62528721658842,0.18991022510464264,1.012036367829509,7.717041542011791,0.029667484118237053,1967684200.0,1710435715.0,149254510.0,0.5699204667249251,309.8742206443196,200.63361059089686,-0.16056964071332178,0.2964818187892526,0,-0.0006363552424983876
2020-04-27,263.86822509765625,264.9897006956838,261.6344752923047,262.09409597915175,77896600,255.94772552490235,273.56728294372556,255.70948374459562,252.3784938668511,257.2761160283007,0.014418068734578737,0.014315116780534938,66.66665835496661,3.330989877744514,1.1619779549973794,2.169011922747135,0.4205242558248804,2.0428815640022924,273.15175427920775,226.32450762264773,0.18750539406319708,1.20699764811323,6.8286527900608105,0.025879026500949715,2045580800.0,1743586425.0,141932280.0,0.5488293431205361,309.8742206443196,200.63361059089686,-0.1484666760952343,0.3151745827656877,-1,-0.012123379418613522
2020-04-28,262.65484619140625,267.86692903854635,262.3514808302591,267.51761283020494,105270000,255.03038726806642,273.5197913360596,256.77800104410494,253.13970515015149,257.4870466229323,-0.0045984275135854125,-0.00460903280565138,65.23215849330614,3.6382958939534547,1.6572415427885945,1.9810543511648602,0.41072224233715154,1.9819855183119373,274.5149970236652,227.17479484645196,0.18872300351476634,0.9978791565900315,6.554845857786565,0.024956119991061607,1940310800.0,1762905160.0,138627305.0,0.7593742084216382,309.8742206443196,200.63361059089686,-0.1523823903606128,0.30912684777912985,0,0.001609797234100041
2020-04-29,269.5307922363281,271.06593788395355,266.9569272587203,267.98647324976343,118745600,254.26647064208984,273.50622627258304,258.7399689198316,254.35385974912754,257.9593503724773,0.026178637647946257,0.02584184236103597,64.48639796675975,4.38610917070406,2.2030150683716876,2.1830941023323724,0.41056656598260427,1.9677014413208593,276.5964975127008,228.35292265331478,0.19108280129730484,1.4141640375215936,6.44191307276577,0.023900471702384997,2059056400.0,1797905230.0,134820530.0,0.8807679364559685,309.8742206443196,200.63361059089686,-0.13019291609384492,0.34339800516233776,-1,-0.030558249362968803
2020-04-30,267.02130126953125,269.63194396115506,265.28392123731965,268.1519504463422,122901700,253.42293731689452,273.4845040130615,260.0140200505546,255.2921887506389,258.31472099589115,-0.009310590993983792,-0.009354205475137203,59.48118644689048,4.721831299915721,2.706778314680494,2.0150529852352266,0.3682190725378273,1.7544737208997832,276.0616300639932,232.96279315378027,0.16933897449464497,1.1609677250032082,6.281702099859503,0.023525097323672892,1936154700.0,1836237945.0,131487885.0,0.9346998014303751,309.8742206443196,200.63361059089686,-0.13829133409576488,0.3308901757941375,0,-0.00963958529576947
2020-05-01,259.9523010253906,267.18672684650835,258.78484641412496,262.26877941171466,125180000,252.46342926025392,273.43666984558104,260.004524815914,255.63738225247235,258.3789398205774,-0.026473544284787875,-0.026830278663215988,55.09944401388921,4.367142563441661,3.0388511644327276,1.3282913990089331,0.38399058581668083,1.8185287812129116,274.65746543840476,237.2129309849351,0.14630474712001645,0.4291256784921079,6.43600135515367,0.024758393481291167,1810974700.0,1859428640.0,128863865.0,0.9714127385516491,309.8742206443196,200.63361059089686,-0.16110381662316614,0.2956567957870622,1,0.03412432583398428
2020-05-04,260.66925048828125,260.97258776035505,256.58781705500485,258.0677820162113,80873200,251.5816812133789,273.38748695373533,260.1067903039705,256.01011323290265,258.46875592519325,0.002758003910958262,0.0027542075967362245,49.824189283347124,4.096677071067859,3.2504163457597537,0.8462607253081051,0.3765666706641993,1.7731197919499269,271.0349047670361,244.08776216411627,0.1046241772409576,0.46133529896516356,6.132652118797026,0.02352656520594372,1891847900.0,1893441055.0,126129465.0,0.6411919689027461,309.8742206443196,200.63361059089686,-0.1587901376685249,0.2992302222971026,1,0.031491721115808335
2020-05-05,263.0776672363281,265.8905433416998,260.797938736248,263.49133703836077,79569900,250.95024993896484,273.35786018371584,260.563848293564,256.5336357516749,258.64949754523775,0.009239358856234281,0.00919693708000487,57.12595112866988,4.030212541889057,3.4063755849856148,0.6238369569034421,0.3025778799470679,1.4185675435241256,270.46205061847,246.62136002606118,0.0922121657807278,0.7610453893052526,5.94880332520553,0.022612346337485184,1971417800.0,1922028905.0,120704900.0,0.6592101894786375,309.8742206443196,200.63361059089686,-0.1510178978770409,0.31123427655777064,0,0.001677623264187078
2020-05-06,261.2944030761719,265.1644020355753,260.86235843797067,264.7783363053678,73632600,250.46172393798827,273.316012802124,260.6762413370421,256.8862851831191,258.7532193307646,-0.006778470323572927,-0.006801548502495041,54.30968957144524,3.789956153922958,3.4830916987730833,0.3068644551498747,0.3048720562039013,1.4237228359005645,269.125122928763,249.71587896332682,0.07481769518852709,0.3861875574500085,5.975724290207318,0.022869698776002065,1897785200.0,1936863765.0,114315170.0,0.6441192363183295,309.8742206443196,200.63361059089686,-0.15677269786152595,0.30234611392687216,0,-0.009322951917725697
2020-05-07,264.44732666015625,266.3777389730855,263.9417551736114,264.511680282958,75250400,250.05727447509764,273.2802892303467,261.2564083098289,257.44636232956634,258.9765176574074,0.012066556140757578,0.011994335640231071,50.93447711287355,3.8100459802625437,3.5484825550709758,0.26156342519156794,0.2858586062337847,1.3301462596691243,269.3179621697588,250.77779893863962,0.07129519068414418,0.9491709539263451,5.800401309410808,0.021934051603648686,1973035600.0,1947772420.0,110388965.0,0.6816840795635687,309.8742206443196,200.63361059089686,-0.14659784828085248,0.3180609464252683,0,-0.009419635077855482
2020-05-08,268.822998046875,269.2918202089729,266.4513391653479,267.5820163579853,76452400,249.9960385131836,273.2600621795654,262.4204990386052,258.289076086404,259.36265414326886,0.01654647616212035,0.016411074794249445,59.80131715480168,4.131422952201206,3.665070634497022,0.4663523177041835,0.2866752157877068,1.3291542856592038,270.52186143121844,250.88290083684797,0.07533095980536374,1.6539809980606799,5.789245416939311,0.021535528801482354,2049488000.0,1953003735.0,104711625.0,0.7301233268034948,309.8742206443196,200.63361059089686,-0.1324770499207293,0.33987021045551585,-1,-0.02106429576268798
2020-05-11,268.878173828125,270.2570362580128,266.4697652724054,266.8926085627232,79514200,249.95875396728516,273.2466287994385,263.4139874677621,259.0734536969019,259.7358117779691,0.0002052494825623974,0.00020522842176911332,70.76409983014494,4.340533770860247,3.8001632617696677,0.5403705090905797,0.2834829022565701,1.3097712664542538,271.31202910612967,251.64074341584296,0.07523159537111046,1.5050948234234536,5.431396445338639,0.02020021323415619,2129002200.0,1967952715.0,102945380.0,0.7723921170624656,309.8742206443196,200.63361059089686,-0.13229899128411451,0.34014521812291265,0,0.008546750505073364
2020-05-12,263.5190124511719,270.47765032372735,263.3811037631839,270.0640084188488,95870800,249.57978729248046,273.197301864624,263.4301451575175,259.4027543453663,259.88417258868293,-0.01993155971216487,-0.02013287272760799,58.117247187931405,4.027390812151168,3.845608771845968,0.18178204030520018,0.2767067743493505,1.2749341941886894,271.48132333135294,251.73620443964313,0.07547575470503706,0.38698142579205186,5.415643044798206,0.02055124218333842,2033131400.0,1971400985.0,101031750.0,0.9489175432475435,309.8742206443196,200.63361059089686,-0.1495936257516409,0.31343403368492356,1,0.01848780155069063
2020-05-13,258.8583679199219,263.9969236633219,256.43155730782263,262.95817645676516,144721100,249.2693618774414,273.12716087341306,262.726794813272,259.362429424963,259.8439449546139,-0.017686179406556368,-0.017844448774468745,52.43809135928885,3.364365388309011,3.749360095138577,-0.3849947068295658,0.2732353459182508,1.2556801968489777,271.3049866875018,252.26553180615053,0.07272928558364619,-0.6149107407809686,5.615250286500457,0.021692365333298946,1888410300.0,1973701950.0,102179055.0,1.4163479981293623,309.8742206443196,200.63361059089686,-0.16463406545507653,0.290204403726495,1,0.054439312302094534
2020-05-14,261.9563293457031,262.08500860643056,250.9438027988502,256.4225039677062,121977900,248.7902359008789,273.07585960388184,262.60826166441524,259.5545701598326,259.92678355818606,0.011967785514044538,0.011896737862605727,51.95467175764717,3.0536915045826163,3.610226377027385,-0.5565348724447685,0.27578586019827384,1.2641207592213266,271.2516570327637,252.85847022553702,0.07018825186013572,-0.021471925329867917,6.0696172639236226,0.02317034018259419,2010388200.0,1975511895.0,101688035.0,1.1995305052359404,309.8742206443196,200.63361059089686,-0.15463658512470355,0.30564529329956935,1,0.0347749856269699
2020-05-15,263.1604309082031,263.2063817576998,258.61937607827673,259.56619361268525,111146300,248.52527618408203,273.0454697418213,262.69321077884416,259.82167095600823,260.05359325818677,0.004596573656026948,0.004586041673030754,49.204405357065674,2.8715398228359277,3.462489066189094,-0.5909492433531662,0.25890004224737995,1.1841175866692957,271.22541016205946,252.85161773100694,0.07011867131410134,0.24424287269721806,6.049269646272186,0.02298700311971415,2121534500.0,1975544915.0,99911110.0,1.1124518584569825,309.8742206443196,200.63361059089686,-0.1507508099221187,0.31164678805886586,1,0.03199667039341714
2020-05-18,271.17620849609375,272.78488091937567,269.0619645324173,269.383676574657,119703800,248.51201751708984,273.06688102722165,263.99828735072873,260.6627478108294,260.4897742479086,0.03045966128048616,0.030004975779177195,58.30793399544181,3.3355395398993437,3.437099160931144,-0.10155962103180016,0.2712995505663233,1.237866267407664,272.5662991591981,252.7434283188292,0.07547117368466415,1.7194976093991472,6.342769775049708,0.02338984607176951,2241238300.0,1986568590.0,100890835.0,1.1864685231319574,309.8742206443196,200.63361059089686,-0.1248829672496193,0.3515991049427764,1,0.013830559913895035
2020-05-19,268.3908996582031,272.28847402813193,268.3725249301823,270.57869857253786,95189300,248.86763763427734,273.08441337585447,264.67407385957097,261.23520350322747,260.7996223032143,-0.01027121388464558,-0.010324326804428059,48.7923292603437,3.4388703563435,3.437453400013615,0.001416956329884922,0.2473702012369406,1.1265106802442877,272.08812042725344,254.9617269848559,0.06498965335628352,1.1364858497215005,6.021688161149874,0.022436260576712986,2146049000.0,1999152085.0,99331015.0,0.9583039094083555,309.8742206443196,200.63361059089686,-0.13387148146709485,0.3377165414496136,1,0.03959289716807968
2020-05-20,272.950439453125,273.81452892134183,271.7002841690001,271.93009460090815,85861700,249.05509063720703,273.16457298278806,265.94736087396393,262.10299875877547,261.27612493654414,0.0169884291931226,0.016845739610473344,56.02017570388145,3.84436211518846,3.5188351430485842,0.3255269721398757,0.24279236938575174,1.103630992968978,273.2321688263121,255.45669836118793,0.06724359663438902,1.9366026624889758,6.098517199671538,0.02234294699026804,2231910700.0,2011381085.0,98976520.0,0.8674956444215254,309.8742206443196,200.63361059089686,-0.11915731845785436,0.36044224419449933,1,0.02034103156962619
2020-05-21,271.06585693359375,273.63054780635014,269.9719576315334,272.8216110398165,78293900,249.46183319091796,273.21729637145995,266.73482180621465,262.7669141791324,261.660035995252,-0.006904486115893893,-0.006928432368188652,62.611992040123546,3.9679076270822407,3.6086496398553156,0.35925798722692504,0.24521742302680458,1.11256293504135,273.6418387538734,256.4994271152672,0.06467110840919743,1.3989219542769042,5.759710752702489,0.02124838154778569,2153616800.0,2024930875.0,97655730.0,0.8017338050721653,309.8742206443196,200.63361059089686,-0.12523908452284888,0.3510490896079828,1,0.032013042588360685
2020-05-22,271.5806884765625,271.75534659131654,269.5399713937195,270.78095292638466,63958200,250.35865295410156,273.2718238067627,267.48033975549896,263.4197863493124,262.04908119059746,0.0018992858370019405,0.0018974844741646022,62.43968832065286,4.060553406186557,3.6990303931215642,0.3615230130649927,0.24170858577343243,1.0947643691769293,274.3524182982021,256.9351335816807,0.065566319613147,1.3634530598506227,5.60475393072012,0.020637527514051547,2217575000.0,2037425415.0,96600480.0,0.6620898778142718,309.8742206443196,200.63361059089686,-0.12357766350532035,0.35361511800896955,1,0.03421987433415041
2020-05-26,274.9267272949219,277.7855828624157,271.59907765243577,277.5465711025609,88951400,250.9347314453125,273.3175096893311,268.62593783848706,264.2721523452835,262.5540869201788,0.012320606583365867,0.01224532561746458,63.22587853461067,4.353785493203588,3.8299814131379692,0.5238040800656192,0.24042149264185458,1.0870754093414918,275.789990669583,256.60341143002637,0.07207669803528811,1.8200276629402696,5.67501118303688,0.020641904258908706,2306526400.0,2050472695.0,97153220.0,0.9155785057870445,309.8742206443196,200.63361059089686,-0.11277960869649509,0.37029247734325443,1,0.03009213547777012
2020-05-27,279.01727294921875,279.0540504510923,272.8951233524511,277.7211395250684,104817400,252.1312533569336,273.3926996612549,270.2246047785996,265.36438350113053,263.19970205857254,0.01487867583681246,0.01476907415406935,68.81318244163874,4.860221277469066,4.036029386004189,0.8241918914648769,0.24308178601821293,1.0972129548422833,278.0228013573466,256.00684341804396,0.082452194010924,2.180681956684902,5.807645718825207,0.020814645836934265,2411343800.0,2074024345.0,97130590.0,1.0791389200868644,309.8742206443196,200.63361059089686,-0.09957894409848035,0.39068061491526734,1,0.02849848154369572
2020-05-28,278.5025329589844,282.0599922398802,277.83147672252164,280.0468515835098,90405200,253.0807891845703,273.48138374328613,271.4981321909665,266.33757975726786,263.79981307427494,-0.0018448319876169794,-0.0018465357859518273,65.805124094114,5.160552433698626,4.260933995543077,0.8996184381555494,0.22771879096576864,1.0263913967027998,279.57861855201094,255.3482002956453,0.09059339484441252,1.8223579001462413,5.74658712028556,0.02063387739863706,2320938600.0,2087118455.0,95713570.0,0.9445390031946358,309.8742206443196,200.63361059089686,-0.10124006966473133,0.38811504283231285,1,0.027692614846135166
2020-05-29,279.7434997558594,280.3317995595068,275.28517414932355,278.03369646881987,119090800,254.2890951538086,273.55599601745604,272.7666502778731,267.3306108682747,264.42505568923906,0.004455854615361021,0.004445956686779676,63.2115491541268,5.436039409598436,4.495955078354148,0.9400843312442877,0.22407524123522957,1.0085866404390098,281.39541764933904,254.80362104695007,0.0991862897294411,1.7515146614677737,5.761025110383173,0.020593955231885615,2440029400.0,2112312190.0,95523025.0,1.2467234993866663,309.8742206443196,200.63361059089686,-0.09723532608104546,0.39430028165256914,1,0.04935606141184845
2020-06-01,280.8741455078125,281.4808480836038,278.5852438310212,279.1000166735685,55758300,255.51069183349608,273.67541221618654,274.0139572363253,268.3338356563886,265.0701180350655,0.0040417230532250326,0.0040335772319978315,64.14457633632286,5.680121579936724,4.732788378670664,0.9473332012660602,0.19634349684210026,0.883076091856826,283.0220365522012,255.2691865923301,0.10311462928095877,1.6904258770994949,5.69733462945283,0.020284297150783354,2495787700.0,2146552840.0,92051940.0,0.6057265061442486,309.8742206443196,200.63361059089686,-0.09358660128682998,0.39993565724404256,1,0.057765021050266485
2020-06-02,283.1998596191406,283.24583851794176,280.4605383804992,281.7934214913829,74267200,256.9682400512695,273.8030625152588,275.4271729875277,269.43502261659245,265.78108829326453,0.008280271247904647,0.008246177874230159,74.99383779208478,5.992150370935235,4.984660777123579,1.0074895938116564,0.19687647471854963,0.8846612216191403,284.88957093448647,255.65471312313073,0.10816822478226247,1.768808683385032,5.389388456374194,0.019030335903492592,2570054900.0,2180463190.0,91721640.0,0.8097020506829141,309.8742206443196,200.63361059089686,-0.0860812524827498,0.4115275042156369,1,0.04125564809852866
2020-06-03,286.9688415527344,287.9248606902296,284.90974930553955,285.1855105697075,92567600,258.60871978759764,273.9305480194092,277.20281430525176,270.7338240192696,266.6119805779496,0.013308558622389333,0.013220777723240354,86.52633348771992,6.468990285982159,5.281526678895295,1.1874636070868636,0.19877141549909008,0.8927251938648271,287.4496438176045,255.48375767165325,0.11775251276959324,1.9398355778889123,5.186505221773457,0.01807340892380599,2662622500.0,2215023425.0,92371525.0,1.0021226779573034,309.8742206443196,200.63361059089686,-0.07391831125531588,0.43031290075260553,1,0.021846046029120325
2020-06-04,286.2149963378906,287.7225657388418,284.119127013096,285.98518598186917,75794400,259.8627490234375,274.03851402282714,278.5893038487347,271.88057752435265,267.38072629402575,-0.0026269235738793917,-0.0026303799921021933,83.56614182006128,6.708726324382042,5.5669666079926445,1.141759716389397,0.19619610372746865,0.8806740303454963,289.2331707846422,256.1922900307875,0.12115635637712058,1.6346133178627114,4.648093287356703,0.016239866348125954,2586828100.0,2249475570.0,92479615.0,0.8195795365281311,309.8742206443196,200.63361059089686,-0.07635105707481736,0.42655557807559463,-1,-0.034525812925105925
2020-06-05,293.550537109375,295.32466622909004,291.54659764607965,291.61095127500704,150524700,261.1965676879883,274.19329566955565,280.89103204267934,273.4857597158358,268.40699338482375,0.025629477369607967,0.02530654835626827,85.950107111372,7.405272326843544,5.934627751762825,1.470644575080719,0.20852695579072023,0.9353372517723764,292.6351647424844,255.7006171178671,0.134715073670037,2.099134541903131,4.971140731055016,0.016934531205448966,2737352800.0,2287691430.0,96243330.0,1.5640013702767765,309.8742206443196,200.63361059089686,-0.05267841739465414,0.463117451980371,-1,-0.04737893416656758
2020-06-08,297.0988464355469,297.2918792842742,293.817147742069,294.35949682860377,73641200,262.33642639160155,274.3551377105713,283.38454194927436,275.2348772506292,269.53216409269527,0.01208755862316746,0.012015087501225692,84.28957458197328,8.149664698645154,6.377635141139291,1.7720295575058627,0.20592629594500816,0.9230977872152146,296.49365735660825,254.6697093426105,0.1517660662553502,2.0578796699611637,4.550918742749778,0.015317860696362758,2810994000.0,2325766730.0,96102770.0,0.7662755194257148,309.8742206443196,200.63361059089686,-0.04122761222992021,0.4808029699537632,-1,-0.049969107380485656
2020-06-09,294.8834533691406,297.17235545339963,293.5689168610725,294.43300601196165,77479200,263.575012512207,274.5063101959229,285.1536052446384,276.6903273334819,270.52633229961475,-0.007456754184627434,-0.007484694760102999,85.57988822419426,8.463277911156524,6.794763695142739,1.6685142160137856,0.2100921049097513,0.9411141885214473,299.2239454369531,254.5399492163672,0.16138284439277129,1.6114499653972951,4.52859656377674,0.015357242029133992,2733514800.0,2355992360.0,96001020.0,0.8070664249192352,309.8742206443196,200.63361059089686,-0.04837694224453,0.46976098621095175,-1,-0.024408291601730858
2020-06-10,293.23797607421875,296.3542175612713,292.52096897897934,295.4625523739719,95000800,264.62938110351564,274.68324577331543,286.39735460303535,277.916079092055,271.4169849966581,-0.005580093681492704,-0.005595720564332983,79.56021322348447,8.481275510980367,7.132066058310265,1.3492094526701024,0.19326964561803078,0.8649741391215919,300.91993584437694,255.81585517124802,0.1620304690339661,1.3187348322517969,4.4149979437162585,0.015056023789356734,2638514000.0,2386261490.0,95957520.0,0.9900297548331803,309.8742206443196,200.63361059089686,-0.053687088056274014,0.4615595822184916,-1,-0.023009376175352148
2020-06-11,276.33319091796875,286.941246338049,275.78166842632197,286.3069674196292,209243600,265.41735473632815,274.76140037536624,284.8490217284097,277.7988281161968,271.6097773857291,-0.05764868992265648,-0.05937713329672437,55.33824559146277,7.050193612212922,7.115691569090798,-0.0654979568778753,0.2863161012823183,1.2780764433336913,299.8843306373457,258.5989426780839,0.1478482523359082,-0.2817893577586512,5.400549191793407,0.01954361390266938,2429270400.0,2413304495.0,99183645.0,2.1096583010233187,309.8742206443196,200.63361059089686,-0.10824078768672402,0.3773025870596904,1,0.03715750811219487
2020-06-12,279.6424255371094,284.11912678025476,274.48549461766504,283.3469673510181,194678900,266.4847778320312,274.8612149810791,284.0480069297481,277.9353908881162,271.92478319558717,0.011975523490853401,0.011904384298920889,57.73230699161634,6.112616041631895,6.915076463599018,-0.8024604219671225,0.28631916328484847,1.2747668234846006,299.09856858015974,261.15331435441055,0.13545783738197864,-0.05096984484522893,5.930424689292884,0.02120717082861198,2623949300.0,2443982550.0,102818695.0,1.8934192852768652,309.8742206443196,200.63361059089686,-0.09756150429148142,0.39379650654503695,1,0.019027267728093822
2020-06-15,282.2530822753906,283.38375938311225,272.7757049594633,273.9523329194972,135782700,267.4999880981445,274.96494010925295,283.7718646752316,278.2552198797662,272.3298145320501,0.009335696231596247,0.009292387952829528,57.12752047673959,5.5166447954654245,6.6353901299723,-1.1187453345068752,0.28706858022637405,1.2746928955902415,298.2991837087531,263.86196436253596,0.12251725137664646,0.13619081469058275,6.244936120564006,0.02212530708334623,2759732000.0,2475892425.0,104050515.0,1.304969033550675,309.8742206443196,200.63361059089686,-0.08913661262784793,0.40680856733880155,1,0.01607839834254321
2020-06-16,287.68585205078125,290.14944093418046,282.8230840367275,290.00235890733364,137627500,268.690774230957,275.0791283416748,284.37401657916234,278.95378522576726,272.93201208180426,0.019247866955408366,0.019064969956054664,58.21867867840064,5.420231353395081,6.392358374656856,-0.972127021261775,0.2757240101521472,1.2212528960586537,298.70321944509726,265.1088929816606,0.11916851633016581,0.6881871369565624,6.369038374860338,0.02213886546543171,2897359500.0,2508698485.0,104946700.0,1.3114037887804,309.8742206443196,200.63361059089686,-0.07160443533315623,0.43388663147466733,0,0.0014799154334037556
2020-06-17,286.4907531738281,289.0002920766574,285.7553432859751,288.70612812151614,83398900,269.55118469238283,275.18792991638185,284.6996683629571,279.51207914784584,273.46372741874643,-0.004154180222745829,-0.004162832800633263,57.47716784107697,5.187589215111245,6.151404542747734,-0.9638153276364889,0.2726253978973874,1.2046080960400811,298.4528757083726,267.1692220699477,0.11061680143439385,0.47049546408195847,6.298783608669177,0.02198599270269429,2813960600.0,2542094065.0,104357180.0,0.7991678195980382,309.8742206443196,200.63361059089686,-0.07546115782678015,0.4279300079885357,-1,-0.019995464291736598
2020-06-18,286.6010437011719,287.0790390652587,284.51437610525244,284.9739967429189,80828700,270.40883575439454,275.3050218963623,284.9921876457594,280.0371876332774,273.9789162925671,0.0003849706356031657,0.00038489655342039417,56.55763156235919,4.955000012481946,5.912123636694577,-0.9571236242126311,0.26798977848658667,1.1813046128138422,298.50222599214095,268.484932210984,0.10588350493258661,0.414089907218215,6.121500576513678,0.021358961214727242,2894789300.0,2575237995.0,104105530.0,0.7764112050531802,309.8742206443196,200.63361059089686,-0.07510523752106893,0.42847971911130783,0,-0.00987057974562322
2020-06-19,284.9632568359375,290.2629141511341,283.0151069995311,290.0690318089014,135549600,271.0701062011719,275.39898933410643,284.98773675194064,280.40208164828925,274.4096747452483,-0.005714518147191483,-0.0057309084777394164,53.87271308419319,4.585655103651391,5.64682993008594,-1.0611748264345495,0.2674638920055095,1.1762409957246283,298.01471947870596,270.3621787146534,0.09730353521386538,0.11207762002874916,6.432372212157994,0.02257263720094734,2759239700.0,2605519140.0,106968315.0,1.2671939349516723,309.8742206443196,200.63361059089686,-0.08039056542549716,0.4203166458335513,-1,-0.027832192935372757
2020-06-22,286.791259765625,287.1882662143913,283.21814537378975,284.3630116638021,74649400,271.69127166748046,275.4849880218506,285.26520183096903,280.8753541014252,274.8952270989886,0.006414872394373106,0.006394384671196649,53.433712195261435,4.389847729543817,5.395433489977516,-1.005585760433699,0.2677779112002916,1.1746782914354383,297.46665565997233,272.43129966229327,0.08785908341616029,0.2943488567717823,6.517002262383637,0.022723852420431293,2833889100.0,2636334845.0,107502875.0,0.6943944522413935,309.8742206443196,200.63361059089686,-0.07449138825004016,0.42942779587617746,-1,-0.019831284152423967
2020-06-23,288.1116027832031,290.37366646344435,287.70535438204575,289.44113788217754,68471200,272.38554229736326,275.57654762268066,285.7031096697743,281.41137252229765,275.4135163415068,0.004603846779211995,0.004593281491528805,51.14625652930935,4.291737147476624,5.1746942214773375,-0.8829570740007133,0.26555629928816177,1.1620856766706704,297.2624765425446,273.9539663285491,0.08161008144947803,0.42960812582925495,6.435388378578665,0.022336442949231504,2902360300.0,2666126540.0,106478865.0,0.6430496793894263,309.8742206443196,200.63361059089686,-0.07023048840870214,0.4360086624303381,-1,-0.011825111767055474
2020-06-24,280.7622375488281,286.6897503140339,278.92490610868884,286.0711358531049,132813500,272.7833578491211,275.6306816864014,284.942975497321,281.3632884501888,275.6232701143429,-0.025508744401054995,-0.02583973329289809,45.169681312941805,3.579687047132211,4.855692786608312,-1.2760057394761013,0.27890949209583615,1.2172759953638725,297.16665652449467,274.22428280656004,0.08030359650012646,-0.860108404908895,6.834192517776411,0.024341565936508318,2769546800.0,2684036690.0,107878670.0,1.231137721664533,309.8742206443196,200.63361059089686,-0.09394774123177825,0.39937788450270184,1,0.021144960927789613
2020-06-25,283.7721252441406,284.03988623160495,278.16776915357684,280.18976894126644,89468000,273.3522311401367,275.70018196105957,284.7628446891394,281.54172080529634,275.94283306060953,0.010720414973146353,0.010663358739985402,40.61886082716598,3.221123883843063,4.528779006055262,-1.307655122212199,0.281089156035774,1.2234116126827752,296.9672341305093,274.95066442906096,0.07699206392001086,-0.3973051324345685,6.602938745407032,0.023268454361844937,2859014800.0,2710940500.0,107831810.0,0.8296995107473388,309.8742206443196,200.63361059089686,-0.08423448503042642,0.4143797961288143,1,0.01587801233405517
2020-06-26,277.0321044921875,282.8857657278593,276.45045766240185,282.6733996882287,127961000,273.7616683959961,275.72638648986816,283.5735000434545,281.2076751524735,275.9855495873381,-0.0237515250877951,-0.02403814001926447,31.859461290719494,2.3658248909810027,4.09618818304041,-1.7303632920594074,0.29413908355523705,1.2764098180518288,297.21409831281403,274.4326607203891,0.0797045981016459,-1.5435856472540923,6.858676274467001,0.024757694733753936,2731053800.0,2725491720.0,108275320.0,1.1818113305968525,309.8742206443196,200.63361059089686,-0.1059853126337638,0.38078611891739034,1,0.05665741477990016
2020-06-29,281.10382080078125,281.24230815078425,275.99804720322345,278.28780803699664,79773300,274.1139163208008,275.7682427215576,283.19354939073554,281.19998223753333,276.18626610551235,0.014697633388221831,0.014590669973602793,37.947583729847956,1.993567153202207,3.6756639770727695,-1.6820968238705625,0.2986328091136833,1.291634738407981,297.2050175130388,274.46470904946125,0.0795575046463174,-0.8321861574066435,6.975877871269408,0.024816019403070388,2810827100.0,2741243690.0,109476070.0,0.7286825330869111,309.8742206443196,200.63361059089686,-0.09284541251516906,0.40108040708078385,1,0.0306112877678395
2020-06-30,284.70465087890625,286.4035230684894,280.5129498778858,280.66989282570773,113394800,274.6310250854492,275.8290079498291,283.4260265427618,281.45958732207947,276.52032041035136,0.012809609161011482,0.012728260080984863,42.78314328926789,1.9664392206823322,3.333819025794682,-1.3673798051123498,0.30068153681249093,1.2961605637379656,297.22662872361127,274.5935769648653,0.07916142708352036,-0.21304276205760397,7.122829629005955,0.02501831145721436,2924221900.0,2758952040.0,111432450.0,1.0176102203622015,309.8742206443196,200.63361059089686,-0.08122511680086983,0.4190276994986395,1,0.025359939681872
2020-07-01,286.6989440917969,287.9638703985175,285.3601954313995,285.8218387301167,72396500,275.3452099609375,275.9039540863037,283.9295523195364,281.84768782354,276.9194821233492,0.007004779186901455,0.006980359690308622,61.723234137489015,2.081864495996399,3.0834281198350255,-1.0015636238386265,0.297922874162498,1.279553482701438,297.2084606374226,274.58475530496025,0.07913247202548847,0.14185759736046993,6.108751905556987,0.02130720057204345,2996618400.0,2775651835.0,110423895.0,0.655623495258884,309.8742206443196,200.63361059089686,-0.0747893016215887,0.4289676751937243,1,0.012430822931292829
2020-07-02,288.2778625488281,291.4816690368275,287.6130948915451,290.1336499523645,69344200,275.9795623779297,275.9833548736572,284.5985231240428,282.32399706245025,277.36490880670135,0.005507234991858567,0.005492125621747507,60.16412544971781,2.274526061592553,2.921647708186531,-0.6471216465939778,0.29832573874098617,1.2765755625628348,297.3613373680874,274.63816519538915,0.07945172004822358,0.4010199367192171,5.762258532874195,0.01998855715776022,3065962600.0,2799608560.0,110101385.0,0.6298213233194114,309.8742206443196,200.63361059089686,-0.0696939488886372,0.436837335976786,1,0.017166423767047467
2020-07-06,292.72802734375,293.3097024538688,291.3523392224344,292.10019917073765,61713800,276.70328552246093,276.0841918182373,285.8492160809208,283.0946659721762,277.96738404344836,0.015437067402871207,0.015319128087303032,61.81753830750809,2.7545501087446382,2.8882281882981524,-0.13367807955351418,0.28900033726334706,1.2323405658745212,297.21055698137974,274.7066946055343,0.07869621807491678,1.2032426142733033,5.363957495830748,0.01832403116470929,3127676400.0,2819124740.0,105660840.0,0.5840744783024628,309.8742206443196,200.63361059089686,-0.055332751672332224,0.4590178907792214,0,-0.0069706233621958935
2020-07-07,289.7087707519531,293.1618524577351,289.3302199921354,291.1860344502399,82910000,277.2951043701172,276.17002342224123,286.4429937226181,283.58459965956706,278.42783058103674,-0.010314204004290173,-0.0103677640105999,52.413639922078396,2.858394063051037,2.8822613632487295,-0.023867300197692565,0.2875304485483746,1.221822561922859,295.73133913166777,275.4469048868869,0.07102663470537204,0.8123763654731246,5.07361991060288,0.01751282813231389,3044766400.0,2830813360.0,106124280.0,0.7812538280589513,309.8742206443196,200.63361059089686,-0.06507624238775525,0.4439692826078153,1,0.016381449540022297
2020-07-08,291.92474365234375,292.03553353353783,288.71172439183437,290.4751769616239,54638600,277.8562347412109,276.2733730316162,287.28633986565285,284.20238810347644,278.9571212897155,0.007648967253007122,0.0076198622243774435,56.32936094643427,3.0839517621764116,2.922599443034266,0.16135231914214554,0.28809980903045684,1.2199880531624931,295.086741886749,275.79563116012605,0.06758348702785734,1.344361601452869,5.079252792818677,0.017399185588966765,3099405000.0,2849107870.0,104982250.0,0.520455600827759,309.8742206443196,200.63361059089686,-0.057925041181720864,0.4550141563648306,1,0.017933176454845823
2020-07-09,290.2628479003906,292.7741885974815,286.84667618527334,292.53412506328704,83354200,278.4083947753906,276.36873146057127,287.74426417868943,284.651311051396,279.40048311758505,-0.0056928910210238826,-0.00570915728921728,54.116379753957204,3.0929531272934128,2.9566701798860953,0.1362829474073175,0.28812727510828506,1.2158869741469338,294.5141485128841,276.07071171660806,0.06464748044263915,1.07798082092165,5.319456325118812,0.018326342360370857,3016050800.0,2867984710.0,104399920.0,0.7984124892049725,309.8742206443196,200.63361059089686,-0.06328817125590888,0.44673091933859865,1,0.02038925563851035
2020-07-10,293.2265625,293.49432348020605,288.76710100613167,290.1981838415168,57550400,278.88231018066404,276.4895484161377,288.5876946896603,285.2865148624037,279.9426823090523,0.010210451048239033,0.010158676522195887,59.02021296299997,3.3011798272565898,3.0255721093601946,0.27560771789639515,0.19467302349232873,0.8199464093361957,294.9909247246234,277.28327266307184,0.061885201682630765,1.6014463758171993,5.139414562438195,0.017527111181948923,3073601200.0,2900201250.0,96815260.0,0.5944352161012634,309.8742206443196,200.63361059089686,-0.053723920982210925,0.4615026945704792,1,0.01300438947059912
2020-07-13,290.6875305175781,297.95379107027304,290.03200496438967,295.57172419762725,102997500,279.355634765625,276.5897132110596,288.9107463554938,285.6865900961203,280.3640489054651,-0.008658942630485167,-0.008696649097439066,54.18815037491381,3.224156259373501,3.065288939362856,0.15886732001064496,0.19589087290094198,0.8234901738260498,295.2090469350974,278.1696609506448,0.0594350147646153,0.9385729221502628,5.42167636710118,0.01865121753742831,2970603700.0,2917533970.0,92231190.0,1.1167317693721615,309.8742206443196,200.63361059089686,-0.061917671263026414,0.44884762658389393,1,0.030110813901032873
2020-07-14,294.4546203613281,295.23017784397115,288.06546370459,289.2657251994357,93657000,280.0456811523438,276.71153221130373,289.7636500486991,286.33607381946905,280.9166203351068,0.012959241275477318,0.012875988796139826,56.47746934664347,3.4275762292300556,3.1377463973362962,0.2898298318937593,0.1980976460209503,0.8311307013563175,296.2195976015369,278.379264092799,0.06209665454655306,1.6042725903193173,5.677555470069881,0.01928159749404814,3064260700.0,2932760405.0,90124905.0,1.0391911092721817,309.8742206443196,200.63361059089686,-0.04976083602866225,0.4676235925481974,1,0.0190955475920096
2020-07-15,297.1598815917969,298.25859520955737,294.77778571364365,297.67691997939255,87196500,280.7754937744141,276.8541529083252,290.9015318245603,287.13783735816,281.5536109726241,0.009187362138006527,0.009145415052776017,68.49995937237901,3.7636944664002954,3.262936011149096,0.5007584552511992,0.18964826092035333,0.794259412693987,297.72613596132055,277.82012868711695,0.0691725704669905,1.8862143746639293,5.293075339620949,0.017812213786287445,3151457200.0,2945465290.0,87603355.0,0.9953557144015774,309.8742206443196,200.63361059089686,-0.04103064471154101,0.48110718197521984,1,0.01556596337704308
2020-07-16,296.18109130859375,296.63349268794474,294.61149295046425,295.2578047865102,54622500,281.43756225585935,276.98565055847166,291.71377174518085,287.8077080211551,282.127237652466,-0.0032938170454236415,-0.00329925360208591,64.67233280338091,3.906063724025728,3.3915615537244226,0.5145021703013053,0.18932094979937955,0.791470200501213,298.86945975151485,277.64583871039923,0.07362726053493514,1.493325207945173,5.055666165571272,0.01706951022171678,3096834700.0,2959608995.0,86164535.0,0.6339325106321295,309.8742206443196,200.63361059089686,-0.04418931432002904,0.4762286858931305,0,0.006764886924227387
2020-07-17,297.039794921875,297.82459424337384,295.21167713283364,297.1875241733961,62774900,282.15247009277346,277.1374921417236,292.5331599262107,288.49156631009737,282.71204381989384,0.0028992519727957244,0.0028950572475493074,77.47883380555602,4.041593616113346,3.5215679662022072,0.5200256499111386,0.1892939389863978,0.7899497466026238,300.05446195006283,277.50471163392154,0.07808637226281462,1.4652416124545489,4.719326846199944,0.015887860572490572,3159609600.0,2972850010.0,85261845.0,0.7362601642035778,309.8742206443196,200.63361059089686,-0.041418178303952086,0.4805086448230039,0,-0.0026108040355887763
2020-07-20,299.44036865234375,300.18822867354294,296.024196371045,296.77205639224417,56308800,282.8523309326172,277.3248899078369,293.5958074225389,289.3025887058193,283.3680565584213,0.008081656974952223,0.00804917527185527,76.39529775606671,4.293218716719593,3.6758981163056847,0.6173206004139087,0.18830572576043067,0.7844063804981461,301.5772670845222,277.42961768110285,0.08341057779716735,1.6460279179766617,4.642167657266883,0.015502811722278277,3215918400.0,2995683945.0,81299805.0,0.6926068272857481,309.8742206443196,200.63361059089686,-0.03367124883857981,0.4924736078389148,0,-0.003392151415268274
2020-07-21,300.077392578125,301.8500871049481,299.0894691350206,301.4069275614781,57292200,283.4774188232422,277.5047423553467,294.5929743695521,290.10072232599003,284.0233246376254,0.00212738158401371,0.0021251219120339065,74.1932757126857,4.492252043562075,3.839168901756963,0.6530831418051126,0.18775221742575499,0.7806970732857058,303.04832048701536,277.2871775598597,0.08878017289604051,1.5386962575643648,4.418599427218591,0.014724866106226947,3273210600.0,3017650020.0,80431945.0,0.7123065344248483,309.8742206443196,200.63361059089686,-0.03161549884925611,0.4956486687068577,-1,-0.011815189278156613
2020-07-22,301.78546142578125,302.09940368262994,299.6065184526506,299.7173083426101,57792900,284.1355645751953,277.67526542663575,295.6995108397412,290.9662585556042,284.7198790214747,0.005692094405984172,0.005675955649874594,73.95866753644287,4.733252284136995,4.017985578232969,0.7152667059040256,0.18796635011961285,0.780221495221605,304.68856296299913,277.01432094813373,0.09514906245193452,1.5803893689678883,4.363861263673455,0.014460144113823285,3331003500.0,3039082180.0,79898030.0,0.7233332286165254,309.8742206443196,200.63361059089686,-0.026103362847414227,0.5041620421273216,0,-0.005323440226856269
2020-07-23,298.1847229003906,302.1271759112681,296.81827635082294,301.42546886593584,75738000,284.82887878417966,277.8335591888428,296.0818511567642,291.50095961818096,285.24791211476554,-0.011931451264679871,-0.012003202329988314,64.78358444132343,4.5808915385832165,4.1305667703030196,0.45032476828019696,0.16615308307711332,0.6886078925482673,305.0703113391724,278.3748211071167,0.09150985670280913,0.9682769067140917,4.401445164774494,0.014760800358792387,3255265500.0,3063368115.0,77044255.0,0.9830453938453945,309.8742206443196,200.63361059089686,-0.037723363110435885,0.4862152060274982,0,0.0030962293508378647
2020-07-24,296.2642822265625,297.28911708214275,294.7593201869097,296.3289190669535,73766600,285.5769970703125,278.00293968200685,296.10991747519466,291.85379832991293,285.67992662895364,-0.006440439520671415,-0.0064612686318659745,55.70795239596469,4.25611914528173,4.155677245298762,0.10044189998296815,0.1668338896504736,0.6903864987352093,305.2914749656117,279.4028731789195,0.08855430831116154,0.6052251389961455,4.286699651091657,0.014469174680373668,3181498900.0,3079492320.0,76259185.0,0.9673142979432576,309.8742206443196,200.63361059089686,-0.04392084759247819,0.4766433268783759,1,0.01757624751905329
2020-07-27,298.42462158203125,298.6000482464152,296.1625587053734,296.9565996351845,48293000,286.3063629150391,278.1706633758545,296.46602579932335,292.34052597821795,286.17971858789787,0.0072919331997525205,0.007265475595061387,64.46967509208173,4.125499821105393,4.149641760460088,-0.024141939354694664,0.13637619183929603,0.5637964600510227,304.4229027247744,282.41069712874116,0.07502026333027934,0.910008155705376,4.187118013623238,0.014030739124091607,3229791900.0,3104429225.0,72275785.0,0.6681767621064233,309.8742206443196,200.63361059089686,-0.03694918227944644,0.4874109113778335,1,0.01723303259364317
2020-07-28,296.53192138671875,298.8124400440667,296.2364629605237,297.695243153104,57495000,286.9737927246094,278.3199655914307,296.4761635819996,292.650999712181,286.58568732510656,-0.006342305756404376,-0.006362503623547352,57.73162402617223,3.8251638698185957,4.08474618233179,-0.25958231251319397,0.13443376041211588,0.5552412118001154,303.60913497687335,284.767274935236,0.06404695947769867,0.49755521482216586,4.133701438040349,0.01394015665736516,3172296900.0,3122502715.0,71161870.0,0.8079467276506365,309.8742206443196,200.63361059089686,-0.0430571450243854,0.47797729659246324,1,0.02768022008986959
2020-07-29,300.1789245605469,300.74214401894255,297.37212550366144,297.40906485580297,48454200,287.55384704589846,278.47367988586427,297.0458191171607,293.2086237750229,287.1187554519866,0.012298855235460149,0.012223838766906487,65.6013828203774,3.837195342137818,4.0352360142929955,-0.1980406721551775,0.1339360952808119,0.5526280096772503,303.61377451428336,286.3100627659901,0.0586642229209404,1.2059853966808587,4.011037882327181,0.013362156880931007,3220751100.0,3137329175.0,67914840.0,0.7134552625022749,309.8742206443196,200.63361059089686,-0.03128784338243231,0.4961547254045508,1,0.021500035125128214
2020-07-30,299.10797119140625,299.5234615044289,295.11939379817784,297.20600271794535,61861700,288.1681884765625,278.62354011535643,297.36307328242924,293.6456124725328,287.5889207751011,-0.003567716723312464,-0.003574096202591123,59.83950218925631,3.7174608098964654,3.9716809734136893,-0.2542201635172239,0.13466776696505783,0.555178970079752,303.48670862401985,287.6780313662145,0.053483153471117054,0.8920673470403812,4.034774188633942,0.013489356945462327,3158889400.0,3145442725.0,67388100.0,0.9179914554646889,309.8742206443196,200.63361059089686,-0.03474393394367293,0.49081686917006195,1,0.03200985188503003
2020-07-31,301.47149658203125,301.5730727483719,296.679637412853,300.89906346264803,84986800,288.7386096191406,278.7718955230713,297.99513840544495,294.22530759175487,288.13333551262775,0.007901913751113376,0.007870857127873183,68.14797391474943,3.7698308136900778,3.931310941468967,-0.16148012777888932,0.13572252404973226,0.5590497429824824,303.77297863330057,288.71112476025417,0.05084306494225597,1.388791825479952,3.8184634193221916,0.01266608439807568,3243876200.0,3154338405.0,68170230.0,1.2466849532413196,309.8742206443196,200.63361059089686,-0.027116563761956824,0.5025971754889487,1,0.02465415708958485
2020-08-03,303.5673828125,304.3336982264849,302.58870135537785,303.13343702102367,53077900,289.3886401367188,278.9329128265381,298.8524067757611,294.9173131636619,288.7385922694855,0.006952187036688651,0.006928132010068388,66.24957145888999,3.9350936120991946,3.9320674755950127,0.003026136504181931,0.12792667399470004,0.5265859305815958,304.79497400875124,288.77306493167845,0.05398508014573455,1.6935218663295382,3.5111410982559415,0.011566265999086655,3296954100.0,3162802290.0,67738435.0,0.7835713948809121,309.8742206443196,200.63361059089686,-0.02035289614833351,0.5130435120937481,1,0.020621382936629296
2020-08-04,304.739990234375,304.739990234375,302.70874832852365,302.70874832852365,41917900,290.051826171875,279.0957920074463,299.75818884631707,295.6449188726036,289.3660980720302,0.003862758281245382,0.0038553169869341634,64.29812351699817,4.113269973713443,3.968307975218699,0.14496199849474412,0.11967865186765193,0.4927549854381288,305.5720049354474,289.4991559532245,0.054019922451694444,1.792939085339356,3.38451731665752,0.011106246062600755,3338872000.0,3177507570.0,65688830.0,0.6381282784302902,309.8742206443196,200.63361059089686,-0.016568756185232337,0.5188880334499729,0,0.008301554619997376
2020-08-05,306.6327819824219,306.89132934963357,305.7741319749666,306.0418930506655,42697700,290.685947265625,279.2740914154053,300.815818559564,296.4588346585161,290.0432229312612,0.006211169550117468,0.0061919597390871495,69.05757431753406,4.356983901047897,4.046043160384539,0.31094074066335864,0.11897441283832438,0.49007287907188957,306.8209694965469,289.7209952251328,0.05733033141898813,1.955979462168988,3.356156636223659,0.01094519840483349,3381569700.0,3191615805.0,65091785.0,0.6559614243179842,309.8742206443196,200.63361059089686,-0.010460497989015808,0.5283221045533754,1,0.016048479743162147
2020-08-06,308.682373046875,308.8024048039593,305.72787305800415,306.05102897866146,43679400,291.2792492675781,279.45345390319824,302.02605771145795,297.36428194654263,290.7741699946186,0.0066841876827463675,0.0066619475500642525,70.34544768048329,4.661775764915319,4.169189681290694,0.49258608362462475,0.11575569311425431,0.4770384108851333,308.0717253676865,290.3121918686416,0.0593583249398425,2.137536873270647,3.3891291101818695,0.010979341245595558,3425249100.0,3212075720.0,63108045.0,0.6921367949205208,309.8742206443196,200.63361059089686,-0.0038462302380831144,0.5385376963398999,0,0.0074776784831571685
2020-08-07,308.9040222167969,309.1902388250722,306.8081434818142,307.71297454516787,57308300,291.88727905273436,279.63838066101073,303.0842060968947,298.219077522117,291.4851445915668,0.0007180493260241505,0.0007177916519479352,67.90099368828413,4.865128574777714,4.308377459988098,0.5567511147896154,0.11289771970959107,0.46564081944160834,309.39012996326744,290.5615332447404,0.06276704565780662,1.8967299038512044,3.261847898807584,0.010559421905223151,3482557400.0,3232523530.0,63095940.0,0.9082723864641687,309.8742206443196,200.63361059089686,-0.003130942695089053,0.5396424422958196,0,0.006784614401244227
2020-08-10,309.8273620605469,310.0120025169385,307.41756883105035,309.35647677026515,44282100,292.4889562988281,279.8239684295654,304.12161470668735,299.07895045088964,292.20444723740917,0.0029890832664587474,0.0029846248392690756,68.24495259545725,5.0426642557977175,4.455234819150022,0.5874294366476951,0.10472275288253158,0.4323347094938302,310.2624733948957,291.60317296740897,0.06200486949293141,1.9067250483593465,3.2499775928047705,0.010489640331281185,3526839500.0,3260335320.0,60160170.0,0.7360700609722346,310.0120025169385,200.63361059089686,-0.0005955913154733966,0.5442445617564157,0,0.006973015210260725
2020-08-11,307.2698059082031,311.6462040748988,306.5404296941491,311.0091339906926,69601100,293.0168695068359,279.9945401763916,304.60595181461287,299.6856804847647,292.79524561665596,-0.008254778194328627,-0.008289037541656894,59.946534423307895,4.920271329848163,4.54824212128965,0.3720292085585122,0.10560962548388643,0.43643485726602727,310.78947332904016,292.35769158795205,0.06111868815175407,1.2361742404474794,3.436612532145509,0.011184348302586546,3457238400.0,3279984205.0,58957375.0,1.1805325457586944,311.6462040748988,200.63361059089686,-0.01404284123943271,0.5314971654213182,1,0.017547990950494974
2020-08-12,311.55377197265625,312.3293291846631,309.67950166619,309.7071991317451,53774400,293.5839477539063,280.18093910217283,305.6748472235426,300.5647983727567,293.53087410120503,0.013942033945675059,0.013845737800920306,73.66006569645043,5.110048850785915,4.660603467188904,0.4494453835970118,0.11101979481163461,0.45929873325874987,312.27425135184376,292.31230260323434,0.06603504036939804,1.8556294497863925,3.4187999404322795,0.010973386451993696,3511012800.0,3297961985.0,57286270.0,0.938696130852995,312.3293291846631,200.63361059089686,-0.002483139236495785,0.5528493508893273,0,-0.0006220005614656632
2020-08-13,310.9906005859375,312.30167990291056,310.06731402303166,310.7874764150394,41816100,294.0643829345703,280.35679206848147,306.4926554331418,301.3370800181775,294.2155692574691,-0.001807621789179259,-0.0018092575089179255,77.37734568783772,5.155575414964289,4.759597856743981,0.39597755822030845,0.11013222609538435,0.45633157197851787,313.29879614868145,292.76870873413105,0.06774851728280676,1.550280421571254,3.333725880889278,0.010719699806387087,3469196700.0,3316580085.0,56645950.0,0.7382010540912457,312.3293291846631,200.63361059089686,-0.004286272449085557,0.5500423865673468,0,0.004304678652946814
2020-08-14,310.99981689453125,311.53533883580377,309.873406253352,310.6028104674803,47260400,294.5600793457031,280.53310066223145,307.1860648887402,302.0528383053148,294.87377504715784,2.9635328451682597e-05,2.9634889334011952e-05,75.41063874397207,5.133226583425369,4.834323602080259,0.29890298134511006,0.11045288768657663,0.45836410235310604,314.1775976034362,293.2859094766419,0.0687833520311872,1.3915703334244365,3.278328955275701,0.010541256866358458,3516457100.0,3334422460.0,55870225.0,0.8458960027456485,312.3293291846631,200.63361059089686,-0.004256764145725738,0.5500883225825869,0,0.007837723320604839
2020-08-17,311.98779296875,312.3847994629521,311.0091113811264,312.0154904409857,35481000,294.92882446289065,280.7101204681396,307.9247922856648,302.7887608729767,295.54491300486734,0.0031767738131942558,0.0031717385284197206,82.41688045019995,5.136031412688112,4.89466516420183,0.2413662484862824,0.10841393140564429,0.4506728796403412,315.2187427231648,293.499506788554,0.07136055458180456,1.4049606964909733,3.1932579184812613,0.010235201474056106,3551938100.0,3351223445.0,54828835.0,0.6471229965035733,312.3847994629521,200.63361059089686,-0.001270889284256613,0.5550126025739054,1,0.014826645548719597
2020-08-18,312.6617736816406,313.0864776091208,310.7874749185557,312.38477080822076,38733900,295.2400830078125,280.89419303894044,308.6535586542765,303.5200951550999,296.21616244317215,0.002160279113734953,0.0021579490659093584,79.91163359385969,5.133463499176571,4.942424831196778,0.19103866797979308,0.10841419832129914,0.4514836873891375,316.25409164506897,293.7225959770014,0.07387657963095026,1.3622584105889133,3.0567422083627815,0.009776514002236891,3590672000.0,3367096515.0,53900920.0,0.7186129661608744,313.0864776091208,200.63361059089686,-0.0013565067732193231,0.5583718638208403,1,0.01618224784220601
2020-08-19,311.3599853515625,313.5573840389721,310.7967658103232,313.0403457388199,68054200,295.5696136474609,281.05897972106936,309.06993199232045,304.1008277622453,296.81003785134436,-0.004163567278306468,-0.0041722590588116745,79.03727426848815,4.969104230075175,4.9477607109724575,0.021343519102717146,0.1096939645950998,0.45761904839074813,316.97095390672854,293.96318610791985,0.07531996099696452,1.0245088345369924,2.8925341702399123,0.009289999699138914,3522617800.0,3376677230.0,54413985.0,1.250674803545449,313.5573840389721,200.63361059089686,-0.0070079634518716155,0.5518834777212024,1,0.030661267804698467
2020-08-20,312.3293151855469,312.80941395913743,309.50406111970256,309.6333065610113,42207800,295.9514404296875,281.22302040100095,309.5713755605091,304.7103453491565,297.41863696248953,0.003113212614298755,0.003108376602330515,77.55392853104675,4.861030211352613,4.930414611048489,-0.06938439969587584,0.09741825391202984,0.4072198316929054,317.5313400312426,294.8172592119214,0.0741867650138984,1.0839118891653,2.7790997062339136,0.008897979059643893,3564825600.0,3392155235.0,52737475.0,0.8003379001364779,313.5573840389721,200.63361059089686,-0.003916568117791724,0.5567148209399659,1,0.029709097947736574
2020-08-21,313.4373474121094,313.658927181265,311.6553828469121,311.9970225596553,55106600,296.69352355957034,281.39414710998534,310.1661404607553,305.3567899464123,298.046821686004,0.0035476408159260675,0.0035413627820048746,76.36913313102423,4.809350514343009,4.906201791707393,-0.09685127736438393,0.091769008770077,0.38440757165690537,317.8175808559106,296.2483249058082,0.07025062211635665,1.187689467801391,2.717767041226718,0.008670846227055964,3619932200.0,3414076900.0,51804475.0,1.0637420801967397,313.658927181265,200.63361059089686,-0.0007064353983063939,0.5622374859774897,1,0.03269694466256734
2020-08-24,316.613525390625,316.68737593780014,313.40971903177535,315.8748790364872,48588700,297.4329455566406,281.58083625793455,311.1580458345814,306.19062220153916,298.77492771363626,0.010133374356118274,0.01008237595276907,78.65433506258599,4.9674236330422445,4.918446159974364,0.048977473067880695,0.09412251692320764,0.39517104251819263,318.7381686216659,297.1466275209122,0.07011551912301224,1.606393406986008,2.8067966840962493,0.008865056161556386,3668520900.0,3436013350.0,51819260.0,0.9376571568177546,316.68737593780014,200.63361059089686,-0.00023319700368999163,0.5780682232560608,1,0.018634012132484168
2020-08-25,317.7213439941406,317.8044363974734,316.01325834394123,317.176608343536,38463400,298.14231079101563,281.7681536102295,312.1677840129751,307.0447497417319,299.5179244305188,0.003498961714123894,0.0034928545891703337,77.81375538898688,5.1230342712432275,4.959363782228136,0.1636704890150913,0.08744110500436111,0.3680368034339194,319.2265593100409,298.7771790932794,0.0661788236737683,1.7055724326799764,2.781070893972936,0.008753176160630316,3706984300.0,3462747720.0,50867680.0,0.7561461423048977,317.8044363974734,200.63361059089686,-0.000261457657025474,0.5835898235515095,1,0.024642945750268597
2020-08-26,320.90667724609375,321.1744100287514,317.76750896060923,318.312244583333,50790200,298.80672729492187,281.967942276001,313.5122291257626,308.0715591864994,300.35669905073746,0.010025556394511081,0.009975633893945507,79.00970451911935,5.4406699392631594,5.055625013635141,0.3850449256280184,0.08472745806466131,0.3575253598181891,320.6904963629993,299.3860173088757,0.0687156458417235,2.040588813367304,2.8081090574483403,0.00875054729788276,3757774500.0,3489598890.0,50984480.0,0.9961894286261231,321.1744100287514,200.63361059089686,-0.0008336055871752266,0.599466192633299,1,0.029145630200076544
2020-08-27,321.60833740234375,323.0579038040774,319.94643316280997,321.77455036746886,58034100,299.5090789794922,282.17392127990723,314.7577842452366,309.0742834987842,301.1900966331534,0.0021864928529109484,0.0021841059560684093,79.47726265314128,5.68350074645241,5.181200160198594,0.5023005862538152,0.08086324774670474,0.3421139739294537,321.7070763090015,300.6194739839672,0.06777021586209676,1.9812707187631664,2.860207293020445,0.008893448833206776,3815808600.0,3522444850.0,50793100.0,1.142558733371265,323.0579038040774,200.63361059089686,-0.0044870172952423916,0.6029634140319645,0,-0.008439846345700164
2020-08-28,323.685791015625,323.8150646592131,321.4422114288014,322.6332589850596,48588900,300.25077392578123,282.3873326873779,316.1313237483733,310.1566173889206,302.0722807265837,0.006459576359434616,0.006438802707400086,80.52052095108925,5.974706359452682,5.3399014000494125,0.6348049594032696,0.08001388659713483,0.3394344915255607,323.19258691633166,301.35539281999644,0.069929596459681,2.0903420274651046,2.844380117629271,0.00878747290297944,3864397500.0,3553470915.0,48973205.0,0.9921527496515696,323.8150646592131,200.63361059089686,-0.0003992205974855664,0.613317878606284,-1,-0.022847893035011668
2020-08-31,322.5133056640625,324.3506373557208,322.2824839670611,323.4735318130016,66099200,301.00177490234375,282.5944268035889,317.1131671200178,311.0719276315237,302.8738895476613,-0.0036222947812556416,-0.0036288711768956523,85.75199588869118,6.041239488494114,5.480169017738353,0.5610704707557606,0.0828453448531217,0.35237161454929056,324.2462915511419,302.19628047034246,0.07039754980139892,1.685626300610059,2.6274071896228413,0.008146662923605424,3798298300.0,3578538125.0,49624270.0,1.331993397585496,324.3506373557208,200.63361059089686,-0.0056646464660503985,0.6074739656741021,-1,-0.04609099673016459
2020-09-01,325.5509338378906,325.6524818619685,322.44867551408413,323.34426484408283,54908700,301.77696838378904,282.81466316223145,318.4112850766136,312.1444466097731,303.7631854021801,0.009418613497429451,0.009374534913933441,84.8672917544065,6.266838466840454,5.6375029075587735,0.6293355592816807,0.08586541844582066,0.36599823381044705,325.83129497023515,302.6923714116008,0.07362944244195628,1.9515342822952617,2.494855980438871,0.007663488938665414,3853207000.0,3604254875.0,50273810.0,1.092192933059977,325.6524818619685,200.63361059089686,-0.00031182941857918326,0.6226141416639666,-1,-0.036330296832864706
2020-09-02,330.25970458984375,331.22914447381027,326.3172518616977,327.46214667089407,69540000,302.6199304199219,283.04825843811034,320.23411884787976,313.4863175712598,304.80226458601004,0.014464006281419195,0.014360400385150495,89.78318068864012,6.747801276619953,5.8595625813710095,0.8882386952489432,0.09414598756533926,0.402084460981008,328.4663732961659,302.4199853464122,0.08257077552222046,2.2754057560475527,2.7408448915846373,0.008299059356903829,3922747000.0,3631313740.0,51615925.0,1.3472586222178524,331.22914447381027,200.63361059089686,-0.0029267952417247737,0.6460836428013137,-1,-0.0665642513595055
2020-09-03,318.8940124511719,329.0409244463154,316.3087927397801,328.5700392045548,148011100,303.38256591796875,283.2239791107178,320.02794863300164,313.8868875623644,305.35488214934975,-0.0344144077546098,-0.0350205303484634,61.09541706092428,6.1410610706372495,5.915862279224258,0.22519879141299182,0.1641061480556307,0.7014727682358219,328.65770083840295,303.24982174460484,0.0804164476154357,0.46288809047785334,3.618629124985489,0.011347435146778,3774735900.0,3648788080.0,56832510.0,2.6043386083071116,331.22914447381027,200.63361059089686,-0.03724047907147165,0.5894346491197557,-1,-0.03280351947300153
2020-09-04,316.2902526855469,321.14672035614166,309.18093559831357,319.57715026354145,139156300,304.0329284667969,283.3870902252197,319.45291848723934,314.06491460852607,305.7837202095928,-0.00816496912441611,-0.008198485047143513,55.78444477815005,5.388003878713278,5.8102905991220615,-0.4222867204087839,0.16778481514005905,0.7176354707773109,328.58589180452344,304.0602538253593,0.07753350952528322,-0.0053527870576966325,4.3744007099431474,0.013830336764415373,3635579600.0,3656439190.0,60924910.0,2.2840624631205855,331.22914447381027,200.63361059089686,-0.04510138083409077,0.5764569642844157,-1,-0.011997164469728872
2020-09-08,307.6483459472656,316.3549607309717,307.3436737413122,310.8798493187982,114465300,304.64525329589844,283.5122661590576,317.63683040416646,313.5896132262105,305.85684278754076,-0.027322709646929733,-0.027702916399880217,44.448994817980555,4.047217177955986,5.457675914888847,-1.4104587369328616,0.19575240393203827,0.8373419908214046,328.75549512243555,303.6727488961191,0.07932203048660974,-1.3660029062780392,4.85384958844989,0.015777265349841647,3521114300.0,3656152930.0,64434070.0,1.7764716709653758,331.22914447381027,200.63361059089686,-0.07119179854781509,0.5333838883783923,1,0.020887666040969366
2020-09-09,313.72357177734375,316.1887312996784,310.78749888094603,311.65539056693245,91462300,305.2976483154297,283.67009178161624,317.0347906154245,313.59953608185,306.16534196361147,0.019747305357264988,0.01955485675777618,52.36683967465046,3.4352545335745504,5.0531916386259885,-1.6179371050514382,0.20560898763832575,0.879355581534219,328.42424890226414,304.64937170320457,0.0751093598760959,-0.47331281694755883,5.26669009729017,0.016787677341083097,3612576600.0,3663919840.0,65527130.0,1.3957928570959846,331.22914447381027,200.63361059089686,-0.05285033937540678,0.5636640882521106,0,-0.0028547404333073567
2020-09-10,308.2762145996094,316.2533971603592,307.3159885272084,315.5978714825398,90569500,305.7690795898437,283.7975426483154,315.6873173822222,313.20521597205436,306.2481212826702,-0.01736355718148097,-0.01751607178296743,46.27536059552949,2.482101410167843,4.53897359293436,-2.056872182766517,0.20970500449848659,0.8965737090430793,328.63410636627293,304.11175850189113,0.0775108909466873,-1.3207084212213254,5.668979796841309,0.018389287036640847,3522007100.0,3664469555.0,67366885.0,1.3444216694893938,331.22914447381027,200.63361059089686,-0.06929622666708225,0.5365133174431167,0,0.0058398698423367534
2020-09-11,308.43316650390625,311.11993430191217,305.6079113300187,310.05816018485217,84680200,306.2037640380859,283.9148201751709,314.5712941701736,312.8517308262656,306.3338093305618,0.0005091275189710309,0.0005089979575294091,45.319540405738586,1.7195633439079643,3.9750915431290808,-2.2555281992211165,0.20966656978237821,0.8955150149848159,328.7925804922497,303.69754096771123,0.07935314299174269,-1.245169463421709,5.919585413808493,0.019192441205033384,3606687300.0,3671344085.0,69510090.0,1.2182432795008609,331.22914447381027,200.63361059089686,-0.0688223797640683,0.5372955986562924,0,-0.006245833225319575
2020-09-14,312.49566650390625,314.26838969407373,308.58093918690537,311.60007711187774,65605700,306.6881201171875,284.04918220520017,314.2519668369017,312.82535569127606,306.57545078834005,0.013171410993339405,0.013085422199064781,46.21134098773447,1.4266111456256567,3.465395463628396,-2.0387843180027394,0.2150841865946766,0.9176633626853489,328.7530404949379,303.8866659259605,0.07861148870865757,-0.6151579025434188,6.102268719818686,0.01952753069534936,3672293000.0,3679135880.0,70427355.0,0.9315371846635444,331.22914447381027,200.63361059089686,-0.05655745662014123,0.5575439508044461,-1,-0.030081178860097424
2020-09-15,314.07440185546875,315.7824594521563,312.50480343116857,314.9515071825437,52920900,307.1150476074219,284.1850722503662,314.22464914745046,312.9178776293644,306.86952730077644,0.005052023182352761,0.005039304531860806,46.67343654050539,1.306771518086066,3.03367067451993,-1.726899156433864,0.2155161752280155,0.918424158613879,328.7387646807212,304.10960262884913,0.07783590295595795,-0.3816259430971883,6.209098355155675,0.01976951422489053,3725213900.0,3687799670.0,71299350.0,0.7422353780223803,331.22914447381027,200.63361059089686,-0.05179116301976837,0.5654126989514433,-1,-0.025128090023018745
2020-09-16,312.8279724121094,316.74269857760834,312.55096952637047,315.31161561893896,82096000,307.577431640625,284.3200498199463,314.0097758035518,312.91121798364185,307.1031918149464,-0.003968580170799707,-0.003976475881850524,42.3607876679716,1.0985578199099564,2.6466481035979355,-1.548090283687979,0.21595805162337103,0.9191423906139397,328.73660439906763,304.1283827835495,0.07776768225105575,-0.585905188100265,6.261859999200466,0.02001694398016075,3643117900.0,3690421965.0,73467455.0,1.1174471743985144,331.22914447381027,200.63361059089686,-0.05555420580798511,0.5592002331552667,-1,-0.04394196832679609
2020-09-17,310.0765075683594,311.7938349594203,307.44513563897925,307.97141566014835,91523300,307.94046691894533,284.4534102630615,313.40465761352215,312.7012394343617,307.21979243272733,-0.008795456565263038,-0.008834364905779865,39.502463292305315,0.703418179160451,2.2580021187104387,-1.5545839395499876,0.2177933524159008,0.9256888984058247,328.7965878278985,303.94005157639833,0.07856834804098556,-1.012500224345909,6.424100437190658,0.02071779151400047,3551594600.0,3691870805.0,74640910.0,1.2261814600063157,331.22914447381027,200.63361059089686,-0.0638610377690463,0.5454863552280016,-1,-0.032887666824761186
2020-09-18,306.5067443847656,310.9933360912378,304.0224381842765,310.8821027224487,105877900,308.2653448486328,284.57842567443845,312.34344019371343,312.24238794920643,307.19182976417983,-0.011512523833514754,-0.011579305984870596,34.77538868637717,0.10105224450700234,1.8266121438697516,-1.7255598993627492,0.22107989366504657,0.93829585983644,329.15940709057355,302.9949752336452,0.08277861417564022,-1.4631231938401723,6.752532199801343,0.0220306153894112,3445716700.0,3685915360.0,77824415.0,1.3604715178392282,331.22914447381027,200.63361059089686,-0.07463835988321191,0.5276939067290674,0,-0.005806575781046153
2020-09-21,303.0954284667969,303.2437490415965,298.2380498714508,301.91817103397455,99450800,308.46272216796876,284.677699508667,310.9206691588032,311.56483539495383,307.03118657604716,-0.011129660212913395,-0.011192058292726148,33.44808695122859,-0.6441662361506246,1.3324564678656763,-1.976622704016301,0.22333710476340715,0.9464948291935502,329.84402359882955,301.2761668308579,0.0905306380660131,-1.7452715263227028,7.1954279944195685,0.023739810365393896,3346265900.0,3672232045.0,80041625.0,1.2424885176931377,331.22914447381027,200.63361059089686,-0.08493732051177603,0.5106911926378347,1,0.022081628251628516
2020-09-22,306.18231201171875,306.7385071760695,302.066507400489,304.5786503731086,63612100,308.7726177978516,284.78986167907715,310.1916911361748,311.16612995915864,306.99789737744607,0.010184526901434454,0.01013301406798378,33.50392446235203,-0.9744388229838137,0.8710774096957784,-1.845516232679592,0.2233727623432458,0.9445751444154125,329.91018181894583,300.166887272851,0.09441160773861296,-1.1910210577733626,7.30029895354072,0.02384298069204373,3409878000.0,3659299900.0,80792795.0,0.7873486738514245,331.22914447381027,200.63361059089686,-0.07561784003602957,0.5260768677290146,0,0.006267129752649758
2020-09-23,299.0816955566406,307.0166647717101,298.58111700501155,306.7385530033538,93112200,308.8651593017578,284.8535617828369,308.4824610470157,310.27098667008323,306.6874580903557,-0.0231908120636517,-0.023463950070637035,24.485497325530105,-1.7885256230675282,0.33915680314311714,-2.1276824262106455,0.2351083690984681,0.9918570553242123,330.525984829244,297.68711941880287,0.10454689718626078,-1.830131020394573,7.497251605739215,0.025067570891577254,3316765800.0,3639788975.0,83525235.0,1.1147792640152405,331.22914447381027,200.63361059089686,-0.09705501298274641,0.49068590589482486,1,0.03796788448200972
2020-09-24,299.8788146972656,302.937845386202,296.448968406663,297.7652958983576,76681300,308.9195379638672,284.9257486724853,307.15882314705414,309.5011961535782,306.4204524670973,0.0026652220863647713,0.002661676680112828,31.184260113735746,-2.342373006524042,-0.19714915879031475,-2.1452238477337273,0.231154332861593,0.9729270505394316,330.31275942535615,295.79755856780787,0.11025277771552432,-1.527019280828875,6.964249114987451,0.023223544891018782,3393447100.0,3621572605.0,84819790.0,0.9040496327566951,331.22914447381027,200.63361059089686,-0.09464846406057562,0.49465891489504854,1,0.041854879325948335
2020-09-25,304.72698974609375,305.51490229744024,298.1546867340451,299.0260243217955,71069400,309.0904559326172,285.0237685394287,306.7846949315218,309.1475512345052,306.35404216431283,0.01616711421819672,0.016037818128752303,39.04463795738538,-2.3628563029834027,-0.6302905876289323,-1.7325657153544705,0.24067168678231338,1.010480808540497,329.3582578178593,295.0639254096798,0.10984341469394152,-0.8729257975020805,6.635279886813671,0.021774506722697436,3464516500.0,3604008000.0,85471555.0,0.8314976836445762,331.22914447381027,200.63361059089686,-0.08001154237142316,0.5188232362894026,1,0.015544760124238666
2020-09-28,309.78826904296875,310.50203534951567,307.8972169129009,308.8890949296322,64584600,309.3454254150391,285.1430475616455,307.2467832563598,309.1950118129099,306.4887177281817,0.016609225527060012,0.016472800873474417,52.17499191988997,-1.9482285565501343,-0.8938781814131728,-1.0543503751369614,0.2483047016660261,1.0397075818752992,327.8106414522369,295.2217895780365,0.10461366134764458,-0.21209049998153864,6.404119787796702,0.02067257035775111,3529101100.0,3587243180.0,86271340.0,0.7486217323157378,331.22914447381027,200.63361059089686,-0.06473124659637797,0.5440497139566727,1,0.01666728728649436
2020-09-29,308.1011962890625,310.3259488282698,307.40595935248126,309.5843740782885,51304000,309.5186419677734,285.24156913757326,307.3782314152371,309.1139884407731,306.5519521815496,-0.005445889733391551,-0.005460772649291607,43.72582060112029,-1.7357570255359747,-1.0622539502377333,-0.6735030752982414,0.24853970015772425,1.0378958074069353,326.2977689702765,295.293451122497,0.09975790148114393,-0.3476178731240291,6.0026629394664,0.019482764142968997,3477797100.0,3571218120.0,85531580.0,0.5998252341415884,331.22914447381027,200.63361059089686,-0.06982461709850069,0.5356409894715898,0,0.0077023651278840255
2020-09-30,310.43719482421875,313.58892978637374,308.5739508757094,308.76860928712824,104081100,309.7258380126953,285.35090675354,307.84884117046505,309.2120037284357,306.70431463812486,0.00758191971758726,0.007553321426617649,52.59145727797259,-1.3631625579706679,-1.1224356717843202,-0.24072688618634763,0.24748752952544967,1.030896976825896,323.900074607087,296.1797715843192,0.08940881789024015,0.057325741083281416,5.756257572620716,0.01854242232758264,3581878200.0,3557651680.0,87990200.0,1.1828715015990416,331.22914447381027,200.63361059089686,-0.06277210202206557,0.5472840961687996,1,0.017528006648574568
2020-10-01,312.4302062988281,314.0060596588878,310.54843285554995,313.03273929794693,88698700,309.93873291015626,285.46029640197753,308.55366657482864,309.45038910402036,306.9288594091328,0.00642001508787593,0.006399494572197291,54.59109382131137,-0.8967225291917202,-1.0772930432658003,0.1805705140740801,0.24186216442905112,1.005221448351145,319.3410398072492,298.95585655505545,0.06593978838363317,0.6439496915837,5.61746056281897,0.01797988942671591,3670576900.0,3545043175.0,88948135.0,0.9971957253516333,331.22914447381027,200.63361059089686,-0.056755084776268956,0.5572176834114339,1,0.019997630330133243
2020-10-02,309.4638977050781,312.4024452784228,307.0073992354619,307.48016945972887,89431100,310.16431640625,285.55453651428223,308.6937021333286,309.45138974113576,307.0282726756405,-0.009494307957255699,-0.009539666224259028,46.42768016581289,-0.7576876078071564,-1.0133719561740717,0.25568434836691534,0.21291122132300308,0.8832518084503728,317.78621500735915,299.5676698803362,0.05902139946956719,0.17278114263699404,5.588002268047453,0.01805704093268052,3581145800.0,3535363670.0,86019135.0,1.0396651861239943,331.22914447381027,200.63361059089686,-0.0657105424805186,0.5424329791686413,1,0.038970612236284286
2020-10-05,314.95159912109375,315.1369786568774,311.47541457094957,311.5217523825799,45713100,310.53806274414063,285.67612449646,309.65645551606167,309.85881265816965,307.3389913597759,0.017732929290658284,0.01757753527149233,50.94641544819739,-0.20235714210798506,-0.8511689933608544,0.6488118512528693,0.2216851138693326,0.9180000237368787,317.5007944143828,299.7192251168672,0.05761825195177525,1.4265533593659139,5.758451411158112,0.018283607472474147,3626858900.0,3534927635.0,81346975.0,0.5619520578362011,331.22914447381027,200.63361059089686,-0.04914285359331825,0.5697848341238181,1,0.03729104116203996
2020-10-06,310.47430419921875,317.18567808183934,309.96447503768013,315.090688159139,90128900,310.77905639648435,285.769369430542,309.7822783903935,309.90440462417325,307.4619448044599,-0.014215818984153028,-0.014317831689026438,47.62610645754447,-0.12212623377973841,-0.7053604414446313,0.5832342076648929,0.2045746300869783,0.8458768220364643,317.66752873128735,299.83508662515794,0.05775665288748895,0.3864858240627366,5.974842410652493,0.019244241245867096,3536730000.0,3535708420.0,80130155.0,1.1247813011219059,331.22914447381027,200.63361059089686,-0.06266006666642393,0.5474690570778452,1,0.04538246064184426
2020-10-07,315.8785400390625,316.68501022213155,313.403484518265,313.43129285943087,56999600,311.1659887695312,285.8832382965088,310.72016479788107,310.34693317342436,307.7920073626796,0.017406386830570275,0.017256630987148167,55.554653093112115,0.3732316244567073,-0.48964202826436354,0.8628736527210709,0.2018090556627727,0.8333918235699282,318.075312624566,299.64279955805125,0.059679367345684985,1.523283107604574,6.0339759284941135,0.01910220278891986,3593729600.0,3534766070.0,78407020.0,0.7269706207428875,331.22914447381027,200.63361059089686,-0.04634436519507876,0.57440490209368,1,0.021041265969439005
2020-10-08,318.6780700683594,318.7429656383515,316.89825106833507,317.81598305879504,45242500,311.5359716796875,286.008865737915,311.9444579164162,310.96405442490106,308.2189117825102,0.008862678765549248,0.00882363574237454,61.82680081227522,0.9804034915151192,-0.195632924308467,1.176036415823586,0.19241151040725463,0.7937385903549997,319.57848297850893,299.1798147509832,0.06593420501148117,1.8234369220716096,5.740656477946094,0.018013967753459377,3638972100.0,3540614320.0,76140670.0,0.5941962422973163,331.22914447381027,200.63361059089686,-0.03789242165084686,0.5883583469878422,1,0.01082074376656883
2020-10-09,321.5238952636719,321.9873865273389,319.7070174310904,320.3280798824177,59528600,311.98429016113283,286.14867652893065,313.41821750830167,311.74626485740265,308.740675840595,0.008930094231780927,0.008890456743181894,68.10580247757554,1.6719526508990157,0.17788419073302952,1.4940684601659862,0.19401769909073768,0.7995211402490366,321.5699631045571,298.4974075009117,0.07441951212854825,1.992013395712444,5.386415188350717,0.01675276788971931,3698500700.0,3545204990.0,74883090.0,0.794953840713571,331.22914447381027,200.63361059089686,-0.029300710315078474,0.6025425367002792,0,0.0012686396103911424
2020-10-12,326.69647216796875,328.1703711128486,323.5725453203997,324.063844968693,80388500,312.48878967285157,286.30653678894043,315.4610259174812,312.8536876211483,309.4448247161783,0.016087690465602877,0.01595965494522706,69.36147636268953,2.607338296332898,0.6637750118530032,1.943563284479895,0.19647520100498606,0.8088460538598783,324.46010896556083,297.0273422063142,0.08828099974510989,2.326086423539909,5.52744919360759,0.01691921910551177,3778889200.0,3550534800.0,75622230.0,1.0630273664238676,331.22914447381027,200.63361059089686,-0.013684400607446868,0.6283237449886754,-1,-0.029566126336851517
2020-10-13,324.56439208984375,326.73352777746965,323.6003223544785,326.55739883670304,73255500,312.90872985839843,286.4541024017334,316.8615437901524,313.721147211422,310.03774892691024,-0.006526180291989259,-0.006547568914715752,76.53993654700525,3.1403965787303605,1.1590993252284747,1.9812972535018858,0.19860905536391738,0.8167888498996667,326.263498003853,296.27295219145947,0.09634952556748891,1.7733811279846081,5.148710454771345,0.01586344830256707,3705633700.0,3549555790.0,76638960.0,0.9558519583251129,331.22914447381027,200.63361059089686,-0.020121274033884074,0.6176970106551523,-1,-0.01927848756117112
2020-10-14,322.5250244140625,326.23295452878085,321.7927285846741,325.13912193436175,57727900,313.26443054199217,286.59960441589357,317.7328485015232,314.3732862634695,310.52744600483777,-0.006283399305296311,-0.006303222942222907,72.99086216159108,3.3595622380537407,1.5991919077935282,1.7603703302602125,0.19965539187620332,0.8202948296312553,327.56551499823127,295.9406403972765,0.1014420606028955,1.3624650659795443,5.002378237954758,0.015510046846884755,3647905800.0,3549795185.0,75420555.0,0.7654133544893696,331.22914447381027,200.63361059089686,-0.02627824333989422,0.6075323743822217,-1,-0.014945640346312183
2020-10-15,322.12640380859375,322.60842450210197,318.07549499777156,318.61313237555913,60357700,313.5743029785156,286.73954902648927,318.4087800872264,314.947591266812,310.98230709518117,-0.0012359369825424293,-0.001236701382553245,69.41859736409734,3.4611888204143497,1.9715912903176926,1.489597530096657,0.19620708179479562,0.8053916882617871,328.8044891645123,295.906655855019,0.10532174292637207,1.1880212542533044,4.800429233735847,0.014902315292937748,3587548100.0,3551592860.0,73862275.0,0.8171654609880348,331.22914447381027,200.63361059089686,-0.027481702069656656,0.6055455656700884,0,-0.008316566304496287
2020-10-16,321.9317932128906,325.1391450693449,321.7556642567683,323.4798383039487,89501900,313.83929138183595,286.86476753234865,318.95078210655936,315.46493955911416,311.41169870764037,-0.0006041435703567632,-0.000604326138618896,65.20440329674109,3.485842547445202,2.2744415417431947,1.2114010057020073,0.18997934253537865,0.7792016740886937,329.8650018420686,296.3886480602752,0.10690988798872013,1.0520821136088445,4.629603177246898,0.01438069577112374,3498046200.0,3554209335.0,73043475.0,1.2253236856543313,331.22914447381027,200.63361059089686,-0.028069242746405626,0.604575585639674,0,-0.004347875133151713
2020-10-19,317.0373229980469,323.8228140214689,316.13814875888556,323.19247265299344,68425600,314.00195739746096,286.9767534637451,318.65640378217284,315.5814124064425,311.6323114249112,-0.015203438486136367,-0.015320195675803956,60.356732323428815,3.074991375730349,2.4345515085406255,0.6404398671897233,0.1943628755895441,0.7964822774260397,329.9532355514952,297.6946038039735,0.10279213828139061,0.39845500516753196,4.969937162017954,0.01567618952563693,3429620600.0,3558377070.0,71492215.0,0.95710560933103,331.22914447381027,200.63361059089686,-0.04284593222709457,0.580180519427045,0,-0.007660839265511976
2020-10-20,318.3072814941406,321.5517205103544,317.62132344041964,318.3814276529497,60051900,314.1715557861328,287.0894690704346,318.6026926609371,315.7833286351609,311.89407495703784,0.004005706596575065,0.003997705114514918,59.35231839667289,2.819364025776224,2.511514011987745,0.307850013788479,0.19227416311669093,0.787286023617786,330.2587968875351,298.60153941617585,0.10068136164361371,0.48988619374915177,4.900413163089119,0.015395227969924166,3489672500.0,3562366795.0,71314205.0,0.8420748713387466,331.22914447381027,200.63361059089686,-0.039011853863878065,0.5865102589574932,-1,-0.015027094636747007
2020-10-21,317.7046813964844,320.430011857811,317.39876136898965,318.26084819327986,63575000,314.38025329589846,287.20332969665526,318.4645370817906,315.9256510619256,312.12194187623186,-0.0018931395311713173,-0.0018949337846860123,56.48205932917884,2.5388860198650036,2.5169884135631966,0.021897606301807038,0.1686578777535419,0.6902646953455255,329.48779212048225,301.2348427672131,0.08958914042556856,0.3317691081386219,4.86201213838571,0.015303558376963568,3426097500.0,3567833380.0,69837345.0,0.9103295665091506,331.22914447381027,200.63361059089686,-0.04083113851231544,0.5835067736696518,-1,-0.046888314322004354
2020-10-22,319.4474182128906,320.0314217004003,315.77657552045014,317.91790278181213,55399300,314.53812622070313,287.31804527282713,318.6157495634983,316.1865227027378,312.4092154580616,0.005485398605856062,0.0054704085993790095,62.649662278686975,2.4292268607604797,2.4994361030026533,-0.07020924224217362,0.16886322242730661,0.6907680796251314,328.52894843337674,304.15054680588105,0.07706398519609557,0.5099055533233592,4.778586360998848,0.014958913700827709,3481496800.0,3572235865.0,68773245.0,0.8055356410767007,331.22914447381027,200.63361059089686,-0.03556971497673026,0.5921929395183031,-1,-0.0424535471322941
2020-10-23,320.5320739746094,320.72673241885354,318.0755754996864,320.67111572049805,49143900,314.72895568847656,287.42813148498533,318.91056870366924,316.50841538954313,312.7277589292988,0.003395412515107221,0.0033896611172684232,57.958790005910515,2.40215331412611,2.4799795452273448,-0.07782623110123454,0.16181325261127075,0.6616790480348308,328.14165449858166,306.11834916352774,0.06944566962411346,0.6179040050853358,4.562734644382268,0.014234876990012864,3530640700.0,3575542075.0,67676970.0,0.7261539634531511,331.22914447381027,200.63361059089686,-0.032295076317013796,0.5975990913516089,-1,-0.05564240214525196
2020-10-26,314.6085510253906,317.9364142426399,311.11380948653715,317.14847359309897,91473000,314.80113037109373,287.5128949737549,318.2487198300879,316.3676846959022,312.8015154820867,-0.018480281476255578,-0.018653175275124497,55.66260850083055,1.8810351341857086,2.3601906630190177,-0.47915552883330914,0.16923340267531675,0.6916617342574761,327.9068022310891,306.8352296292624,0.06639413035266777,-0.524396532989902,4.71966760466177,0.01500171431856875,3439167700.0,3571045405.0,69021390.0,1.3252848138816098,331.22914447381027,200.63361059089686,-0.05017853569263378,0.5680750104572211,-1,-0.027077648829048284
2020-10-27,313.5240478515625,315.285309087353,313.31083167503937,314.95160893898276,65994100,314.83185546875,287.5820008087158,317.5218472180071,316.1570449296548,312.82985008481126,-0.0034471509763274177,-0.0034531060906448662,46.342258969885464,1.3648022883523367,2.1611129880856814,-0.7963106997333447,0.16839755198037545,0.6879019599724616,327.42573774693597,307.8585792696656,0.06160126404240837,-0.8418413252348566,4.417079846761831,0.014088488194223273,3373173600.0,3565814230.0,69755895.0,0.9460720129818418,331.22914447381027,200.63361059089686,-0.05345271368065765,0.5626696191539688,0,-0.006475167897074807
2020-10-28,302.80804443359375,313.551765999517,302.3167449414249,307.8508304573768,127094300,314.63478088378906,287.59981132507323,315.25818525117427,315.16823007809467,312.43683809848903,-0.03417920727740231,-0.03477697675953392,30.212694066498386,0.08995517307960199,1.7468814250844658,-1.6569262520048638,0.2072656662990269,0.8456039311227147,328.68451498753114,305.83688699000794,0.07201531083527414,-2.5302681843755948,5.014979522390624,0.016561579570223132,3246079300.0,3549024285.0,70906555.0,1.7924196148014806,331.22914447381027,200.63361059089686,-0.0858049495776291,0.509258810334806,1,0.05167492507367655
2020-10-29,305.8857421875,309.05600697903935,301.3527834922928,303.0398986890324,90597700,314.5252960205078,287.6296289825439,313.8162709336859,314.48063838249504,312.1799323764895,0.010163857303273183,0.010112552648236978,30.613894048704452,-0.6643674488091165,1.2646316503057493,-1.9289990991148658,0.20949610634252014,0.8532837162500019,329.2777179322957,304.58923763411053,0.07789798815470414,-1.7899417802116055,5.328830024373981,0.017420982051224693,3336677000.0,3532329290.0,71001505.0,1.2759968961221315,331.22914447381027,200.63361059089686,-0.0765132015377775,0.5245987015167569,1,0.06139766447336914
2020-10-30,302.6968994140625,305.6168888814722,299.0445857878949,304.3098400497384,120287300,314.3326477050781,287.631028213501,312.1055983922054,313.60776882927786,311.8080487309041,-0.010424947402363105,-0.010479667803641833,18.7095449618905,-1.5021704370724365,0.7112712328301123,-2.213441669902549,0.21002345459015642,0.8540000282468808,330.1162784106451,303.0739773266596,0.08541603677238119,-2.0557760095001143,5.342735777976007,0.017650447653471398,3216389700.0,3514091485.0,72544315.0,1.6581216598433661,331.22914447381027,200.63361059089686,-0.0861405028385229,0.5087048402437335,1,0.07233375260566532
2020-11-02,306.0896911621094,308.0919488492275,303.3458020708051,306.0896911621094,86068300,314.1856945800781,287.64468437194824,311.1800742029599,313.0508741872654,311.5837994144808,0.011208544767437045,0.01114619450077937,26.679471444651696,-1.8707999843055063,0.1948569894029885,-2.065656973708495,0.2034710546850981,0.82599391075492,330.45800122811926,301.84606371328704,0.09050056484290861,-1.4067332982215288,5.504296064559854,0.017982624777927274,3302458000.0,3497871440.0,74562075.0,1.1543173925886585,331.22914447381027,200.63361059089686,-0.07589746775344108,0.5256152259864543,1,0.07377327118478294
2020-11-03,311.4939270019531,313.55182927466103,306.1730565274314,309.324791356006,93294200,314.0833026123047,287.6883324432373,311.22835924895884,312.93554476613116,311.5802750061464,0.01765572639616142,0.01750167467914975,37.165755464549754,-1.70718551717232,-0.18555151191207322,-1.5216340052602468,0.2081347621754759,0.8434386026641063,330.4308432091194,301.97518401256025,0.08999173939430055,-0.6619543164607735,5.7201469337344895,0.018363590548263316,3395752200.0,3490822550.0,74720340.0,1.2485783656766016,331.22914447381027,200.63361059089686,-0.059581766282095903,0.5525510710022891,1,0.0535965740485016
2020-11-04,318.45562744140625,322.5343454427772,314.79403465889675,315.9712924400372,126959700,314.09798828125,287.7666060638428,312.3402466631815,313.3444397791145,311.84989667027423,0.02234939379543488,0.022103305954664428,46.29501402106363,-1.004193115932992,-0.34927983271625695,-0.654913283216735,0.21419145834703257,0.8660318025456494,330.593962081392,302.06977388052206,0.09017171865398997,0.297818741791448,6.184967572055464,0.01942175624826557,3522711900.0,3487271665.0,78218345.0,1.6231448006219003,331.22914447381027,200.63361059089686,-0.03856398884432706,0.5872496462756435,1,0.03821965636539715
2020-11-05,324.6664123535156,326.4740399373296,323.38717169903396,323.7394296519222,82039700,314.1731829833984,287.8741971588135,314.23657984630984,314.18310441425535,312.3525051284406,0.019502826695226627,0.019315083657490958,52.46120379474953,0.05347543205448346,-0.2687287797621089,0.32220421181659237,0.22286017631596522,0.8988881967925638,331.34505782056453,301.9175123698651,0.09293947514330497,1.0921912968473746,6.516034120865945,0.020069936011030635,3604751600.0,3485560640.0,80058205.0,1.0247506798335035,331.22914447381027,200.63361059089686,-0.019813268940208083,0.618205501049017,0,0.008479726176272573
2020-11-06,324.59210205078125,325.8435337229844,322.26536759375745,324.3788859530939,74973000,314.2328582763672,287.9948963165283,315.8297371085362,314.95414127622024,312.8324893214736,-0.00022888201522197615,-0.0002289082127079207,57.445428860672386,0.8755958323159803,-0.03986385734649109,0.9154596896624714,0.22091433163821145,0.8888812533234861,331.77464322288597,301.7947476462547,0.09463808071758135,1.0416856316544274,6.22271275419763,0.019170869269099187,3529778600.0,3477124535.0,80830425.0,0.9275344030419239,331.22914447381027,200.63361059089686,-0.020037616054506928,0.6178351229128936,1,0.022675977230286692
2020-11-09,328.6709289550781,337.77390433814645,328.2074376824893,337.3938380999121,172304200,314.33256103515623,288.1600704193115,317.8053050849273,315.97019962280234,313.4536046012228,0.012566007855788097,0.012487710817577779,59.67783487526959,1.8351054621249432,0.3351300065477958,1.4999754555771474,0.2179668471672289,0.874852038508563,332.17126928203464,301.5955672658169,0.09648880393541759,1.5420755570365055,6.841813095273177,0.020816605584877565,3702082800.0,3473284215.0,85426210.0,2.0169945500332975,337.77390433814645,200.63361059089686,-0.026949907219461545,0.6381648517767868,1,0.022591504889233338
2020-11-10,328.1889343261719,329.24567980133196,324.91668681292754,327.67907691220296,85552000,314.4460736083984,288.3073439788818,319.4027865066572,316.87529108231115,314.0314606688679,-0.001466496079950308,-0.0014675724377716153,59.812561980449594,2.527495424346057,0.7736030901074481,1.7538923342386088,0.2165725798260557,0.8671383210791384,332.8148187464909,301.3144720249935,0.09934991863622622,1.4125925707891105,6.93450898810054,0.021129624624115606,3616530800.0,3468829070.0,86041035.0,0.9943162585154862,337.77390433814645,200.63361059089686,-0.028376881366119492,0.6357624894433438,1,0.01858529239326967
2020-11-11,330.62689208984375,331.4518918826983,329.13443541283425,330.37658868596975,58649000,314.5475927734375,288.46804161071776,321.1295719809936,317.89392819398023,314.68226190106304,0.007428519089704988,0.007401063527378753,60.32882712947879,3.235643787013373,1.2660112294886332,1.96963255752474,0.21622420419665342,0.8635462723875956,334.19765176600134,300.7418257730612,0.10538272442157892,1.5730776841696674,6.863659800713131,0.020759532769185685,3675179800.0,3470192770.0,86087090.0,0.6812752063056144,337.77390433814645,200.63361059089686,-0.021159160481349103,0.6479137823223968,0,-0.001093503755128955
2020-11-12,327.41949462890625,330.67321239286036,325.6118956516911,329.6164387197169,67546200,314.49078857421875,288.6078582000732,322.0972523883648,318.5995257076785,315.1817612237236,-0.009700957598046567,-0.009748318433078109,56.12317820207489,3.4977266806862986,1.7123543197281665,1.785372360958132,0.2196176784151848,0.874816628849583,334.933364330175,300.53542229091875,0.10826005230612984,1.1262419485654267,7.035814073713283,0.021488684055564863,3607633600.0,3471197045.0,86446515.0,0.7813640607721434,337.77390433814645,200.63361059089686,-0.030654853960755863,0.6319274405948507,1,0.012938626783293827
2020-11-13,331.9525451660156,332.6941200876897,328.8100599062594,329.3291680092853,62892200,314.7519592285156,288.79752754211427,323.6134512772341,319.5886382601479,315.8394390253821,0.013844778980699024,0.013749815523064823,65.81035848771064,4.024813017086217,2.1748460591997767,1.8499669578864402,0.22423959664507348,0.8908418196757193,336.50008629213914,299.9707755242671,0.114787063978458,1.502039208292409,6.739839857335515,0.020303624585751547,3670525800.0,3479821025.0,85116030.0,0.7388995938837842,337.77390433814645,200.63361059089686,-0.017234484657829122,0.6545211153224242,0,-0.0077353813923355386
2020-11-16,336.0960998535156,336.29075828534565,333.3336814245421,334.6222008625587,74541100,315.148076171875,288.99699394226076,325.53385875050816,320.8114131929899,316.63381788138736,0.012482370591337721,0.012405108085328916,69.4891932669571,4.722445557518256,2.6843659588634727,2.0380795986547833,0.21812725843699604,0.8643125714197148,339.1039545303429,299.27278497161024,0.12478891254655682,1.6979396074132331,6.908678122122398,0.020555662874795277,3745066900.0,3495593340.0,85421805.0,0.8726237990405377,337.77390433814645,200.63361059089686,-0.004967241290941088,0.6751734610350723,-1,-0.014093909334410348
2020-11-17,334.2884216308594,335.49351584362677,332.17490268135197,333.68588866910596,66111000,315.6808776855469,289.1648499298096,326.88071457825447,321.80971011431353,317.32615528332747,-0.005378456410068733,-0.0053929723791466214,82.12229371242586,5.0710044639409375,3.161693659878966,1.9093108040619717,0.2200955927122269,0.8697955514206217,341.00601684774045,298.96883666788455,0.13137134982391796,1.3607948782957677,6.3862621302703655,0.019104048232105524,3678955900.0,3505057510.0,85724760.0,0.7712007592672175,337.77390433814645,200.63361059089686,-0.010318981610248225,0.6661636135955911,0,0.007209993314748253
2020-11-18,330.2653503417969,335.1042005097741,330.22826311784223,334.55728418581134,70591300,316.01171325683595,289.2952268218994,327.4014277726456,322.43605383486783,317.8335746973851,-0.012034731174461744,-0.012107734862739604,74.40587008603617,4.96537393777777,3.5224297154587267,1.442944222319043,0.2256805782022095,0.8893838460832947,342.0924816152217,299.1384387949346,0.1339737104156238,0.8986246231763304,6.184313123497889,0.018725285946883753,3608364600.0,3514170865.0,86075575.0,0.8201083756919428,337.77390433814645,200.63361059089686,-0.022229526615036372,0.6461117824132985,1,0.0179071874449912
2020-11-19,331.6558532714844,332.0266406757399,328.29090170656616,329.63503787241615,59940900,316.47930603027345,289.427438583374,328.0559547724669,323.1190019412839,318.37562483754584,0.004210259805482064,0.004201421460801018,80.07294120778927,4.936952831183021,3.805334338603586,1.131618492579435,0.22546745322706416,0.8861376554074624,343.25012837552225,299.2016355404933,0.1371262258400061,0.9471353629820595,5.962497592752791,0.01797796581588462,3668305500.0,3523511300.0,86302655.0,0.6945429430879039,337.77390433814645,200.63361059089686,-0.018112858891956546,0.6530423406861235,1,0.016462638503329963
2020-11-20,329.384765625,331.60026795963284,329.31061945283756,331.3963306246008,70417300,316.8983380126953,289.55642799377443,328.2603872113182,323.5831325845221,318.80735584881853,-0.006847723699377362,-0.00687127694497058,74.7682116196925,4.677254626796071,3.979718396242083,0.6975362305539878,0.22753283200413182,0.8918304674343108,343.98791004027146,299.3491230407832,0.1387726330185136,0.691438957234182,5.74465362014435,0.017440556515247455,3597888200.0,3526873675.0,87366325.0,0.8060004813067277,337.77390433814645,200.63361059089686,-0.024836550738236013,0.6417227634737329,1,0.018940025645586944
2020-11-23,331.35919189453125,332.6199029395009,328.95831035799966,331.19234181614615,63230600,317.27560852050783,289.6839582061768,328.73712639335093,324.1591369778561,319.2995847133563,0.005994285333096094,0.005976391078009404,72.78317752429886,4.577989415494812,4.099372600092629,0.4786168154021837,0.21534217607090608,0.8419156110704596,344.9666558621712,300.0454413057975,0.13928797538405135,0.7883262638545404,5.473186082212176,0.016517381186619513,3661118800.0,3537971230.0,85954205.0,0.7356312585288876,337.77390433814645,200.63361059089686,-0.01899114277695477,0.6515637181558336,1,0.02394690797863097
2020-11-24,336.6986389160156,337.2455552842376,333.05560389471066,333.90841208983915,62415900,317.72809326171875,289.83553489685056,329.96197447376085,325.08798897327534,319.981900564441,0.016113773669462317,0.01598532484491092,71.73127663302571,4.873985500485503,4.254295180171204,0.6196903203142989,0.21911547952865543,0.8544940589601245,346.5612263854394,300.7683298889746,0.14148248308023306,1.138505032428018,5.105039292846625,0.015162043153135523,3723534700.0,3555489285.0,85775295.0,0.7276675644193354,337.77390433814645,200.63361059089686,-0.003183388083924846,0.6781766421108921,0,0.00982874829114011
2020-11-25,336.1794738769531,336.6429651228615,335.085641326032,336.61515677967736,45330900,318.19512329101565,289.9746460723877,330.91851284348274,325.90958044762186,320.6170995178729,-0.0015419279410630038,-0.0015431179353650058,65.86587310665958,5.008932395860882,4.40522262330914,0.603709772551742,0.16932598542862798,0.6591584674885442,346.63868143447803,304.0280177842719,0.13097539401161415,1.018160557704201,4.647509656708073,0.013824489648672403,3678203800.0,3577095510.0,81687125.0,0.5549332284616456,337.77390433814645,200.63361059089686,-0.004720407469954035,0.675589014656382,1,0.011112453611493045
2020-11-27,337.11578369140625,337.5885255934708,336.1053477355722,337.27335489567287,28514100,318.73590881347656,290.1200839996338,331.87193912777866,326.7396695767911,321.2641067403644,0.0027851486697128003,0.002781277329662456,66.85807008174835,5.132269550987587,4.550632008844829,0.581637542142758,0.16853570079653396,0.6549368437198815,346.72548759915367,307.06421576998696,0.12132730639464748,1.0308224153607395,4.49786763732748,0.01334220423640799,3706717900.0,3595597555.0,78582945.0,0.3628535428393527,337.77390433814645,200.63361059089686,-0.0019484058368267393,0.6802557791715375,1,0.016993358143358117
2020-11-30,335.6233215332031,336.6059208367198,332.9443565005629,336.33708795881,83872700,319.3182403564453,290.2555918121338,332.44907488245934,327.39771786985864,321.8272132028287,-0.004427150048747941,-0.004436978897444676,60.05898975626987,5.051357012600704,4.650777009596005,0.4005800030046993,0.16252766441807073,0.6305591944582073,345.11251712391146,311.96982845714325,0.10087834162538728,0.8547464344885478,3.8542694161473485,0.011483914164665838,3622845200.0,3615920330.0,76762215.0,1.0926300133470614,337.77390433814645,200.63361059089686,-0.006366930000579238,0.6728170347168692,1,0.01941668739068736
2020-12-01,339.2942199707031,340.83301474855574,338.28381215600393,338.8770947018469,74231400,320.04221618652343,290.4134297943115,333.50217412680456,328.278940247699,322.5121938603924,0.01093755469891211,0.010878172254297096,64.7101530123034,5.223233879105578,4.7652683834979195,0.45796549560765865,0.1623981544549683,0.6290692421700912,343.66344616612315,316.73935229579087,0.08153840030066142,1.3508823408782755,3.9171765752150765,0.011545073109566414,3697076600.0,3635651260.0,76170370.0,0.9745443011501717,340.83301474855574,200.63361059089686,-0.004514805524305905,0.6911135625353569,1,0.011337927627765199
2020-12-02,340.0079650878906,340.16553629221875,337.6070834828416,338.1818081843012,45927000,320.7187292480469,290.5674797821045,334.50306504389476,329.147756902528,323.1983025359806,0.002103617082687581,0.0021014075783637337,63.02102262378271,5.355308141366777,4.883276335071692,0.47203180629508523,0.15584367452524456,0.6028370791068058,342.5466496106991,320.7075526598087,0.06585437944042859,1.5350202382356348,3.866854807561558,0.011372835946834341,3743003600.0,3653013830.0,73802010.0,0.6223001243462069,340.83301474855574,200.63361059089686,-0.002420685863644351,0.6946710179142709,0,0.0001633549736788087
2020-12-03,339.9152526855469,341.30572658893556,338.81214112571735,339.9059738069598,62882000,321.535400390625,290.7274175262451,335.3357092964566,329.9453491827516,323.8538692085126,-0.0002726771483714252,-0.0002727143315445352,68.98583276223579,5.3903601137050146,4.984693090798356,0.4056670229066581,0.141368653559316,0.5462277924023643,342.3087793449152,323.0913854500067,0.057761915045005496,1.501799947701697,3.683445430565054,0.010836364068583244,3680121600.0,3660884315.0,70598125.0,0.8907035420558266,341.30572658893556,200.63361059089686,-0.004073983514092487,0.6942089198536783,0,0.00010899287263832491
2020-12-04,342.8445129394531,342.8445129394531,340.4065442272832,340.4992481431544,50749900,322.39471435546875,290.9178568267822,336.49090985691765,330.90084279435916,324.59860033521613,0.008617619335299587,0.008580699608935627,67.39690771900408,5.590067062558489,5.105767885150383,0.484299177408106,0.129617044048805,0.5003477040253214,343.4541141451832,323.76386070833246,0.05902195138305034,1.87616183619752,3.5159193445023953,0.010255142526149492,3730871500.0,3667190310.0,69033635.0,0.7351474393605378,342.8445129394531,200.63361059089686,0.0,0.7088089673994465,0,-0.009598704114860745
2020-12-07,342.1400146484375,342.6313143095269,340.8700529748252,342.07511907507774,48944300,323.1429748535156,291.15531074523926,337.3600029017669,331.73337404280943,325.28649893573464,-0.002054862377628419,-0.0020569765039795272,60.84489025713813,5.626628858957474,5.209940079911802,0.41668877904567214,0.13033542753523136,0.502683580368242,344.07232355334975,324.90044255993155,0.057317373634823594,1.5968452115528038,3.3470798334522436,0.009782778073741248,3681927200.0,3674797740.0,67732200.0,0.7226149453288097,342.8445129394531,200.63361059089686,-0.002054862377628428,0.7052976001417833,-1,-0.012002503914819829
2020-12-08,343.14111328125,343.7065590089636,340.8236571068303,340.8699949146147,42458900,323.8100317382812,291.4424127960205,338.24940449861043,332.57839176417536,325.9866798904608,0.0029259910853782767,0.0029217187053973185,66.35831813583351,5.671012734435067,5.302154610816455,0.3688581236186117,0.12500866712008699,0.4817691827387604,345.1263246679544,325.29345987794403,0.05916551166056041,1.5996117738262468,3.272915885592933,0.009538104758989755,3724386100.0,3675912905.0,61239935.0,0.6933204615582953,343.7065590089636,200.63361059089686,-0.0016451409287736708,0.710287285717715,0,-0.001566784489002493
2020-12-09,340.0635070800781,343.95681627791015,339.2292285583469,343.79924510819586,74098300,324.44927795410155,291.71938133239746,338.52849720345165,333.13284475053854,326.53871232926934,-0.008968922935939094,-0.00900938584610099,68.76091239929039,5.395652452913112,5.320854179235787,0.07479827367732472,0.13062639331722628,0.502987611574405,345.3656918343631,326.24154998692603,0.056950374137049196,0.8909965639296836,3.2623194804237454,0.009593265412202947,3650287800.0,3677600755.0,60667250.0,1.2213888053274213,343.95681627791015,200.63361059089686,-0.011319180238853909,0.6949478508537964,0,0.009050092518298802
2020-12-10,339.9523010253906,340.9997674831479,337.8202243105125,338.6915901201066,57735400,325.039580078125,292.0597188568115,338.7475439452884,333.63798965978685,327.06473541539174,-0.0003270155496611915,-0.00032706903090583516,66.70386036143424,5.109554285501531,5.278594200488936,-0.16903991498740467,0.1290946131072688,0.4966767138401826,345.6773079666521,326.8624747481917,0.0559515844327023,0.782873730408156,3.222591209242434,0.00947953933396598,3592552400.0,3673469385.0,60621570.0,0.9523903785401797,343.95681627791015,200.63361059089686,-0.011642494240567564,0.6943935765507024,1,0.015024654930173575
2020-12-11,339.55364990234375,339.9615244312118,336.73564370740246,338.2558801692447,57698600,325.5820489501953,292.403775100708,338.8715602463738,334.07618671479105,327.5544967678212,-0.0011726678179392325,-0.0011733559308493603,72.14334890125225,4.795373531582754,5.1819500667077,-0.38657653512494594,0.1227408672100021,0.4719201977613817,345.40474726588246,328.34845097630506,0.05063069484219752,0.627815261923665,3.2854945596111844,0.009675921788960592,3534853800.0,3669830395.0,60129190.0,0.9595772036842671,343.95681627791015,200.63361059089686,-0.012801509280190367,0.6924066157325584,1,0.012158546978050744
2020-12-14,338.0334777832031,342.7981536293505,337.8573488263368,341.7228787095807,69216200,326.1534405517578,292.681605758667,338.7426244828091,334.36931938652526,327.965437199797,-0.004476971811605668,-0.004487023461762368,64.82698025943809,4.373305096283843,5.020221072622929,-0.6469159763390859,0.11603941160703027,0.445906080208158,345.39753977411124,328.96375172979504,0.048738823688017116,0.20758014615805306,3.3768668611477892,0.009989740907595945,3465637600.0,3659585985.0,60445390.0,1.145103042597624,343.95681627791015,200.63361059089686,-0.01722116909560265,0.6848297590201488,1,0.013075396863013289
2020-12-15,342.6034851074219,342.6034851074219,339.2014749129828,340.5733910132798,63865300,326.7064782714844,293.0227249908447,339.3366030404418,334.97925758807315,328.53947829421367,0.013519392677282971,0.013428821090235455,63.58198185044588,4.357345452368634,4.88764594857207,-0.5303004962034361,0.11745803233384741,0.4510944586677172,346.0508939826105,328.96113604668636,0.05063541737228712,1.1931052764334429,3.2828414278986764,0.009582043296697216,3529502900.0,3648807785.0,59911600.0,1.0659922285500638,343.95681627791015,200.63361059089686,-0.0039345961656849695,0.7076076341267142,0,-0.00212284741250357
2020-12-16,343.14111328125,344.058816873757,341.9360190969958,342.81666375897925,58420500,327.359814453125,293.3088674163818,339.9219123082584,335.5838394912714,329.1120914309602,0.0015692431548370855,0.0015680131793831633,65.99916679407892,4.338072816986994,4.777731322255055,-0.43965850526806083,0.11502952281515082,0.44152736168541956,346.7062503447814,329.19104884955453,0.051827996697441536,1.185818772181697,3.319255726954217,0.0096731507781571,3587923400.0,3644256160.0,59527075.0,0.9814105598166885,344.058816873757,200.63361059089686,-0.0026672869506603057,0.710287285717715,0,-0.0027911656015697783
2020-12-17,345.0599670410156,345.2639043286698,343.95685556996756,344.78188359842443,64119500,327.94344299316407,293.6521251678467,340.71238226714416,336.2857748653266,329.73749831762905,0.005592025220810148,0.0055764478933323074,67.46834338784467,4.426607401817591,4.7075065381675625,-0.2808991363499711,0.10438599404405592,0.4005198598040685,347.2095327601223,330.1672281041355,0.05031853952073189,1.495475344680687,3.364942383348587,0.009751761156774853,3652042900.0,3646440075.0,59203485.0,1.083035905741022,345.2639043286698,200.63361059089686,-0.0005906707451817757,0.7198512553542794,0,-0.004478405932647478
2020-12-18,343.68212890625,345.5160696043142,341.6713085157447,345.3485083408999,136542300,328.4435241699219,294.0113401031494,341.16926636546816,336.83365294243197,330.2843465760064,-0.003993039663745868,-0.004001033132545019,67.8101676808089,4.335613423036193,4.633127915141289,-0.29751449210509584,0.10634819214539168,0.40787002593673993,347.4091600507253,331.17022837700904,0.0478615529756711,1.08195164055289,3.3416090903290256,0.009722964359431542,3515500600.0,3638799830.0,63033555.0,2.1661843441957225,345.5160696043142,200.63361059089686,-0.005307830400376047,0.7129838210759066,0,0.008099166596813756
2020-12-21,342.4533996582031,352.3213066638467,337.0260664305187,339.7630149194955,96386700,328.8621142578125,294.4705576324463,341.36682533358123,337.2499304769335,330.7615643439357,-0.0035751909823104056,-0.00358159725123819,57.826723361015176,4.116894856647718,4.529881303442575,-0.4129864467948563,0.1034110976784219,0.3964474243980362,346.69448691709147,333.1917649139632,0.03972053256486077,0.743634873427914,4.062005305898696,0.011861483372490721,3419113900.0,3629861115.0,64332025.0,1.4982693300887078,352.3213066638467,200.63361059089686,-0.028008260695566323,0.7068595767659523,0,0.009786024397957727
2020-12-22,341.8761901855469,342.8909048278069,340.74976800980517,342.7791972943252,47949000,329.16570861816405,294.8620496368408,341.44518915696057,337.5926163812752,331.19743202399883,-0.0016855124616439454,-0.001686934535947079,54.65996802923041,3.85257277568536,4.394419597891132,-0.5418468222057724,0.10303714164981623,0.39485858556598874,345.9179083101036,335.0200433500527,0.03200839352097047,0.5165101091308244,4.0321970208004485,0.011794319512604986,3371164900.0,3615363420.0,63567945.0,0.7542952662698157,352.3213066638467,200.63361059089686,-0.029646564884778962,0.703982643679037,1,0.012934230708427474
2020-12-23,342.183349609375,344.0917525684816,341.8575170917641,342.84430466406303,46201400,329.51808776855466,295.3193227386475,341.55875230348585,337.9326706944678,331.6282523214646,0.000898452225237989,0.000898048858623146,55.59749772924804,3.6260816090180583,4.240752000116518,-0.6146703910984597,0.08757331064845693,0.3355300219262493,345.9393869625757,335.5470357669165,0.030499070411515256,0.5543069963517434,4.013672021764681,0.011729594751897058,3417366300.0,3600055000.0,62757220.0,0.7361925846938409,352.3213066638467,200.63361059089686,-0.028774748681732267,0.7055135906770175,1,0.017166750024793398
2020-12-24,343.5146484375,343.5425753213041,342.0717120912017,342.6581766510882,26457900,329.93788024902346,295.90319747924804,341.8596594010265,338.346150527285,332.0943855024856,0.003890600842047842,0.0038830520278720633,51.79545881948931,3.5135088737415003,4.095303374841515,-0.5817945011000143,0.08775074008093102,0.3361468439597761,345.97475371008727,336.2451864754596,0.028523256684586103,0.9886064963628243,3.9095008057786953,0.011380885279743756,3443824200.0,3588336020.0,61813570.0,0.42802737327742113,352.3213066638467,200.63361059089686,-0.024996098901135244,0.7121490632890296,0,-0.0005691929701869824
2020-12-28,346.4656677246094,346.8566440369137,345.4416347950201,346.06534457269254,39000400,330.42466552734373,296.40491180419923,342.56827606619305,338.9475962456053,332.65796519747084,0.008590665057610414,0.008553975271246433,60.34425633712775,3.620679820587725,4.000378663990757,-0.37969884340303217,0.09157103689760197,0.35069265476103,346.61987440841864,336.5350541804485,0.029524255204603254,1.9388361191326238,4.007181922549108,0.011565884576287207,3482824600.0,3577141355.0,62337885.0,0.6256291819974322,352.3213066638467,200.63361059089686,-0.01662016695693134,0.7268575624204472,0,-0.002256939076914266
2020-12-29,345.8046569824219,348.1692367590177,345.21816415032754,347.9923570664862,53680500,330.90212280273437,297.0379792022705,343.0661808225359,339.4555266705547,333.17352173805716,-0.0019078679469993753,-0.0019096902452227632,56.47484736307188,3.61065415198118,3.922433761588842,-0.31177960960766216,0.08987126175281765,0.34411479927168315,346.6289020284195,337.54416010536954,0.026556853597002404,1.6370859823575603,4.012051258731739,0.011602074112424927,3429144100.0,3567456300.0,60828275.0,0.8824925579428317,352.3213066638467,200.63361059089686,-0.018496325820119754,0.7235629462280718,0,0.005626701974093651
2020-12-30,346.298095703125,347.3314471151924,345.90711937087656,346.6239282532309,49455300,331.4873382568359,297.6143409729004,343.5633984964727,339.9623836359303,333.6882109131579,0.0014269290790036582,0.0014259119831395502,67.33349510526772,3.6010148605424206,3.858149981379558,-0.2571351208371375,0.08269382965415749,0.3165597361089095,347.14941651787956,337.72403318915167,0.027524452386816257,1.6387114298901775,3.783422859675117,0.01092533544544402,3478599400.0,3556532440.0,59589470.0,0.8299335436277584,352.3213066638467,200.63361059089686,-0.01709578968628349,0.726022348315538,1,0.019113467852290844
2020-12-31,348.0575256347656,348.7836528455677,345.5905568038257,346.10255901803885,78520700,332.08234313964846,298.2579875946045,344.2548026715947,340.5620237839922,334.2517134512602,0.005080680354502931,0.005067817248560245,70.64242145384227,3.6927788876025147,3.8250757626241496,-0.1322968750216349,0.08387092514105354,0.32097126011337207,348.02926837298224,337.6491373887365,0.030276966277549524,2.0108889800390397,3.7843909217541642,0.010872889229596252,3557120100.0,3547238265.0,61219155.0,1.2826165274577868,352.3213066638467,200.63361059089686,-0.012101967574584423,0.7347917161520576,1,0.019739066977555453
2021-01-04,343.3191223144531,349.5191455225328,339.6233135802176,349.38880113928235,110210800,332.5946319580078,298.8756116485596,344.1108518474191,340.7662533047671,334.60729811256186,-0.013613851077263428,-0.013707369279724622,57.853832042682505,3.3445985426520224,3.7289803186297243,-0.38438177597770196,0.09895665005715483,0.3785519971877135,348.0157339375038,338.0030587871056,0.02919067307363871,0.1237335466785315,4.2608160087903,0.012410657408379747,3446909300.0,3535577650.0,63585595.0,1.73326678786288,352.3213066638467,200.63361059089686,-0.025551064267545595,0.7111745200782933,1,0.026844639512186852
2021-01-05,345.6837158203125,346.7729211198693,342.63025338281886,342.67681712955124,66426200,333.1193579101562,299.5524179840088,344.3528309201719,341.13050978740006,335.04166743443443,0.006887450631700043,0.00686384049072392,65.41353753300271,3.2223211327718673,3.627648481458153,-0.40532734868628584,0.0972540419431745,0.3719008928210862,348.29708483135994,338.0056281813354,0.029991012580578767,0.9842569032147828,4.203806218364353,0.012160845379680844,3513335500.0,3524700850.0,64369410.0,1.0319529105517669,352.3213066638467,200.63361059089686,-0.018839595329575694,0.7229601501075555,1,0.020036082534294897
2021-01-06,347.7503967285156,350.9435220537929,343.62636577991566,344.17561345030657,107997700,333.6637243652344,300.26644569396973,344.8755333522248,341.6208717830383,335.5400489753788,0.005978531280534494,0.005960730774418982,61.53328537314576,3.25466156918651,3.5530510990038247,-0.2983895298173147,0.09870116979602477,0.37726913413119695,348.9441109814014,337.91964023930166,0.03210089547601525,1.5668856011766044,4.400031143339959,0.012652842914727163,3621333200.0,3521671150.0,67322080.0,1.604194344559764,352.3213066638467,200.63361059089686,-0.012973697159031709,0.7332609212600879,1,0.016704570435411403
2021-01-07,352.91705322265625,353.66178899148537,349.9473717579539,350.12425147477427,68766800,334.42989440917967,300.9134632873535,346.11269025536814,342.45762596375073,336.2215001223309,0.014857370524221647,0.01474808096864527,68.1423487222007,3.655064291617407,3.5734537375265414,0.0816105540908656,0.11044630051781154,0.4218964108192365,350.8706155947058,336.97072962013794,0.040415965313124,2.58890774474146,4.670645035211996,0.01323439882703904,3690100000.0,3519956845.0,68637475.0,1.0018841747893552,353.66178899148537,200.63361059089686,-0.0021057852219569196,0.7590126209824027,0,-0.0016882867797737289
2021-01-08,354.9278564453125,355.14195305315735,351.05516813608017,354.3041182519428,71677200,335.2579705810547,301.5538045501709,347.4688696692058,343.3813467401627,336.9550827232321,0.005697665228400428,0.0056814949267746445,68.25070355440313,4.087522929043075,3.6762675758298484,0.4112553532132268,0.10422872602525728,0.3979385724081787,352.9313409879131,336.3964391634541,0.04797398944469681,2.4829821128936236,4.810930311616095,0.013554670968344706,3761777200.0,3525531315.0,68516420.0,1.0461317155800025,355.14195305315735,200.63361059089686,-0.0006028479767153997,0.7690348860292916,-1,-0.014583058905910717
2021-01-11,352.535400390625,354.2948508857765,351.6323932699845,351.7534192361298,51034700,336.2525177001953,302.1159519958496,348.2483359340395,344.0594247883451,337.5660755729338,-0.006740682680273502,-0.0067635036923866295,65.78185758769936,4.188911145694419,3.778796289802763,0.4101148558916563,0.10865248297749609,0.41459929683070157,353.9564699235512,336.6296201643394,0.05018012962585617,1.6719381643295783,4.771694746384559,0.013535363373713128,3710742500.0,3531440820.0,68181385.0,0.7485136888903035,355.14195305315735,200.63361059089686,-0.007339467050073368,0.7571103832122345,0,-0.00010552394934848497
2021-01-12,352.60986328125,353.6245779387695,350.3663089172504,352.7215992262628,52547700,337.1870001220703,302.71423057556154,348.91934014130265,344.6927906026344,338.1560280320835,0.00021122103068926812,0.00021119872666802903,68.88195959754131,4.22654953866828,3.8683469395758667,0.35820259909241337,0.10825366902094995,0.4128404943854139,354.75473708877354,337.13697433700776,0.050926358737441314,1.5130201628304738,3.911911088398207,0.01109416240372713,3763290200.0,3542862640.0,67923840.0,0.7736267560844616,355.14195305315735,200.63361059089686,-0.007129796269179018,0.7574815218784114,1,0.01351728184782841
2021-01-13,353.5594177246094,354.5554954734266,351.7534035637951,352.53538468344925,45303600,338.2042504882813,303.2794299316406,349.6331982310422,345.34957779685476,338.7600825298296,0.0026929321673625495,0.002689312722024607,71.42377479619108,4.283620434187412,3.951401638498176,0.3322187956892364,0.10560198197032959,0.40251880830346787,355.32925772053136,338.1150476993905,0.049648428537362094,1.5887490636312254,3.9591221663717664,0.011197897631609865,3808593800.0,3560010450.0,66728210.0,0.6789272483107219,355.14195305315735,200.63361059089686,-0.004456064159536521,0.762214300402223,1,0.011717039541458751
2021-01-14,352.32122802734375,354.80683398556437,351.9861054675014,354.3041217359534,49989100,339.1288812255859,303.85636352539063,350.046741276627,345.8659963324465,339.2918921571831,-0.0035020696244897342,-0.0035082162250617845,67.97623788950554,4.180744944180503,3.9972702996346414,0.18347464454586193,0.09860310063999049,0.3756720108266834,355.932539110064,338.4835406018501,0.05025516838680577,1.1721447893545482,4.001014526467876,0.011356155145319135,3758604700.0,3571465540.0,66034400.0,0.7570160401245412,355.14195305315735,200.63361059089686,-0.007942528337088346,0.7560429032289431,1,0.011678874983520826
2021-01-15,349.7519226074219,351.5020547003936,347.8900545677973,350.70146508008384,107160000,339.8940411376953,304.473766784668,350.0013845582878,346.15384272318545,339.7020894297415,-0.007292508130456676,-0.007319228452570445,60.594634439158206,3.8475418351023336,3.96732460672818,-0.1197827716258466,0.10332692060786347,0.39348631532421074,356.11396151137023,338.96319913316097,0.049349233004018445,0.5162084893560652,4.212465257142449,0.012044151825494663,3651444700.0,3574641605.0,68471375.0,1.5650335632956107,355.14195305315735,200.63361059089686,-0.015177115515070396,0.7432369460797154,1,0.023129972058355097
2021-01-19,352.4981994628906,353.0381571629389,350.72943031381647,352.2096121579822,51233300,340.574892578125,305.0787949371338,350.3855099282267,346.6237950742747,340.20389766633554,0.007852070790619559,0.007821403711547374,60.31863026569922,3.7617148539520144,3.926202656172947,-0.16448780222093262,0.10496486684668138,0.39952644872444,356.67632820156115,339.1446556851576,0.050391330305892996,1.0467244386847956,4.208482325435544,0.011939017934979817,3702678000.0,3577173360.0,67827065.0,0.7553518643332127,355.14195305315735,200.63361059089686,-0.0074442165098726355,0.7569249659851566,1,0.013574201511065143
2021-01-20,357.3761901855469,358.21402492373454,354.39719066105187,354.7881669476118,61836100,341.2290881347656,305.72494316101074,351.46099919858364,347.4202687862208,340.877320902383,0.013838342238595702,0.013743466659146211,67.29767014101779,4.040730412362848,3.9491082074109274,0.09162220495192042,0.11234191429023863,0.4273535524173386,358.0801801358994,339.110209878749,0.05441833544708451,1.8515569729080077,4.405964672017957,0.012328646376051003,3764514100.0,3589624035.0,64091755.0,0.9648058474916157,358.21402492373454,200.63361059089686,-0.0023389222082134987,0.7812378949519923,-1,-0.024694583998654873
2021-01-21,357.70208740234375,358.36307102761856,356.780471791413,357.93482091297085,47840100,341.8912878417969,306.2961024475098,352.42116661454673,348.1818849800077,341.53711566708733,0.0009119164223774234,0.0009115008792046297,67.1330402680502,4.239281634539054,4.007142892836553,0.23213874170250115,0.11051366047072646,0.4201602310003746,359.2083167209352,339.50694206812733,0.056393142714393184,1.694187974833327,4.40995103654903,0.012328558294345964,3812354200.0,3609286050.0,61664425.0,0.7758136072784267,358.36307102761856,200.63361059089686,-0.0018444523967813314,0.78286223504056,-1,-0.017202957858686974
2021-01-22,356.4359436035156,357.5996108721701,355.46776448123836,355.8494507545385,52860500,342.44658813476565,306.8596897125244,353.0388246128496,348.7932967298971,342.12138342930024,-0.003539660078650808,-0.003545939497772289,62.77688113494506,4.245527882952501,4.054819890859743,0.1907079920927588,0.11157001396568937,0.42392917127108437,359.75872109275076,340.4125130381086,0.055261362111390065,1.312986300744179,4.341467242217841,0.012180217287645678,3759493700.0,3628702490.0,61910000.0,0.8538281376191246,358.36307102761856,200.63361059089686,-0.005377583740916244,0.7765515087614528,-1,-0.03345687253937235
2021-01-25,357.8416748046875,358.19540580199936,352.3212155048195,357.1714012989788,70402000,343.0396429443359,307.3893994140625,353.7777246423631,349.4635469576594,342.7378654440213,0.003943853661222185,0.00393609705762279,74.65231621688547,4.314177684703736,4.106691449628541,0.20748623507519515,0.11165473598596712,0.4240604157392636,360.3820020660758,341.3550645843148,0.05422811017403575,1.465951414348337,4.054207124708171,0.011329611418013247,3829895700.0,3649328960.0,63120030.0,1.115367023748246,358.36307102761856,200.63361059089686,-0.001454938483019296,0.7835579679336313,-1,-0.02122831141974979
2021-01-26,357.2830810546875,359.20080235621367,357.0503476112028,358.79118922289314,42665300,343.5727667236328,307.89714988708494,354.31701024425917,350.04277170558737,343.3082660562043,-0.0015610080919302716,-0.001562227734474975,70.9762978562772,4.274238538671796,4.140200867437192,0.1340376712346032,0.1122760409855006,0.42634415354699484,360.8191273549026,342.2947825572068,0.052692300739751737,1.2364542249523645,3.9119061967053432,0.010949038463163521,3787230400.0,3666499270.0,63930400.0,0.6673710785479209,359.20080235621367,200.63361059089686,-0.00533885584037309,0.7807738195132602,0,-0.005836453568205946
2021-01-27,348.5509338378906,354.0527561056327,346.3166983590229,353.95965704196203,123351100,343.9953955078125,308.3729141998291,353.4299215663563,349.9322651968691,343.51386087117237,-0.024440416240869456,-0.024744040559658037,51.16648049462472,3.497656369487231,4.0116919678472005,-0.5140355983599694,0.1434232820028015,0.5443200420611655,360.72694050362384,342.5954960198137,0.05155940872136791,-0.6861636260517925,4.172565226833013,0.011971177873170334,3663879300.0,3675552005.0,68147935.0,1.8100489765390544,359.20080235621367,200.63361059089686,-0.029648788222253867,0.7372509661335132,1,0.01987152619964938
2021-01-28,351.5485534667969,355.5515576481308,349.928737662884,350.3662492978682,94198100,344.38731567382814,308.8262996673584,353.1404803202702,350.0519902539008,343.8289468553145,0.008600234106101778,0.00856346277041709,47.87137590866326,3.0884900663694452,3.8270515875516495,-0.7385615211822043,0.14606582478813207,0.5540034902050456,360.5868039557297,343.3100222161453,0.04908896047605086,-0.09257733878338706,4.250367480209475,0.012090413794323617,3758077400.0,3691998670.0,70173815.0,1.342353982037317,359.20080235621367,200.63361059089686,-0.021303540635825707,0.7521917311433128,1,0.022667826319151763
2021-01-29,344.5107116699219,350.6548810290884,342.83501362114134,349.6867018282273,126765100,344.55560791015625,309.2722109222412,351.81282360483203,349.64152517360606,343.8556827303972,-0.020019544178098037,-0.02022265055526004,35.987994013426274,2.1712984312259778,3.4959009562865155,-1.3246025250605378,0.16373948354949186,0.6204868179173618,360.7760544009649,342.94203336758983,0.05068512901217474,-1.6481604903247506,4.580849975107928,0.013296683731264858,3631312300.0,3699634315.0,74039305.0,1.7121324950308487,359.20080235621367,200.63361059089686,-0.04089659764101493,0.7171136513731912,1,0.0476667091566807
2021-02-01,350.24530029296875,351.27862337041176,344.7993308471236,347.9086469202224,75817600,344.87474548339844,309.74063621521,351.57166617223766,349.68624925652176,344.1062559681451,0.016645603253524488,0.016508583625300142,47.17371687002005,1.8854169157158935,3.1738041481723913,-1.2883872324564978,0.17354604950310976,0.6571184092990126,360.7416025191852,343.19526271518976,0.04985202699436243,-0.39281863752200696,4.828882012619492,0.01378714292120491,3707129900.0,3707134805.0,73904150.0,1.0258909682338542,359.20080235621367,200.63361059089686,-0.024931742926241833,0.74569604395516,1,0.037955489133853826
2021-02-02,355.19781494140625,356.7524870405597,350.32904887111556,353.4290462295083,64450700,345.37339477539064,310.19916816711424,352.1295352136482,350.094513381328,344.54121906513575,0.014140131628589625,0.014041092493059697,52.850644539732606,2.035021832320183,2.94604768500195,-0.911025852681767,0.17183848840681715,0.650145628983764,360.43187666507765,344.6928578319927,0.0446418004165201,0.6697870356851783,5.060947564481767,0.014248250838245232,3771580600.0,3723368370.0,71616145.0,0.8999465134572658,359.20080235621367,200.63361059089686,-0.011144149424359368,0.7703804158001942,1,0.022801805840681144
2021-02-03,355.4771728515625,357.199406526891,354.2017977480035,356.0264205321538,52427100,345.8498211669922,310.68230796813964,352.6445563887119,350.49322889764164,344.9700799979368,0.0007864854410839506,0.0007861763234764791,52.14407519292617,2.151327491070276,2.7871036462156153,-0.6357761551453391,0.17078448889298414,0.6457695790442743,360.31475314793477,345.78932705226055,0.04114245053379654,0.6678310804305407,5.074913055142905,0.014276340206132025,3824007700.0,3738901980.0,70916190.0,0.7392825249072179,359.20080235621367,200.63361059089686,-0.010366428694550931,0.7717727942224013,1,0.02155280317877084
2021-02-04,359.51739501953125,359.563930354463,355.5888524983493,356.5104680448607,47142600,346.4524737548828,311.2249464416504,353.70191617806876,351.1616856474112,345.5405629399601,0.011365630416037442,0.011301526899307593,57.57105043813741,2.5402305306575386,2.7377290231040003,-0.19749849244646178,0.17372305195266996,0.656501807768289,361.00057498412184,346.2802050451751,0.041625250832737215,1.5969720944951549,5.165343696917014,0.0143674374827855,3871150300.0,3751392835.0,67873435.0,0.694566290920741,359.563930354463,200.63361059089686,-0.00012942158821631532,0.7919101089827232,1,0.011704007226756019
2021-02-05,360.9324035644531,361.6399224767463,359.47085881489795,361.3885805309923,48669800,347.04393798828124,311.7468072509766,354.8142988528971,351.88544253015505,346.1441645330775,0.003935855578963032,0.003928130362982281,62.055743854684266,2.9288563227420354,2.775954483031607,0.15290183971042826,0.16696500798411415,0.6306579194696175,362.07734524625357,346.004969817223,0.04539691244114673,1.715053524335305,5.003764425652861,0.013863439182066452,3919820100.0,3762878840.0,66868585.0,0.7278425287450003,361.6399224767463,200.63361059089686,-0.0019564181616000854,0.798962808382163,1,0.01271586880665665
2021-02-08,363.5390319824219,363.5855673167599,361.52821120762786,362.38465454642807,38365200,347.5807458496094,312.28179306030273,356.15656548820857,352.7486713784711,346.8263161977577,0.007221929625122359,0.007195976371501638,61.941125136480004,3.4078941097374695,2.90234240837278,0.5055517013646895,0.16759892987073466,0.6327454680589983,363.5615863624386,345.38184625474884,0.051286856669441515,1.9950374687694856,4.958545082566417,0.013639649793660055,3958185300.0,3772699245.0,65202985.0,0.5883963747978715,363.5855673167599,200.63361059089686,-0.0001279900483439805,0.8119547911825116,0,0.00458369300614736
2021-02-09,363.2969665527344,363.89277790526904,362.29157040764335,362.7011552001997,35551100,348.123095703125,312.7976887512207,357.25508872890487,353.53002657656464,347.4722240548156,-0.0006658581565986976,-0.0006660799385967518,57.11728262815451,3.7250621523402287,3.0668863571662697,0.6581757951739591,0.1651252239988582,0.6231382737909293,364.8593728690055,345.1602163643929,0.055489050734167975,1.6827465546379072,4.664643799479401,0.012839754330297454,3922634200.0,3783293830.0,64428805.0,0.5517889087031802,363.89277790526904,200.63361059089686,-0.0016373266761830956,0.8107482863054146,0,0.005483717732305715
2021-02-10,363.1387023925781,365.18676844469576,360.73690530404883,365.0378156036463,59154400,348.64355407714845,313.29404113769533,358.16026006177765,354.2417803407138,348.0865957543357,-0.0004356330350291371,-0.00043572795066633375,56.5617239705305,3.918479721063875,3.2372050299457906,0.6812746911180843,0.16521104897983488,0.6231791088718716,365.95478338846874,345.11768975606253,0.05860751025914316,1.4594100219484734,4.869448364082355,0.013409334593089291,3863479800.0,3788303310.0,64759140.0,0.91345252577474,365.18676844469576,200.63361059089686,-0.0056082701485604194,0.8099594645337775,0,0.0016404286325724105
2021-02-11,363.7251892089844,364.637514691375,361.29546527923713,364.2185830573535,42913300,349.2055914306641,313.7993928527832,359.01640300750176,354.94425507169683,348.69987392902783,0.0016150490502446768,0.0016137462610510036,58.94450269622528,4.072147935804935,3.40419361111762,0.6679543246873152,0.16515418529016856,0.6226906237279325,367.0333045567267,345.05574573624205,0.06172699555327418,1.39791031821845,4.948571684870387,0.01360524877485761,3906393100.0,3793193275.0,64639625.0,0.6638853489635808,365.18676844469576,200.63361059089686,-0.004002278729692602,0.8128826378479543,0,-0.001740312808264255
2021-02-12,365.52197265625,365.76399619957346,362.85016796886265,362.9246586051573,50593300,349.730146484375,314.2793487548828,360.01725987654,355.7277897075897,349.3595640751934,0.0049399477973279815,0.004927786290236882,59.33476952019787,4.289470168950288,3.581248922684154,0.7082212462661341,0.1645006060362117,0.6199623619834329,368.31965358973537,345.089471166124,0.06512443314083245,1.5182679353976951,4.737117251551171,0.012959870010348533,3956986400.0,3803112360.0,64669835.0,0.7823322883072147,365.76399619957346,200.63361059089686,-0.0006616931842340185,0.8218381834416054,-1,-0.01428796375581265
2021-02-16,365.20538330078125,366.94625368053585,364.4885743748941,366.7507370926893,50972400,350.2340948486328,314.77026916503905,360.8154327110386,356.4298336774557,349.98096875070667,-0.0008661294782584816,-0.0008665047851202422,59.68588536241011,4.385599033582935,3.7421189448639103,0.6434800887190244,0.16129203871583392,0.6076179788336016,369.2004325474024,345.754038277793,0.06558849612492877,1.3184369072701585,4.759061863024807,0.013031193078293889,3906014000.0,3815840825.0,61860455.0,0.8239900595622842,366.94625368053585,200.63361059089686,-0.00474421080006502,0.8202602356863099,-1,-0.012235429784282714
2021-02-17,365.2891845703125,365.54052650809217,362.44050055956217,363.4552435609881,52290600,350.74157348632815,315.29695358276365,361.50370222785,357.0860818917414,350.5812909397108,0.00022946340159024636,0.0002294370788905655,75.95256909515044,4.417620336108598,3.877219223112848,0.5404011129957502,0.16002220022723293,0.6025989671319727,370.0892416834904,346.14432765244715,0.06686342292848406,1.1981500358442625,4.197179238229479,0.011490017814698225,3958304600.0,3828622155.0,61913320.0,0.8445775480946588,366.94625368053585,200.63361059089686,-0.004515836021222864,0.8206779187917699,0,-0.0015801438888348729
2021-02-18,363.7344055175781,364.4791410913591,360.960212947038,362.6824459224777,59712800,351.1593713378906,315.81227935791014,361.8468873493466,357.57855030847,351.0970993545291,-0.004256296431451312,-0.004265380245875311,69.77906036757888,4.268337040876588,3.9554427866655963,0.3128942542109918,0.15482196480632046,0.5828370089208688,370.65936025105026,346.21003061809034,0.06821139232438776,0.8670520070204748,4.006346939160502,0.011014484410567776,3898591800.0,3835326040.0,61807155.0,0.9661146836478721,366.94625368053585,200.63361059089686,-0.00875291171593201,0.8129285738631943,-1,-0.021473046600389067
2021-02-19,363.0921936035156,365.2798942259746,362.645335047699,364.99130695342166,83241000,351.5784149169922,316.3123519897461,362.0384729269111,357.9869683303252,351.56749520743057,-0.0017656067293074784,-0.001767167249983154,88.06229714794385,4.051504596585858,3.974655148649649,0.07684944793620874,0.15511700154822458,0.5837763520860072,371.09736060956163,346.3110408796962,0.06909960819642448,0.7081314057110976,3.5721340343476493,0.009838090978756483,3815350800.0,3835475870.0,63577200.0,1.309290122874238,366.94625368053585,200.63361059089686,-0.010503064245412828,0.8097276549734276,-1,-0.024792976519618537
2021-02-22,360.2994079589844,362.71052376422216,360.02942912693527,360.3273348443789,67414200,351.92158081054686,316.8073770141602,361.77092447030697,358.15826015467036,351.90992315847194,-0.0076916708586163285,-0.007721404323729594,73.41704492307167,3.612664315636607,3.9022569820470405,-0.28959266641043335,0.15733964484447924,0.5919979323724187,371.2620761175968,346.5326718072079,0.06890383185968782,0.22678006776996978,3.307480661211254,0.009179811534932553,3747936600.0,3834898015.0,64304885.0,1.0483527029089625,366.94625368053585,200.63361059089686,-0.01811394899084657,0.7958078255076363,0,0.006588521323080965
2021-02-23,360.7369384765625,362.0868041909318,353.9411313866223,358.0930892269746,107284100,352.3350494384766,317.2888250732422,361.61184970203857,358.3492733636994,352.25608062192646,0.0012143525854140247,0.0012136158556859563,66.33717371737174,3.2625763383391586,3.7743208533054644,-0.5117445149663058,0.1568646635031969,0.5904357546500142,371.42258183990845,346.66169245208374,0.06896374220766258,0.27378682627223866,3.4245153795482923,0.009493109837906957,3855220700.0,3836164265.0,66148990.0,1.6218554508542005,366.94625368053585,200.63361059089686,-0.016921593126221664,0.7979885693834482,0,-0.002477364146811878
2021-02-24,364.71197509765625,365.1402251600415,358.66090455980543,359.6476922516517,72433900,352.8302429199219,317.7682699584961,362.0887920705951,358.8205846032518,352.7445470719551,0.011019211500437942,0.010958942331022042,72.36225243866392,3.268207467343302,3.673098176113032,-0.40489070876973,0.16102689368958778,0.6064902231930397,372.01559974939227,346.8115639468968,0.07012544064944212,0.840880133672282,3.673209081073192,0.010071534064900512,3927654600.0,3843185475.0,67637420.0,1.0709145913608178,366.94625368053585,200.63361059089686,-0.006088844239365812,0.8178009857048545,-1,-0.026418552203929413
2021-02-25,355.9239196777344,364.8143548239755,354.4809836013045,363.44588095381306,146670500,353.1576483154297,318.2034986877441,361.1403501640012,358.6060168309912,352.8692283506131,-0.024095878446461105,-0.02439093350770492,42.925122900536785,2.534333333009954,3.4453452074924167,-0.9110118744824627,0.16030573738867313,0.604121919123904,371.44245715925337,348.1220051210201,0.06481824286967039,-0.6617901669169998,4.119395775342513,0.011573809872268078,3780984100.0,3849040715.0,68803390.0,2.131733625334449,366.94625368053585,200.63361059089686,-0.030038006635155726,0.7739994741134532,-1,-0.01472522092461448
2021-02-26,354.0900573730469,358.949534192139,352.1071917346127,357.8045035066823,152701600,353.47877990722657,318.6563539123535,360.05568973462357,358.2715013155879,352.9171039985517,-0.005152399721681911,-0.00516571910401398,36.74728278216625,1.7841884190356723,3.113113849801068,-1.3289254307653957,0.15919605850055238,0.6007514992480643,371.24252317279786,348.5760894981006,0.06297818165771817,-1.02693684324438,4.453201403605228,0.012576465537165923,3628282500.0,3842550970.0,71728565.0,2.1288812901805576,366.94625368053585,200.63361059089686,-0.0350356385398108,0.7648591197167671,0,0.00859704573619724
2021-03-01,362.6732482910156,363.92072482785227,354.2855524299561,358.9588307931296,105348800,353.88017517089844,319.175428314209,360.45839105099157,358.59755664710104,353.29969789237384,0.024240135353267078,0.023951006305730015,48.63833847536146,1.8608344038905216,2.8626579606189586,-1.001823556728437,0.16137723955431443,0.6097719872276623,369.572910719095,352.06195561391286,0.048531344374099186,0.42392093702269573,4.965880239497985,0.01369243599548118,3733631300.0,3847666920.0,70657750.0,1.4909730355127357,366.94625368053585,200.63361059089686,-0.011644771806936906,0.8076395436581493,-1,-0.02017565184069403
2021-03-02,359.84326171875,363.12945783435276,359.3405493685015,362.8967243179224,79595300,354.21421813964844,319.66486297607423,360.36375576910825,358.6898310968528,353.5563082385063,-0.007803130188402507,-0.007833733915974738,44.977067009426186,1.6739246722554526,2.624911302946258,-0.9509866306908052,0.15645715439382893,0.5924178335545189,368.5332113161329,354.061451159453,0.04005498769420781,-0.4019053668381505,5.12214459437124,0.014234376850370644,3654036000.0,3845012225.0,70846635.0,1.1234873752296068,366.94625368053585,200.63361059089686,-0.019357036324915654,0.7935342969652802,0,0.0016295852279435419
2021-03-03,355.0768127441406,360.11314003050495,354.9743952442966,359.1449892511198,119940200,354.41455505371096,320.1244448852539,359.55037991911325,358.422200107763,353.61593586617823,-0.01324590309637308,-0.013334412531278919,39.660943184735714,1.1281798113502646,2.3255650046270593,-1.1973851932767947,0.1570758220873159,0.5961133913206547,368.5488047249608,354.0337575308985,0.04017547046457133,-1.7125589187525814,5.171350426197056,0.014564033022126398,3534095800.0,3833137985.0,73621110.0,1.6291550073070074,366.94625368053585,200.63361059089686,-0.03234653799389592,0.7697773154676565,1,0.02139378093479949
2021-03-04,350.682861328125,357.47866839991167,346.1957524741158,354.89067292653556,183433000,354.55456970214846,320.52197814941405,358.1861462897304,357.84891575371574,353.50091333527416,-0.012374650380738261,-0.012451853939290476,34.761860277385765,0.33723053601465836,1.9278981109045792,-1.5906675748899208,0.16306760958189126,0.6205308201785985,369.358516047607,352.7446150559086,0.04601531353647258,-2.4963924430071915,5.738555177172628,0.01636394534776882,3350662800.0,3809470740.0,80171405.0,2.2880102949424423,366.94625368053585,200.63361059089686,-0.0443209112759325,0.7478769399369827,1,0.04467723756036812
2021-03-05,357.1341857910156,358.1861456706564,346.9032310579424,354.18311275175654,152039600,354.8481854248047,320.96569458007815,358.02430621300505,357.7959727935157,353.64339460804837,0.018396463512524663,0.018229295663243786,41.16136393309352,0.2283334194893314,1.5879851726215297,-1.3596517531321983,0.17161247470556035,0.6548634742187689,369.39885872836913,352.465951452295,0.046914344728443795,-0.8972397324317718,6.33634706160143,0.0177422025493501,3502702400.0,3791048345.0,85416255.0,1.7799843835344924,366.94625368053585,200.63361059089686,-0.026739795790537292,0.7800316942869168,1,0.027187525341649144
2021-03-08,355.3560791015625,360.9044370293171,355.07681030362994,358.09302696069,123149200,355.117783203125,321.37772277832033,357.6138097343216,357.61523992744515,353.71055870583325,-0.0049788196151393516,-0.0049912552311499716,39.931416506210084,-0.0014301931235536358,1.2701020994725132,-1.2715322925960668,0.17162734058483847,0.6567581530792661,369.47968198310053,351.8274957512745,0.04894498980939443,-1.2004200941124115,6.577057591604671,0.0185083581748011,3379553200.0,3764035000.0,89140225.0,1.381522202799017,366.94625368053585,200.63361059089686,-0.03158548278588988,0.7711692375718313,1,0.03848378108857986
2021-03-09,360.4296569824219,362.9804065396195,358.6981053166281,359.20081753054825,113633600,355.48270935058594,321.8245417785645,358.04701700326007,357.8237152648508,353.97405275589557,0.014277447831163581,0.014176484933131422,45.492160389712964,0.22330173840924772,1.06074202725986,-0.8374402888506123,0.17767971715286246,0.6826349441574902,369.2191240599306,351.7771161744444,0.04838307583910923,-0.01570074619835595,6.900221983713741,0.019144434565911052,3493186800.0,3740785075.0,92903645.0,1.223133925477305,366.94625368053585,200.63361059089686,-0.017758995037424022,0.7964570139614248,1,0.0225739526808173
2021-03-10,362.6732482910156,364.3675549570112,361.3606563767608,362.77566580218155,109899400,355.8658813476562,322.2800045776367,358.75874489368397,358.1829399334556,354.3151976788415,0.006224768869957709,0.006205475021318816,49.028060246177034,0.5758049602283677,0.9637546138535615,-0.38794965362519385,0.17920452150655533,0.6917440524243169,369.15017591483894,351.7836924933642,0.048177743292375334,0.5081775124784635,6.8722881516647965,0.018948980064143986,3603086200.0,3724807675.0,96621060.0,1.1374269750300814,366.94625368053585,200.63361059089686,-0.011644771806936906,0.8076395436581493,1,0.01971326843472987
2021-03-11,366.35040283203125,368.32397808065963,364.68402325858307,365.1402001712224,86245000,356.26357604980467,322.73712295532226,359.92669226881435,358.78793718520194,354.78716650837833,0.010139028887140356,0.010087973743456127,52.82709905451787,1.1387550836124092,0.9987547078053312,0.14000037580707803,0.18277904986961077,0.709074637269487,369.6316687752183,351.62336967693017,0.049936009145766,1.2711658271446324,7.087728909619683,0.019346857147771037,3689331200.0,3716100245.0,97975590.0,0.8802702795665737,368.32397808065963,200.63361059089686,-0.0053582589407094846,0.8259672532088363,0,-0.005208932931375254
2021-03-12,366.8437805175781,366.98341490924895,364.18132341690256,364.9912312984389,64653600,356.6843585205078,323.17625549316404,360.9908596917011,359.3846663209335,355.25997490089594,0.0013467371176143494,0.0013458310805536345,55.91445951670698,1.6061933707675848,1.120242440397782,0.48595093036980286,0.18275988416681732,0.7134567839931262,370.1155093500487,351.4513882329592,0.05173219885670384,1.2988196308319753,7.0691094107458285,0.019270081124919323,3753984800.0,3708479830.0,99062605.0,0.6526539454519695,368.32397808065963,200.63361059089686,-0.004018737989296352,0.8284263510842811,0,-0.00838534276226155
2021-03-15,369.0315246582031,369.29218502366257,364.95402947649114,367.09516616349055,73427200,357.1390270996094,323.6289004516602,362.227885071163,360.0992484199905,355.8000356756923,0.005963694239379924,0.00594598180104724,57.266339686683104,2.128636651172485,1.3219212825527227,0.8067153686197623,0.1831262638714272,0.7205095755536769,370.785059454409,351.1327933287941,0.05444460488087313,1.6430875123223787,6.797143892378825,0.01841887057934776,3827412000.0,3702001110.0,100204300.0,0.7327749407959538,369.29218502366257,200.63361059089686,-0.0007058377513262074,0.8393305267813727,0,-0.006392845107577649
2021-03-16,368.56597900390625,370.35335586836266,367.79328809314734,369.6458655473601,73722500,357.5491961669922,324.0730128479004,363.20297644543115,360.72641364842866,356.3006609042497,-0.001261533563367112,-0.001262329966696344,53.597440361703875,2.4765627970024866,1.5528495854426754,0.9237132115598112,0.18317193487381286,0.7273479278145742,371.3651345209839,350.88877783253173,0.05670126900864678,1.4531926629097218,6.5171972620202,0.017682579601171294,3753689500.0,3694384885.0,101341805.0,0.7274638536386835,370.35335586836266,200.63361059089686,-0.004826139242793051,0.8370101495877122,-1,-0.012968187083563398
2021-03-17,369.8227233886719,370.6233127180052,366.1362055549973,367.28126421073824,97959300,358.0792681884766,324.5177557373047,364.22139905208354,361.4002143699281,356.8309378644231,0.0034098220030023274,0.0034040217414560655,65.09603821640852,2.821184682155433,1.806516604785227,1.0146680773702061,0.18345240501643123,0.7356980478277441,372.16455331398083,350.5427129213707,0.05983568009559465,1.5667658470596935,6.099606972044264,0.016493326629996644,3851648800.0,3689052095.0,103625240.0,0.9453227804345736,370.6233127180052,200.63361059089686,-0.0021601159502409976,0.843274027215515,-1,-0.02132278558361611
2021-03-18,364.4421081542969,369.32019396744516,363.762516003058,367.234910580424,115349100,358.4544360351563,324.9239669799805,364.2553542985779,361.6255398354369,357.1294151306927,-0.014549174223456696,-0.014656051374992634,60.439458306302406,2.629814463141031,1.971176176456388,0.658638286684643,0.19062402059222447,0.7721357009430045,372.2373170466529,350.5407194523705,0.06003668207566427,0.5628698031486498,6.043740181193373,0.016583539733653896,3736299700.0,3680937490.0,106407055.0,1.0840362041783789,370.6233127180052,200.63361059089686,-0.016677862270394715,0.816455912251984,0,-0.0012866312025944238
2021-03-19,363.7676696777344,365.71969051583625,361.59147356195604,364.141257136667,113624500,358.7747814941406,325.30796112060546,364.18032589537125,361.7842161200515,357.3897388384198,-0.0018506052442133214,-0.0018523197296486276,51.31311844209712,2.3961097753197578,2.056162896229062,0.33994687909069565,0.19063568041254578,0.7800351387533774,372.2975905408552,350.54799356559016,0.060177712788135995,0.43124985290480233,5.636422288270146,0.015494566334780416,3622675200.0,3671303710.0,107926230.0,1.0527978231056527,370.6233127180052,200.63361059089686,-0.018497603375228176,0.8130943694148881,1,0.016689011579673396
2021-03-22,366.67236328125,368.05466830965446,364.2253325103038,364.28136920712717,73778600,359.0498876953125,325.71024795532225,364.5637162624295,362.14630109495505,357.753763326374,0.007985024084435244,0.007953312479717659,58.17909086124318,2.4174151674744735,2.1284133504781444,0.2890018169963291,0.1901916540912838,0.786290313856688,372.84863216412236,350.6342474745495,0.061409565629714294,0.88787936824389,5.672000157275063,0.015468851010525843,3696453800.0,3668729570.0,108244450.0,0.6815924511603135,370.6233127180052,200.63361059089686,-0.010660283099248373,0.8275719716220201,0,0.00812534539813159
2021-03-23,363.7863464355469,367.4849108087404,363.00180420504506,366.0372486874983,90686600,359.2270574951172,326.0614270019531,364.4441209044476,362.26778593499887,357.9903352130082,-0.00787083275073408,-0.007901971253079,60.92326911918479,2.1763349694487033,2.137997674272256,0.03833729517644713,0.1927382137781655,0.805115472077844,373.02673370320207,350.76108673136827,0.06152534304449959,0.3399741710295999,5.625168858524132,0.01546283667224097,3605767200.0,3656256895.0,107414575.0,0.8442671769636476,370.6233127180052,214.91863611227424,-0.018447210544632785,0.6926700867648519,1,0.013427567232420667
2021-03-24,361.93707275390625,366.8218139815274,361.8903850062456,365.1873437728255,97588600,359.4150909423828,326.38561813354494,364.0584211889797,362.2432886623253,358.14510923421994,-0.005083405960009779,-0.005096370422500069,65.0770989407788,1.815132526654395,2.073424644748684,-0.258292118094289,0.18952060929143189,0.8011428831964762,372.8089972370773,350.70133296311803,0.061112228398569106,0.032913047985797556,5.171491219201698,0.01428837112444123,3508178600.0,3635283095.0,108672310.0,0.8980079654145569,370.6233127180052,220.38814988584195,-0.023436841844614382,0.6422710247415059,1,0.022734320891969695
2021-03-25,363.97320556640625,364.7670683556702,358.5560867809132,360.4987874842971,116128600,359.6423577880859,326.73106689453124,364.0453110931992,362.3714306552202,358.3736620315606,0.0056256541973096486,0.0056098893023322155,60.3914320451601,1.673880437978994,1.993515803394746,-0.319635365415752,0.1682229028668682,0.7200339520302494,372.8992450086102,351.41601378045226,0.05932011225077436,0.338045269308895,4.809210287919053,0.01321308880535609,3624307200.0,3627449250.0,107145215.0,1.0838430815599185,370.6233127180052,224.20297754937033,-0.017943035214999514,0.6234093299954413,1,0.027995650757285828
2021-03-26,369.8385925292969,370.2401983720078,364.5242270663124,365.12196135499164,114409100,359.9679412841797,327.11406997680666,364.93658516029114,362.92455375700365,358.8232671491189,0.01611488668173533,0.01598642020617093,69.57398313354985,2.0120314032874944,1.9972189233732958,0.01481247991419865,0.1744421859800405,0.7563285639036799,373.50392981516654,352.38618248952093,0.058184419287919925,1.3057332809879467,4.840593579341511,0.01308839498397686,3738716300.0,3632970940.0,105230590.0,1.0872228313078924,370.6233127180052,224.20297754937033,-0.0021172985124802103,0.6495703873863898,1,0.026213332908651354
2021-03-29,369.6517028808594,370.55766731598834,366.8777728890021,368.362802086254,108107600,360.31455078125,327.5806625366211,365.6619878865324,363.42286109951146,359.24791168761857,-0.0005053276002360274,-0.0005054553212569246,64.36115509712937,2.2391267870209504,2.0456004961028267,0.19352629091812368,0.15395264272526538,0.6765469166525995,374.2680814231054,352.31987634056645,0.060414447688046505,1.1586777094447134,4.558848364265032,0.012332821217205029,3630608700.0,3627819810.0,105368530.0,1.025995142952075,370.6233127180052,224.20297754937033,-0.0026215561833399436,0.6487368139411114,1,0.026125948143719935
2021-03-30,368.6711120605469,369.34358094645273,367.07398064220894,368.381579616897,76262200,360.6929345703125,328.02580596923826,366.12493006715005,363.81162042995857,359.61744895714514,-0.00265274260248316,-0.0026562673590351995,59.72271142437638,2.3133096371914803,2.0991423243205576,0.21416731287092272,0.1511066891375653,0.6731250595505006,374.834508079284,352.6362347185676,0.061028635393203134,0.889391815395214,4.4616929545551125,0.012102095359786064,3554346500.0,3622835335.0,105201875.0,0.7249129352494905,370.6233127180052,224.20297754937033,-0.005267344472050748,0.6443631395544875,1,0.030045738565462
2021-03-31,370.16546630859375,371.7252304449524,369.2128139187483,369.2408322683644,112734200,361.04627990722656,328.4653678894043,366.74655102737216,364.2822756802278,360.03109669641765,0.004053353244019453,0.004045160538915744,56.655309362322846,2.464275347144337,2.1721689288853137,0.2921064182590234,0.1412425748368512,0.6379886150874144,375.15355058708275,353.82605756721415,0.05851327741215606,1.0644780847131747,4.276220711323792,0.011552187063713986,3667080700.0,3629484580.0,104841575.0,1.0752814425002677,371.7252304449524,224.20297754937033,-0.004196013637523639,0.6510283242205467,1,0.03075720169087437
2021-04-01,374.1628723144531,374.2189375105821,371.893300729822,372.0987781059756,99682900,361.3820135498047,328.89775299072267,367.8875235330769,365.0141717272075,360.5852839755563,0.010798970648782547,0.010741078178378587,61.377121659187296,2.8733518058693903,2.312405504282129,0.5609463015872613,0.13343746352987845,0.6112848072040479,375.0167620645839,356.31084718834586,0.05115604727502793,1.8174075403212988,4.365604976298219,0.011667659458817944,3766763600.0,3650289620.0,100654070.0,0.9903514085421483,374.2189375105821,224.8372560253544,-0.00014981923817634788,0.664149789624988,1,0.027158690595844304
2021-04-05,379.5332946777344,380.0750207457854,376.7500437520767,376.82474984617124,91684800,361.8186376953125,329.3629656982422,369.679180632255,366.0896623161354,361.32834321877897,0.014353167459030702,0.014251135909343229,64.85461452128118,3.5895183161196087,2.567828066649625,1.0216902494699838,0.1280240532052713,0.5950177786831595,377.14605979365547,356.4214603479461,0.05650359067617627,2.460753876159928,4.478033039452567,0.011798788412634289,3858448400.0,3668076920.0,97636330.0,0.939043898925738,380.0750207457854,225.4163970895069,-0.0014253135262298218,0.6836986997313764,1,0.01299355842099903
2021-04-06,379.3092041015625,380.35526059128404,378.6367351434698,378.972983873967,62021000,362.27610290527343,329.82650650024414,371.16072270445613,367.06888763357443,362.0334750181038,-0.0005904372009368775,-0.0005906115776233693,65.30066377604773,4.0918350708817,2.87262946749604,1.2192056033856602,0.12527987990806735,0.5908870096932894,378.3193812005877,357.6434514410139,0.056187429154163714,2.191492795785875,4.417922873209632,0.011647286238872031,3796427400.0,3688920630.0,94579920.0,0.6557522992195384,380.35526059128404,228.12810503836027,-0.002750209075839734,0.6627026469964354,1,0.016595994401572334
2021-04-07,379.74810791015625,380.0936770263506,378.68338221439245,379.1410247193097,55836300,362.7142315673828,330.30043075561525,372.48185888994846,368.0080891355434,362.7281665040666,0.001157113520704911,0.0011564445808315324,64.47304129890912,4.473769754405055,3.192857524877843,1.2809122295272117,0.1185001328022744,0.5673403387322242,379.90577752236373,357.9889002120113,0.05940380916595258,1.9712240732206399,4.19815056242036,0.011055092770636243,3852263700.0,3706874475.0,91690055.0,0.6089678973363033,380.35526059128404,243.49788162912452,-0.001596277859241207,0.5595540518441002,1,0.011953226344881607
2021-04-08,381.55072021484375,381.60675691392385,380.06569068342264,380.99967367195654,57863100,363.19958435058595,330.7742280578613,373.87706832454774,369.01124699326937,363.46630586527357,0.004746863163078485,0.004735632334913534,77.85401626678724,4.865821331278369,3.5274502861579484,1.3383710451204203,0.1180223849726024,0.5734847653939223,381.78617473965113,357.9962501871067,0.0643160036003823,1.960411051115739,3.898039249431341,0.010216306883751736,3910126800.0,3722226505.0,89088240.0,0.6495032340968909,381.60675691392385,243.8287956537258,-0.0001468440955638937,0.5648304343704513,1,0.017991859968291557
2021-04-09,384.32464599609375,384.4927845941178,381.3078992229351,381.4293215703808,61104600,363.91505859375,331.25529327392576,375.484387966324,370.14557284533043,364.28427998805086,0.007270136404638583,0.007243836355999303,81.32663529713777,5.338815120993559,3.8897232531250707,1.4490918678684879,0.11600306480093904,0.5721339382876333,384.18050344412535,357.3993457990387,0.0722273068029525,2.021528949847064,3.8306584220958046,0.009967246342392362,3971231400.0,3736321515.0,87831220.0,0.6957047846995635,384.4927845941178,249.49129559193025,-0.00043729974855450537,0.5404330843858292,1,0.014022257425428064
2021-04-12,384.46478271484375,384.73561726762654,383.11984489042715,383.7269281507639,56704900,364.5733831787109,331.77380599975584,376.8659871584039,371.20625505788695,365.07567225184664,0.00036463110084139494,0.00036456463907707127,79.60849198417148,5.659732100516976,4.243725022603452,1.416007077913524,0.11617617808355589,0.5808185859689782,386.23564583274236,357.10630363014826,0.07837400330666609,1.7568275854169155,3.639856546758612,0.009467334097693628,4027936300.0,3750019090.0,87433785.0,0.6485467831456685,384.73561726762654,249.49129559193025,-0.0007039497790878865,0.5409947741971611,0,0.008672628074838373
2021-04-13,385.6042175292969,386.2299986965263,383.9790961887934,384.36203264890395,56551000,365.39525329589844,332.2829664611816,378.2103302923874,372.27277079650986,365.8807132431192,0.0029636909950689905,0.0029593079208282006,88.54807401975586,5.937559495877565,4.582491917258275,1.3550675786192903,0.11543239254010297,0.5844741839096201,388.2680098952766,356.7312088547234,0.08466264191113476,1.6621353745782295,3.480413397047012,0.009025869632202824,4084487300.0,3762872855.0,86589975.0,0.6530894598364303,386.2299986965263,250.05205605846757,-0.0016202293176122002,0.5420957684072563,0,-0.0016712464956809558
2021-04-14,384.2873229980469,386.6316009841835,383.7455968876172,385.5761956165632,61659900,366.07609375,332.8192425537109,379.1452522471043,373.1627376262533,366.6025410766458,-0.0034151455595786695,-0.003420990480473152,90.24580299491689,5.982514620850964,4.862496457976813,1.1200181628741506,0.11654266996210115,0.5962307052485467,389.7791864485991,356.792166700815,0.08836936913967622,1.3340576391712153,3.3343116199959053,0.00867661101590086,4022827400.0,3776329750.0,85986845.0,0.7170852704271218,386.6316009841835,250.05205605846757,-0.006063337761758652,0.5368292868913351,1,0.011228425055988422
2021-04-15,388.41552734375,388.6863904096903,386.3794511307246,386.4261388821726,60229800,366.7404479980469,333.3558010864258,380.571448415819,374.2925739016234,367.45795230280675,0.010742494218900056,0.010685203559055969,90.92922524702891,6.278874514195593,5.14577206922057,1.133102444975023,0.12046276028808692,0.6225302041540863,391.93718013171946,356.4934534132024,0.0947147942104902,1.602564051174427,3.2048891797735086,0.008251187077125171,4083057200.0,3787900170.0,84100370.0,0.7161656958227414,388.6863904096903,250.05205605846757,-0.0006968678930456463,0.5533386666212017,0,-0.008656698827744447
2021-04-16,389.7137451171875,390.3208283501207,388.28475230611167,389.7043961665137,82037300,367.42517944335935,333.8808465576172,381.977955600645,375.4348828805541,368.330728491606,0.003342342625475281,0.003336769413299267,89.29125174505381,6.5430727200908905,5.425232199394634,1.117840520696256,0.10228027541645475,0.5337683420681273,393.8582863150819,357.0995109261291,0.09789837864123203,1.5490011671401887,2.9026808396597557,0.007448238292921681,4165094500.0,3809339910.0,82434780.0,0.9951782487925607,390.3208283501207,250.05205605846757,-0.00155534419082709,0.5585304566584488,0,-0.00124642329684721
2021-04-19,387.7991027832031,389.22809574117946,386.4728627845068,388.77980210912494,78498500,367.9908135986328,334.3863473510742,382.8735167056539,376.350751021491,369.0941941501,-0.004912945355336706,-0.004925053545566045,83.58162428590468,6.522765684162891,5.6447388963482865,0.8780267878146049,0.10490046959233966,0.5528893318607229,394.9781149072403,358.38282564451754,0.09715207490295567,1.2153075141761192,2.871322832923645,0.007404150273469925,4086596000.0,3832535950.0,80678480.0,0.9729794116101345,390.3208283501207,250.05205605846757,-0.006460648225145562,0.5508734816902578,0,0.005780096181744687
2021-04-20,384.95977783203125,387.68699217501296,383.4840687603821,386.5848990980943,81851800,368.4713610839844,334.86975692749024,383.19447995586586,376.98845671116067,369.71637390233263,-0.007321638783571838,-0.007348573532341184,78.2019945196678,6.206023244705193,5.756995766019668,0.44902747868552506,0.10965057444754066,0.5833765697449991,395.61226705336304,359.5774149534729,0.09543258590115102,0.8175348473616417,2.9954165317929715,0.007781115597744229,4004744200.0,3847950470.0,81082140.0,1.0094923493632506,390.3208283501207,250.05205605846757,-0.013734984476105194,0.5395185462583013,1,0.012979966802918685
2021-04-21,388.6022644042969,388.80774177837327,384.20318450969165,384.343304744254,66793000,368.9726257324219,335.349128112793,384.026446794086,377.84873876250407,370.4569970592724,0.009461992608108094,0.00941750834243053,79.71117841057635,6.177708031581915,5.841138219132118,0.3365698124497971,0.10516272333522056,0.5649347882350245,396.25721248727996,361.414061316431,0.09197432283773169,1.1212105878059972,3.1061621663841215,0.00799316537989215,4071537200.0,3871238970.0,79887460.0,0.8360886677333339,390.3208283501207,250.9438027988502,-0.004402952189582459,0.5485629055991872,0,0.0031967094609202107
2021-04-22,385.0531311035156,389.26540322576255,383.98840538810305,388.43417324213044,97582800,369.4077490234375,335.82584991455076,384.1843982263059,378.3823974544309,371.02939447277214,-0.00913307416317255,-0.00917503637641945,67.80709265724145,5.8020007718750435,5.833310729680703,-0.03130995780565993,0.11031393238108168,0.5972908587855202,395.6728522934982,364.3100273451737,0.08253560912644692,0.6455657348308526,3.193556926074917,0.008293808485396728,3973954400.0,3894527760.0,79887170.0,1.2215077840409168,390.3208283501207,250.9438027988502,-0.013495813863870696,0.5344197657360117,1,0.018895303564809396
2021-04-23,389.2279968261719,390.6383200253725,385.53878173639555,385.6134878217857,73209200,369.9295349121094,336.31236618041993,384.96033647243917,379.18577518567093,371.7430651532976,0.010842310801866706,0.01078395438345855,66.49719884754958,5.7745612867682325,5.82156084109821,-0.046999554329977045,0.11339462184759916,0.6188184246950685,395.5067635934915,367.0015951711569,0.0747668352607078,1.1189293568924907,3.1702026753980994,0.008144847496193607,4047163600.0,3915670580.0,77741200.0,0.9417040128014489,390.6383200253725,250.9438027988502,-0.0036103042812312986,0.551056421736649,0,0.0013438686151245882
2021-04-26,390.0406188964844,390.61036333622997,389.293443913069,389.88185775138544,52182400,370.4558435058594,336.8112550354004,385.74191838383075,379.9898376827682,372.4606162804814,0.002087779083053576,0.0020856027009806305,67.90275561728251,5.752080701062539,5.807664813091076,-0.05558411202853719,0.10295883359036612,0.5659805736207812,395.96312081276653,368.5654405886006,0.07167209076910473,1.1353279739072821,3.1461913227012337,0.008066317122566722,4099346000.0,3933702065.0,74629865.0,0.6992160578074207,390.6383200253725,250.9438027988502,-0.001530062715939601,0.5542946848905866,0,0.0014128167208897757
2021-04-27,389.95654296875,390.53563632822335,388.81708265316865,390.3394793906885,51303100,370.94453491210936,337.29490493774415,386.39032216612605,380.72811214839646,373.14673105257043,-0.00021555685141783076,-0.00021558008713506603,67.2343262481504,5.662210017729592,5.77857385401878,-0.1163638362891879,0.1028449057739524,0.569299477751344,396.0186542954748,370.5403911146815,0.06647436576046367,1.0482692976744261,3.168209812922417,0.008124520206284392,4048042900.0,3954573775.0,71789640.0,0.7146309690367579,390.6383200253725,250.9438027988502,-0.0017452897518558782,0.5539596460221362,0,-0.004550677972680717
2021-04-28,389.8445129394531,391.3482404466595,389.3775214221555,390.2274494039852,51238900,371.4373175048828,337.7906898498535,386.9217361312533,381.40340109588215,373.8015460285266,-0.000287288497441196,-0.0002873297726870352,64.8495922209995,5.518335035371138,5.726526090289251,-0.20819105491811385,0.10154746101731375,0.5659611414273357,395.370525994125,373.3058595039219,0.05740950784095382,0.9982149862770529,3.176214814403587,0.008147388789583621,3996804000.0,3976696650.0,70538475.0,0.7263964807858406,391.3482404466595,250.9438027988502,-0.0038424281797973395,0.5535132112903463,0,-0.003953289482696909
2021-04-29,392.3288269042969,392.9452589949812,388.9478136062445,392.5716715620224,78544300,371.9781103515625,338.28006088256836,387.7535962501831,382.2126918965055,374.52810606287056,0.006372576456474599,0.006352357443802242,64.48123817758386,5.540904353677604,5.689401742966922,-0.148497389289318,0.10225368831376874,0.5738099058921873,394.8109876351234,376.08173392249375,0.04859107678377481,1.4698858223864737,3.2342548156574447,0.00824373483125775,4075348300.0,3997110030.0,68828980.0,1.1411515905073706,392.9452589949812,250.9438027988502,-0.001568748003884685,0.5634130930054373,0,-0.0023566737926159487
2021-04-30,389.7510681152344,390.90922633880604,388.8544524767412,390.05929844599274,85527000,372.4984436035156,338.74301681518557,388.0608996140371,382.7710901349298,375.1250849668848,-0.0065704037335275745,-0.006592083853076688,58.78879513732095,5.289809479107305,5.609483290194999,-0.31967381108769377,0.10311269379277709,0.5820665501346659,394.1147491921043,378.3367919455911,0.040851642870114155,0.893727239949781,3.367012104968609,0.008638878454524499,3989821300.0,4008262915.0,68121185.0,1.2555125105354523,392.9452589949812,250.9438027988502,-0.008128844429670608,0.5531408377821084,1,0.011550529101709728
2021-05-03,390.5916748046875,392.12339199652814,390.0966649892705,391.7404555728437,68128300,373.0484332275391,339.215069732666,388.45024964336795,383.35039270306004,375.73161790170064,0.002156778411200211,0.002154455903466218,58.37519332809251,5.099856940307916,5.507558020217582,-0.40770107990966586,0.09235962001044415,0.524794259487982,394.2306892411733,379.3266899092173,0.03853366210099449,1.0233455178150326,3.3756850602229553,0.008642491066689892,4057949600.0,4018237975.0,66943360.0,1.01770063528332,392.9452589949812,250.9438027988502,-0.0059895981346444055,0.5564906184105901,0,-0.0006216936632406078
2021-05-04,388.1819763183594,389.09728984022036,384.49276088924864,388.60228003315905,101591200,373.60608459472655,339.67078063964846,388.4089768241359,383.7082877856748,376.2198672513735,-0.006169354448051334,-0.006188463549624311,56.3085650560267,4.700689038461064,5.3461842238662785,-0.6454951854052142,0.09604627355087826,0.5492159737947281,393.8080882062036,380.6365681658667,0.034015393952202086,0.29143124835825573,3.6051786187138526,0.009287341604333376,3956358400.0,4026234525.0,68921870.0,1.474005275828993,392.9452589949812,250.9438027988502,-0.012122000628801746,0.5468880760905486,0,-0.003392388348787967
2021-05-05,388.3033447265625,390.05923693124885,387.74294935229557,389.8257412338787,60162200,374.15741271972655,340.1150955200195,388.39272573220154,384.0486623738887,376.6937291131456,0.0003126585354482625,0.0003126096679539956,49.791180500485126,4.344063358312837,5.14576005075559,-0.8016966924427527,0.09609502451401887,0.5520814627242335,393.22565968167413,382.07452037203683,0.028765991796531703,0.23432751805301866,3.456408630664555,0.008901310476989341,4016520600.0,4034447370.0,69138165.0,0.8701735141509758,392.9452589949812,250.9438027988502,-0.01181313214031675,0.5473717238509215,-1,-0.024870472347995776
2021-05-06,391.40423583984375,391.5349786293804,386.3700541332892,388.3781117451592,74321400,374.69125793457033,340.5717297363281,388.85603497953116,384.59351966766314,377.27061172987885,0.007985744020476693,0.007954026712337336,52.948823323992606,4.262515311868015,4.969111102978075,-0.7065957911100602,0.0983717954584584,0.5678351611275206,393.162722838906,383.12280877730495,0.025866549491649425,1.2994015727336872,3.679897805813283,0.009401783294238639,4090842000.0,4043483130.0,69961080.0,1.062324938380025,392.9452589949812,250.9438027988502,-0.003921724769192684,0.5597286383421187,-1,-0.020974877147415416
2021-05-07,394.2528991699219,394.90669867070073,391.48831747234374,392.17013532299035,67733800,375.45783752441406,341.0340669250488,389.6863217780528,385.3090292604231,377.93658378635115,0.007278059533427639,0.0072517022673784124,60.90247890937061,4.377292517629712,4.850747385908402,-0.4734548682786901,0.09837818340275958,0.570321247848086,394.01998316212064,383.2583737714731,0.027690490271986206,2.086572926877305,3.6985821271115884,0.00938124268686103,4158575800.0,4052850350.0,70292540.0,0.9635986976711896,394.90669867070073,250.9438027988502,-0.001655579667247024,0.5710804362279646,-1,-0.01312428113925368
2021-05-10,390.3488464355469,394.8319533096077,390.22742408846256,394.60780651677413,81852400,376.1830133056641,341.4948875427246,389.7882486484365,385.682349051173,378.42333918435884,-0.009902407167061478,-0.009951762092924398,58.78769963901504,4.1058995972634875,4.70177782817942,-0.5958782309159325,0.10611148201636068,0.6177188927031226,393.9866412663942,383.8801220392699,0.025985219330300454,0.560218508606094,3.719260355563311,0.009528042389584525,4076723400.0,4055289705.0,71549915.0,1.1439901780456343,394.90669867070073,250.9438027988502,-0.011541592610345913,0.5555229580562308,0,-0.005790187140893632
2021-05-11,386.8651123046875,387.8551320603856,382.9890883362958,385.8284047975115,116888000,376.6668505859375,341.94789169311525,389.3385353647828,385.7699611440259,378.75438911064623,-0.008924668697425253,-0.008964732099627648,47.15256580717904,3.5685742207568865,4.4751371066949135,-0.906562885938027,0.11114000441120984,0.6495781489388319,393.9041692961854,384.08868348701776,0.025232843140020018,-0.8685516448120736,3.9160604148896994,0.010122547343595785,3959835400.0,4049057110.0,74566765.0,1.5675616341945369,394.90669867070073,250.9438027988502,-0.02036325641748316,0.54164043100434,0,-0.005480249110264124
2021-05-12,378.64605712890625,385.35204832878026,377.3291376588085,384.0818451111226,134811000,377.04290649414065,342.3489988708496,387.6935387131095,385.24226455031334,378.7501407976368,-0.0212452736480101,-0.021474202721233276,40.89224717219646,2.451274162796153,4.070364517915161,-1.619090355119008,0.13439225402861324,0.7880814304409527,395.1669678281125,382.2617583681766,0.03319972371763774,-3.120695095224768,4.220273044048233,0.011145693886392388,3825024400.0,4039166960.0,78224320.0,1.723389861362809,394.90669867070073,250.9438027988502,-0.04117590711053924,0.5088878581808165,1,0.013443106953115569
2021-05-13,383.194580078125,385.1279319103437,380.1497860913207,380.1965023474464,106394000,377.60526184082033,342.78231216430663,387.0013912308042,385.0905842190401,378.92443253412654,0.012012598212980397,0.011941019614843526,41.51355964069893,1.9108070117640636,3.638453016684942,-1.7276460049208784,0.13589438246241023,0.7994449353211888,395.3630693189864,381.5435621507402,0.035575721994039175,-1.5221195926000706,4.284322034018276,0.011180539226689469,3931418400.0,4031585020.0,80532530.0,1.3211307281666178,394.90669867070073,250.9438027988502,-0.029657938525732813,0.5270135217695872,1,0.012186656812556373
2021-05-14,389.07861328125,389.9285412046908,385.9030768823611,385.93109523135814,82201600,378.3731768798828,343.2268106079102,387.3209638539497,385.38599377920383,379.32263570068045,0.015355209882992993,0.015238511747721567,48.81581250746621,1.934970074745877,3.297756428297129,-1.362786353551252,0.14681639030192453,0.8663055839510132,395.31273495732603,381.5303833288068,0.03548297282706391,0.19069434758384063,4.666578792340256,0.011993922649680478,4013620000.0,4024011295.0,80540745.0,1.020621301677803,394.90669867070073,258.61937607827673,-0.014758132513499288,0.5044449460101047,0,-0.003936678074326738
2021-05-17,388.0886535644531,388.9012428166916,386.07124661632497,387.9672597019787,65129200,378.99226623535156,343.6717140197754,387.4390699632579,385.58619080033344,379.6664011071029,-0.002544369397351809,-0.002547611806258635,47.75086886639852,1.8528791629244665,3.0087809752225967,-1.1559018122981302,0.14601242516597313,0.8638450829858514,395.32292165072977,381.5491517135281,0.0354595573954773,-0.1008825090469015,4.758636863045281,0.012261726333246107,3948490800.0,4017106035.0,79872280.0,0.8154168129418616,394.90669867070073,268.3725249301823,-0.017264951770121644,0.44608191045419143,0,0.008784066606227325
2021-05-18,384.7449951171875,388.5930008749449,384.5862054511297,388.3501561514101,59810200,379.5800445556641,344.0880815124512,387.0245969100163,385.5238800089893,379.865561656518,-0.008615707819734864,-0.008653037599994931,44.30301893868367,1.5007169010270331,2.707168160383484,-1.206451259356451,0.14695142291154778,0.8719459295499326,395.33563659468433,381.51495849808913,0.035581302721264446,-1.065158280197763,4.904070891567512,0.012746288980507222,3888680600.0,4011302855.0,78770200.0,0.7592998367402901,394.90669867070073,268.3725249301823,-0.025731909809883304,0.4336228912303141,1,0.015293491307116325
2021-05-19,383.7362365722656,383.9136956201269,378.57131179137997,380.0563698240923,106467100,380.0461761474609,344.48892578125,386.5186953195932,385.3914619766394,380.0173528296846,-0.0026218886735995817,-0.0026253318434300843,40.07342986721421,1.1272333429537866,2.3911811968975445,-1.2639478539437579,0.142848690945158,0.8496932394324416,395.40181969219196,380.96217261737837,0.03719813700235565,-1.2315424492728895,5.059516458501142,0.013184880593230941,3782213500.0,3996836670.0,80753905.0,1.3184142612050773,394.90669867070073,269.5399713937195,-0.028286332280602254,0.42367098500481254,1,0.019982473732667927
2021-05-20,387.86444091796875,389.1253236094422,384.49277612741383,384.61416996928796,78022200,380.55,344.904548034668,386.72573310395865,385.57464560192307,380.3250817743232,0.010757921593692599,0.010700466850294662,47.895855017157594,1.1510875020355797,2.143162457925152,-0.9920749558895721,0.14451307836031574,0.8615920629671014,395.3938329263481,381.25129036466745,0.03641957475185572,-0.1295723807544334,5.196281644902634,0.013397159153348683,3860235700.0,3991150735.0,79775875.0,0.9780174770881548,394.90669867070073,269.5399713937195,-0.017832712831757466,0.43898672583670945,0,0.009655894760015826
2021-05-21,387.54693603515625,390.59172995398563,387.08929345333263,389.3495165134627,76578700,380.9739306640625,345.30911880493164,386.85207201645056,385.72074118956994,380.60829174533626,-0.0008185975544988677,-0.0008189327884372571,46.56412891352501,1.1313308268806281,1.940796131716247,-0.8094653048356188,0.1391700860484505,0.8318239678103397,395.3044260933157,381.1725911185983,0.03639987961384983,-0.19574883851736627,5.277003974856866,0.013616425480856243,3783657000.0,3977975405.0,79944350.0,0.9579000892495843,394.90669867070073,269.5399713937195,-0.018636712571142126,0.43780877482198327,1,0.012290755482773807
2021-05-24,391.4976501464844,392.5717248506236,389.54560067622776,389.78844536691764,51376700,381.4670080566406,345.7231951904297,387.5667763441481,386.1486603715636,381.03532540812637,0.010194156485267003,0.010142546522381368,53.61585320397448,1.4181159725844736,1.8362600998898924,-0.4181441273054187,0.14381900422442273,0.8616111709332975,395.48473795734554,381.13798237956854,0.03694652551898842,0.8883653059718963,5.200280753430328,0.013283044614660061,3835033700.0,3964759790.0,79904065.0,0.6429798033429213,394.90669867070073,271.59907765243577,-0.00863254165019634,0.44145426976553404,0,0.0011927260935433726
2021-05-25,390.62908935546875,392.9360287923444,390.0500243839531,392.5811106477631,57451400,381.8989593505859,346.131820526123,388.03790142281275,386.48054400000103,381.41155144527704,-0.002218559397969888,-0.0022210240468590963,52.495631580464064,1.5573574228117195,1.780479564474258,-0.2231221416625384,0.14407599477068084,0.8651323518588077,395.55703929440403,381.13293568118195,0.037142499782298555,0.6334124957196201,5.240974812675903,0.013416755063795738,3777582300.0,3951236760.0,80211480.0,0.7162490955160035,394.90669867070073,272.7757049594633,-0.010831949241759856,0.43205235016630017,0,0.004997057062058774
2021-05-26,391.40423583984375,391.90856610321015,390.1807204738854,391.21742785148024,43088600,382.3557244873047,346.53970489501955,388.55579902543286,386.8452619140635,381.8034214215346,0.001984354226291618,0.0019823879961456416,50.0,1.7105371113693764,1.7664910738532817,-0.055953962483905384,0.1442152812965265,0.8680135967507939,395.73631861757116,381.10962864805384,0.03765660365739425,0.815293743814642,4.995469179335442,0.012762941025961474,3820670900.0,3942430105.0,79803965.0,0.5399305661065839,394.90669867070073,272.7757049594633,-0.008869089439725026,0.4348940492996236,0,-0.0007159156102194419
2021-05-27,391.609619140625,392.94520757756385,391.32940722540144,392.43152848732285,56707700,382.79146240234377,346.96140396118165,389.0256175046932,387.19817726417915,382.1879781948323,0.0005247344866887715,0.0005245968616902952,46.82506343275102,1.8274402405140222,1.77868090718543,0.04875933332859228,0.14239899177305032,0.8588317183454595,395.6261899561455,381.14783653311235,0.03727816051849759,0.8903238651375994,4.860707573714401,0.012412125075939327,3877378600.0,3932531620.0,78712135.0,0.7204441856392283,394.90669867070073,272.7757049594633,-0.008349008870130757,0.4356469876920357,0,0.007894631843609279
2021-05-28,392.3101806640625,393.4402919789062,392.0766849418198,393.1787779101102,58520200,383.34882385253906,347.36518600463864,389.5309349138269,387.57684418268906,382.5849273112727,0.0017889282826475394,0.0017873300562383798,52.552238912658616,1.9540907311378533,1.8137628719759147,0.14032785916193857,0.14040248246026146,0.8484895906873285,395.94364901972403,381.0862887244166,0.0382414102047112,1.0217728359644345,4.662574974938407,0.011884919649666183,3935898800.0,3929835495.0,77361795.0,0.7564483218105268,394.90669867070073,272.7757049594633,-0.006575016365583058,0.4382152571922157,0,0.0051184654949507635
2021-06-01,391.964599609375,394.81323593275704,391.5256265248219,394.6731442042603,54216600,383.9127624511719,347.77005599975587,389.9053448669882,387.9018631031843,382.9527575974728,-0.0008808872971446391,-0.0008812755063555593,57.226008441154086,2.0034817638038476,1.8517066503415012,0.1517751134623464,0.14030219316873177,0.8490245526423541,396.1177217029177,381.0495085216917,0.03877727365542979,0.8975143782503072,4.371707211272983,0.011153321538806691,3881682200.0,3921022125.0,76666210.0,0.7071772557949584,394.90669867070073,272.7757049594633,-0.007450111814332759,0.43694835164159546,0,0.006219374557377311
2021-06-02,392.5810852050781,393.4216927574089,391.6097633493774,392.6184525081131,49097100,384.4309368896484,348.1779623413086,390.3169972266943,388.24847214776906,383.3303390722809,0.0015728093718603287,0.0015715738025738639,75.16885877156139,2.0685250789252336,1.895070336058248,0.1734547428669857,0.13830866819015164,0.8381397117763463,396.54238544667965,381.0647556666016,0.0398083529889375,0.9762514548121439,3.8199896942838785,0.009730447640615127,3930779300.0,3919743170.0,74041505.0,0.6631024045229766,394.90669867070073,272.7757049594633,-0.005889020048155373,0.43920839747593665,0,0.0031403681113411075
2021-06-03,391.1240234375,392.2634837583409,388.79841505022597,390.26477509890356,58138800,384.9776904296875,348.57364349365236,390.4411551052798,388.46147594700835,383.63597375326987,-0.003711492536164762,-0.0037183972143232814,66.12225093011077,1.9796791582714377,1.911992100500886,0.06768705777055173,0.1391544980360593,0.8444760376440963,396.7475786863829,381.14163029799215,0.04012383308097596,0.5586123676726067,3.6271893638134998,0.00927375754609742,3872640500.0,3912549165.0,73940335.0,0.7862934351054807,394.90669867070073,272.7757049594633,-0.00957865553036612,0.433866786250719,1,0.011557734993545843
2021-06-04,394.70123291015625,395.0001143194918,391.18944760771376,392.973358609629,55938800,385.6329736328125,348.9838407897949,391.0965516906454,388.9236801665008,384.06990548491245,0.009145972270424574,0.009104401146022217,62.61537492399634,2.1728715241446253,1.9641679852296339,0.20870353891499138,0.14005157608766763,0.851070766589197,397.26267011036913,380.9562385810371,0.041907055578363384,1.371674373518934,3.4230557749153547,0.008672523644471429,3928579300.0,3904436030.0,73021205.0,0.7660624061188801,395.0001143194918,272.7757049594633,-0.0007566615767958708,0.44698089211725084,0,0.0040463692545831265
2021-06-07,394.3182067871094,394.86925322739137,393.38422397248354,394.691794212381,51555000,386.23987365722655,349.39863189697263,391.5921909362553,389.3232747309903,384.4717996536261,-0.0009704203866373051,-0.0009708915493426317,64.36847143621364,2.2689162052649863,2.0251176292367044,0.24379857602828192,0.13776485705609878,0.8386057319592339,397.2746566584629,380.9507827946621,0.0419515298170462,1.2755518947778213,3.314317388485555,0.008405184775743667,3877024300.0,3890358455.0,72212265.0,0.713936891468506,395.0001143194918,272.7757049594633,-0.0017263476836132177,0.4455767123604657,0,0.007271872288091119
2021-06-08,394.4023742675781,395.2709716921303,392.5717754098022,395.1775676834587,47134300,386.7311492919922,349.80899719238283,392.02452683338186,389.69950432629315,384.86123395221244,0.0002134506574134054,0.0002134278800629996,76.21671060240286,2.325022507088704,2.0850986048071043,0.23992390228159977,0.13266312711437167,0.8089820236653306,397.80145465784705,380.8293375784811,0.04359477495263148,1.1989024408509923,3.2209174498078994,0.008166577231664184,3924158600.0,3882730215.0,70476360.0,0.668795891274748,395.2709716921303,272.7757049594633,-0.0021974733455222832,0.4458852716600604,0,0.005209777296528717
2021-06-09,393.8139343261719,395.31766180851946,393.58978752250255,395.24292720536323,48436300,387.21439392089843,350.2108801269531,392.29982029381114,390.00427691887677,385.2123202413873,-0.0014919786994158635,-0.0014930928079242823,77.9966427021161,2.2955433749343683,2.1271875588325573,0.16835581610181105,0.12817006020554253,0.7831357042428897,398.29425229109756,381.031422147379,0.04430196696947495,0.9618578347611689,2.9033596612514265,0.007372414757794609,3875722300.0,3878524560.0,67053775.0,0.7223500839438197,395.31766180851946,272.7757049594633,-0.003803845938651605,0.4437280416329446,0,0.0010907827078858734
2021-06-10,395.64453125,396.5972121670287,393.7205285195885,395.0374479909109,51020100,387.7538623046875,350.60603515625,392.81439121014785,390.422073535997,385.62142655545057,0.004648380273695407,0.00463760991768765,74.77666423051205,2.3923176741508314,2.1802135818962123,0.21210409225461913,0.09823468798314194,0.6016129728272022,397.8231013014795,383.2024205491065,0.0374397003512262,1.4039757546775284,2.723902276270256,0.006884721160341467,3926742400.0,3883610460.0,62864230.0,0.8115919021039468,396.5972121670287,272.7757049594633,-0.002402137200670713,0.4504390385822519,0,-0.00387150120945845
2021-06-11,396.29833984375,396.41041324763955,394.90671424062083,396.1956153911513,45570800,388.2765197753906,350.99892013549805,393.35038330762507,390.8573525217565,386.0401290373446,0.001652515179937808,0.0016511512790990017,77.28547722895877,2.493030785868541,2.242777022690678,0.25025376317786296,0.09116052570783437,0.5609495520867811,398.05312504914474,384.2827727780037,0.03520317119382275,1.490271513078849,2.581135312439236,0.006513111595312031,3972313200.0,3885655200.0,59823070.0,0.7617596355385974,396.5972121670287,272.7757049594633,-0.0007535915889213153,0.4528359111110835,-1,-0.018930834541823205
